INFO  @ Fri, 28 Aug 2026 21:02:41: Parameters: /home/waqas/miniconda3/envs/crispr/bin/mageck test -k zhuang.count.txt -t Low_Surv_1,Low_Surv_2 -c Low_Ctrl_1,Low_Ctrl_2 -n low_rra_ctrlnorm --paired --control-sgrna nt_controls.txt --norm-method control 
INFO  @ Fri, 28 Aug 2026 21:02:41: Welcome to MAGeCK v0.5.9.5. Command: test 
INFO  @ Fri, 28 Aug 2026 21:02:41: Loading count table from zhuang.count.txt  
INFO  @ Fri, 28 Aug 2026 21:02:41: Processing 1 lines.. 
DEBUG @ Fri, 28 Aug 2026 21:02:41: Parsing error in line 1 (usually the header line). Skip this line. 
INFO  @ Fri, 28 Aug 2026 21:02:41: Processing 100001 lines.. 
INFO  @ Fri, 28 Aug 2026 21:02:41: Loaded 119461 records. 
INFO  @ Fri, 28 Aug 2026 21:02:41: 1000 out of 1000 control sgRNAs are found in count table. 
INFO  @ Fri, 28 Aug 2026 21:02:41: Loading Rnw template file: /home/waqas/miniconda3/envs/crispr/lib/python3.11/site-packages/mageck/test_report.Rmd. 
DEBUG @ Fri, 28 Aug 2026 21:02:41: Setting up the visualization module... 
INFO  @ Fri, 28 Aug 2026 21:02:41: Loading R template file: /home/waqas/miniconda3/envs/crispr/lib/python3.11/site-packages/mageck/plot_template.RTemplate. 
INFO  @ Fri, 28 Aug 2026 21:02:41: Loading R template file: /home/waqas/miniconda3/envs/crispr/lib/python3.11/site-packages/mageck/plot_template_indvgene.RTemplate. 
INFO  @ Fri, 28 Aug 2026 21:02:41: Loading Rnw template file: /home/waqas/miniconda3/envs/crispr/lib/python3.11/site-packages/mageck/plot_template.Rnw. 
DEBUG @ Fri, 28 Aug 2026 21:02:41: Setting up the visualization module... 
DEBUG @ Fri, 28 Aug 2026 21:02:41: Given sample labels: Low_Surv_1,Low_Surv_2 
DEBUG @ Fri, 28 Aug 2026 21:02:41: Converted index: 1 3 
INFO  @ Fri, 28 Aug 2026 21:02:41: Treatment samples:Low_Surv_1,Low_Surv_2 
INFO  @ Fri, 28 Aug 2026 21:02:41: Treatment sample index:1,3 
DEBUG @ Fri, 28 Aug 2026 21:02:41: Given sample labels: Low_Ctrl_1,Low_Ctrl_2 
DEBUG @ Fri, 28 Aug 2026 21:02:41: Converted index: 0 2 
INFO  @ Fri, 28 Aug 2026 21:02:41: Control samples:Low_Ctrl_1,Low_Ctrl_2 
INFO  @ Fri, 28 Aug 2026 21:02:41: Control sample index:0,2 
INFO  @ Fri, 28 Aug 2026 21:02:41: Loaded 1000 control sgRNAs from nt_controls.txt 
INFO  @ Fri, 28 Aug 2026 21:02:42: control sgRNAs for normalization:1000 
DEBUG @ Fri, 28 Aug 2026 21:02:42: Initial (total) size factor: 0.9492759771168662 1.1255536103889316 0.912479902898431 1.0392856884359551 
DEBUG @ Fri, 28 Aug 2026 21:02:42: Median factor: 0.9439695397299128 1.1145834796488558 0.9065243907650716 1.0340530908704846 
INFO  @ Fri, 28 Aug 2026 21:02:42: Final size factor: 0.9439695397299128 1.1145834796488558 0.9065243907650716 1.0340530908704846 
INFO  @ Fri, 28 Aug 2026 21:02:43: The updated negative control ID file is:low_rra_ctrlnorm.negctrl_ids.txt 
INFO  @ Fri, 28 Aug 2026 21:02:44: Detecting outliers from variance estimation.. Avg read count:[183.1020376988543], Var: [25683.395260336143] 
INFO  @ Fri, 28 Aug 2026 21:02:44: Skipping 1259 sgRNAs from variance calculation because of their extreme high counts (> 4* STD (mean counts) ). 
DEBUG @ Fri, 28 Aug 2026 21:02:44: Adjusted model: 1.0972600306438494	2.2118376302190628 
INFO  @ Fri, 28 Aug 2026 21:02:44: Before RRA, 368 sgRNAs are removed with zero counts in both group(s). 
INFO  @ Fri, 28 Aug 2026 21:02:45: Use qnorm to reversely calculate sgRNA scores ... 
DEBUG @ Fri, 28 Aug 2026 21:02:48: lower test FDR cutoff: 0.3618761370591145 
DEBUG @ Fri, 28 Aug 2026 21:02:49: higher test FDR cutoff: 0.35271678529808764 
INFO  @ Fri, 28 Aug 2026 21:02:49: Running command: RRA -i low_rra_ctrlnorm.plow.txt -o low_rra_ctrlnorm.gene.low.txt -p 0.3618761370591145 --control low_rra_ctrlnorm.negctrl_ids.txt --skip-gene NA --skip-gene na  
INFO  @ Fri, 28 Aug 2026 21:03:04: Command message: 
INFO  @ Fri, 28 Aug 2026 21:03:04:   Welcome to RRA v 0.5.9. 
INFO  @ Fri, 28 Aug 2026 21:03:04:   2001 control sequences loaded. 
INFO  @ Fri, 28 Aug 2026 21:03:04:   Skipping gene NA for permutation ... 
INFO  @ Fri, 28 Aug 2026 21:03:04:   Skipping gene na for permutation ... 
INFO  @ Fri, 28 Aug 2026 21:03:04:   Reading input file... 
INFO  @ Fri, 28 Aug 2026 21:03:04:   Summary: 238554 sgRNAs, 21697 genes, 1 lists; skipped sgRNAs:0 
INFO  @ Fri, 28 Aug 2026 21:03:04:   Computing lo-values for each group... 
INFO  @ Fri, 28 Aug 2026 21:03:04:   Skipping gene NonTargetingControlGuideForHuman_0611 for permutation ... 
INFO  @ Fri, 28 Aug 2026 21:03:04:   Skipping gene NonTargetingControlGuideForHuman_0065 for permutation ... 
INFO  @ Fri, 28 Aug 2026 21:03:04:   Skipping gene NonTargetingControlGuideForHuman_0548 for permutation ... 
INFO  @ Fri, 28 Aug 2026 21:03:04:   Skipping gene NonTargetingControlGuideForHuman_0399 for permutation ... 
INFO  @ Fri, 28 Aug 2026 21:03:04:   Skipping gene NonTargetingControlGuideForHuman_0672 for permutation ... 
INFO  @ Fri, 28 Aug 2026 21:03:04:   Skipping gene NonTargetingControlGuideForHuman_0730 for permutation ... 
INFO  @ Fri, 28 Aug 2026 21:03:04:   Skipping gene NonTargetingControlGuideForHuman_0861 for permutation ... 
INFO  @ Fri, 28 Aug 2026 21:03:04:   Skipping gene NonTargetingControlGuideForHuman_0174 for permutation ... 
INFO  @ Fri, 28 Aug 2026 21:03:04:   Skipping gene NonTargetingControlGuideForHuman_0735 for permutation ... 
INFO  @ Fri, 28 Aug 2026 21:03:04:   Skipping gene NonTargetingControlGuideForHuman_0149 for permutation ... 
INFO  @ Fri, 28 Aug 2026 21:03:04:   Skipping gene NonTargetingControlGuideForHuman_0233 for permutation ... 
INFO  @ Fri, 28 Aug 2026 21:03:04:   Skipping gene NonTargetingControlGuideForHuman_0564 for permutation ... 
INFO  @ Fri, 28 Aug 2026 21:03:04:   Skipping gene NonTargetingControlGuideForHuman_0405 for permutation ... 
INFO  @ Fri, 28 Aug 2026 21:03:04:   Skipping gene NonTargetingControlGuideForHuman_0030 for permutation ... 
INFO  @ Fri, 28 Aug 2026 21:03:04:   Skipping gene NonTargetingControlGuideForHuman_0963 for permutation ... 
INFO  @ Fri, 28 Aug 2026 21:03:04:   Skipping gene NonTargetingControlGuideForHuman_0127 for permutation ... 
INFO  @ Fri, 28 Aug 2026 21:03:04:   Skipping gene NonTargetingControlGuideForHuman_0826 for permutation ... 
INFO  @ Fri, 28 Aug 2026 21:03:04:   Skipping gene NonTargetingControlGuideForHuman_0694 for permutation ... 
INFO  @ Fri, 28 Aug 2026 21:03:04:   Skipping gene NonTargetingControlGuideForHuman_0487 for permutation ... 
INFO  @ Fri, 28 Aug 2026 21:03:04:   Skipping gene NonTargetingControlGuideForHuman_0560 for permutation ... 
INFO  @ Fri, 28 Aug 2026 21:03:04:   Skipping gene NonTargetingControlGuideForHuman_0043 for permutation ... 
INFO  @ Fri, 28 Aug 2026 21:03:04:   Skipping gene NonTargetingControlGuideForHuman_0434 for permutation ... 
INFO  @ Fri, 28 Aug 2026 21:03:04:   Skipping gene NonTargetingControlGuideForHuman_0752 for permutation ... 
INFO  @ Fri, 28 Aug 2026 21:03:04:   Skipping gene NonTargetingControlGuideForHuman_0321 for permutation ... 
INFO  @ Fri, 28 Aug 2026 21:03:04:   Skipping gene NonTargetingControlGuideForHuman_0618 for permutation ... 
INFO  @ Fri, 28 Aug 2026 21:03:04:   Skipping gene NonTargetingControlGuideForHuman_0845 for permutation ... 
INFO  @ Fri, 28 Aug 2026 21:03:04:   Skipping gene NonTargetingControlGuideForHuman_0255 for permutation ... 
INFO  @ Fri, 28 Aug 2026 21:03:04:   Skipping gene NonTargetingControlGuideForHuman_0100 for permutation ... 
INFO  @ Fri, 28 Aug 2026 21:03:04:   Skipping gene NonTargetingControlGuideForHuman_0637 for permutation ... 
INFO  @ Fri, 28 Aug 2026 21:03:04:   Skipping gene NonTargetingControlGuideForHuman_0135 for permutation ... 
INFO  @ Fri, 28 Aug 2026 21:03:04:   Skipping gene NonTargetingControlGuideForHuman_0588 for permutation ... 
INFO  @ Fri, 28 Aug 2026 21:03:04:   Skipping gene NonTargetingControlGuideForHuman_0571 for permutation ... 
INFO  @ Fri, 28 Aug 2026 21:03:04:   Skipping gene NonTargetingControlGuideForHuman_0234 for permutation ... 
INFO  @ Fri, 28 Aug 2026 21:03:04:   Skipping gene NonTargetingControlGuideForHuman_0706 for permutation ... 
INFO  @ Fri, 28 Aug 2026 21:03:04:   Skipping gene NonTargetingControlGuideForHuman_0713 for permutation ... 
INFO  @ Fri, 28 Aug 2026 21:03:04:   Skipping gene NonTargetingControlGuideForHuman_0470 for permutation ... 
INFO  @ Fri, 28 Aug 2026 21:03:04:   Skipping gene NonTargetingControlGuideForHuman_0029 for permutation ... 
INFO  @ Fri, 28 Aug 2026 21:03:04:   Skipping gene NonTargetingControlGuideForHuman_0152 for permutation ... 
INFO  @ Fri, 28 Aug 2026 21:03:04:   Skipping gene NonTargetingControlGuideForHuman_0225 for permutation ... 
INFO  @ Fri, 28 Aug 2026 21:03:04:   Skipping gene NonTargetingControlGuideForHuman_0352 for permutation ... 
INFO  @ Fri, 28 Aug 2026 21:03:04:   Skipping gene NonTargetingControlGuideForHuman_0973 for permutation ... 
INFO  @ Fri, 28 Aug 2026 21:03:04:   Skipping gene NonTargetingControlGuideForHuman_0165 for permutation ... 
INFO  @ Fri, 28 Aug 2026 21:03:04:   Skipping gene NonTargetingControlGuideForHuman_0767 for permutation ... 
INFO  @ Fri, 28 Aug 2026 21:03:04:   Skipping gene NonTargetingControlGuideForHuman_0113 for permutation ... 
INFO  @ Fri, 28 Aug 2026 21:03:04:   Skipping gene NonTargetingControlGuideForHuman_0105 for permutation ... 
INFO  @ Fri, 28 Aug 2026 21:03:04:   Skipping gene NonTargetingControlGuideForHuman_0712 for permutation ... 
INFO  @ Fri, 28 Aug 2026 21:03:04:   Skipping gene NonTargetingControlGuideForHuman_0503 for permutation ... 
INFO  @ Fri, 28 Aug 2026 21:03:04:   Skipping gene NonTargetingControlGuideForHuman_0739 for permutation ... 
INFO  @ Fri, 28 Aug 2026 21:03:04:   Skipping gene NonTargetingControlGuideForHuman_0863 for permutation ... 
INFO  @ Fri, 28 Aug 2026 21:03:04:   Skipping gene NonTargetingControlGuideForHuman_0150 for permutation ... 
INFO  @ Fri, 28 Aug 2026 21:03:04:   Skipping gene NonTargetingControlGuideForHuman_0587 for permutation ... 
INFO  @ Fri, 28 Aug 2026 21:03:04:   Skipping gene NonTargetingControlGuideForHuman_0812 for permutation ... 
INFO  @ Fri, 28 Aug 2026 21:03:04:   Skipping gene NonTargetingControlGuideForHuman_0868 for permutation ... 
INFO  @ Fri, 28 Aug 2026 21:03:04:   Skipping gene NonTargetingControlGuideForHuman_0251 for permutation ... 
INFO  @ Fri, 28 Aug 2026 21:03:04:   Skipping gene NonTargetingControlGuideForHuman_0357 for permutation ... 
INFO  @ Fri, 28 Aug 2026 21:03:04:   Skipping gene NonTargetingControlGuideForHuman_0655 for permutation ... 
INFO  @ Fri, 28 Aug 2026 21:03:04:   Skipping gene NonTargetingControlGuideForHuman_0386 for permutation ... 
INFO  @ Fri, 28 Aug 2026 21:03:04:   Skipping gene NonTargetingControlGuideForHuman_0236 for permutation ... 
INFO  @ Fri, 28 Aug 2026 21:03:04:   Skipping gene NonTargetingControlGuideForHuman_0442 for permutation ... 
INFO  @ Fri, 28 Aug 2026 21:03:04:   Skipping gene NonTargetingControlGuideForHuman_0888 for permutation ... 
INFO  @ Fri, 28 Aug 2026 21:03:04:   Skipping gene NonTargetingControlGuideForHuman_0785 for permutation ... 
INFO  @ Fri, 28 Aug 2026 21:03:04:   Skipping gene NonTargetingControlGuideForHuman_0664 for permutation ... 
INFO  @ Fri, 28 Aug 2026 21:03:04:   Skipping gene NonTargetingControlGuideForHuman_0139 for permutation ... 
INFO  @ Fri, 28 Aug 2026 21:03:04:   Skipping gene NonTargetingControlGuideForHuman_0069 for permutation ... 
INFO  @ Fri, 28 Aug 2026 21:03:04:   Skipping gene NonTargetingControlGuideForHuman_0569 for permutation ... 
INFO  @ Fri, 28 Aug 2026 21:03:04:   Skipping gene NonTargetingControlGuideForHuman_0388 for permutation ... 
INFO  @ Fri, 28 Aug 2026 21:03:04:   Skipping gene NonTargetingControlGuideForHuman_0163 for permutation ... 
INFO  @ Fri, 28 Aug 2026 21:03:04:   Skipping gene NonTargetingControlGuideForHuman_0307 for permutation ... 
INFO  @ Fri, 28 Aug 2026 21:03:04:   Skipping gene NonTargetingControlGuideForHuman_0604 for permutation ... 
INFO  @ Fri, 28 Aug 2026 21:03:04:   Skipping gene NonTargetingControlGuideForHuman_0079 for permutation ... 
INFO  @ Fri, 28 Aug 2026 21:03:04:   Skipping gene NonTargetingControlGuideForHuman_0202 for permutation ... 
INFO  @ Fri, 28 Aug 2026 21:03:04:   Skipping gene NonTargetingControlGuideForHuman_0521 for permutation ... 
INFO  @ Fri, 28 Aug 2026 21:03:04:   Skipping gene NonTargetingControlGuideForHuman_0393 for permutation ... 
INFO  @ Fri, 28 Aug 2026 21:03:04:   Skipping gene NonTargetingControlGuideForHuman_0506 for permutation ... 
INFO  @ Fri, 28 Aug 2026 21:03:04:   Skipping gene NonTargetingControlGuideForHuman_0698 for permutation ... 
INFO  @ Fri, 28 Aug 2026 21:03:04:   Skipping gene NonTargetingControlGuideForHuman_0010 for permutation ... 
INFO  @ Fri, 28 Aug 2026 21:03:04:   Skipping gene NonTargetingControlGuideForHuman_0722 for permutation ... 
INFO  @ Fri, 28 Aug 2026 21:03:04:   Skipping gene NonTargetingControlGuideForHuman_0550 for permutation ... 
INFO  @ Fri, 28 Aug 2026 21:03:04:   Skipping gene NonTargetingControlGuideForHuman_0840 for permutation ... 
INFO  @ Fri, 28 Aug 2026 21:03:04:   Skipping gene NonTargetingControlGuideForHuman_0158 for permutation ... 
INFO  @ Fri, 28 Aug 2026 21:03:04:   Skipping gene NonTargetingControlGuideForHuman_0424 for permutation ... 
INFO  @ Fri, 28 Aug 2026 21:03:04:   Skipping gene NonTargetingControlGuideForHuman_0026 for permutation ... 
INFO  @ Fri, 28 Aug 2026 21:03:04:   Skipping gene NonTargetingControlGuideForHuman_0813 for permutation ... 
INFO  @ Fri, 28 Aug 2026 21:03:04:   Skipping gene NonTargetingControlGuideForHuman_0286 for permutation ... 
INFO  @ Fri, 28 Aug 2026 21:03:04:   Skipping gene NonTargetingControlGuideForHuman_0264 for permutation ... 
INFO  @ Fri, 28 Aug 2026 21:03:04:   Skipping gene NonTargetingControlGuideForHuman_0217 for permutation ... 
INFO  @ Fri, 28 Aug 2026 21:03:04:   Skipping gene NonTargetingControlGuideForHuman_0277 for permutation ... 
INFO  @ Fri, 28 Aug 2026 21:03:04:   Skipping gene NonTargetingControlGuideForHuman_0916 for permutation ... 
INFO  @ Fri, 28 Aug 2026 21:03:04:   Skipping gene NonTargetingControlGuideForHuman_0024 for permutation ... 
INFO  @ Fri, 28 Aug 2026 21:03:04:   Skipping gene NonTargetingControlGuideForHuman_0576 for permutation ... 
INFO  @ Fri, 28 Aug 2026 21:03:04:   Skipping gene NonTargetingControlGuideForHuman_0519 for permutation ... 
INFO  @ Fri, 28 Aug 2026 21:03:04:   Skipping gene NonTargetingControlGuideForHuman_0007 for permutation ... 
INFO  @ Fri, 28 Aug 2026 21:03:04:   Skipping gene NonTargetingControlGuideForHuman_0057 for permutation ... 
INFO  @ Fri, 28 Aug 2026 21:03:04:   Skipping gene NonTargetingControlGuideForHuman_0699 for permutation ... 
INFO  @ Fri, 28 Aug 2026 21:03:04:   Skipping gene NonTargetingControlGuideForHuman_0480 for permutation ... 
INFO  @ Fri, 28 Aug 2026 21:03:04:   Skipping gene NonTargetingControlGuideForHuman_0609 for permutation ... 
INFO  @ Fri, 28 Aug 2026 21:03:04:   Skipping gene NonTargetingControlGuideForHuman_0518 for permutation ... 
INFO  @ Fri, 28 Aug 2026 21:03:04:   Skipping gene NonTargetingControlGuideForHuman_0883 for permutation ... 
INFO  @ Fri, 28 Aug 2026 21:03:04:   Skipping gene NonTargetingControlGuideForHuman_0675 for permutation ... 
INFO  @ Fri, 28 Aug 2026 21:03:04:   Skipping gene NonTargetingControlGuideForHuman_0636 for permutation ... 
INFO  @ Fri, 28 Aug 2026 21:03:04:   Skipping gene NonTargetingControlGuideForHuman_0591 for permutation ... 
INFO  @ Fri, 28 Aug 2026 21:03:04:   Skipping gene NonTargetingControlGuideForHuman_0450 for permutation ... 
INFO  @ Fri, 28 Aug 2026 21:03:04:   Skipping gene NonTargetingControlGuideForHuman_0097 for permutation ... 
INFO  @ Fri, 28 Aug 2026 21:03:04:   Skipping gene NonTargetingControlGuideForHuman_0806 for permutation ... 
INFO  @ Fri, 28 Aug 2026 21:03:04:   Skipping gene NonTargetingControlGuideForHuman_0194 for permutation ... 
INFO  @ Fri, 28 Aug 2026 21:03:04:   Skipping gene NonTargetingControlGuideForHuman_0070 for permutation ... 
INFO  @ Fri, 28 Aug 2026 21:03:04:   Skipping gene NonTargetingControlGuideForHuman_0522 for permutation ... 
INFO  @ Fri, 28 Aug 2026 21:03:04:   Skipping gene NonTargetingControlGuideForHuman_0598 for permutation ... 
INFO  @ Fri, 28 Aug 2026 21:03:04:   Skipping gene NonTargetingControlGuideForHuman_0119 for permutation ... 
INFO  @ Fri, 28 Aug 2026 21:03:04:   Skipping gene NonTargetingControlGuideForHuman_0189 for permutation ... 
INFO  @ Fri, 28 Aug 2026 21:03:04:   Skipping gene NonTargetingControlGuideForHuman_0732 for permutation ... 
INFO  @ Fri, 28 Aug 2026 21:03:04:   Skipping gene NonTargetingControlGuideForHuman_0200 for permutation ... 
INFO  @ Fri, 28 Aug 2026 21:03:04:   Skipping gene NonTargetingControlGuideForHuman_0579 for permutation ... 
INFO  @ Fri, 28 Aug 2026 21:03:04:   Skipping gene NonTargetingControlGuideForHuman_0293 for permutation ... 
INFO  @ Fri, 28 Aug 2026 21:03:04:   Skipping gene NonTargetingControlGuideForHuman_0669 for permutation ... 
INFO  @ Fri, 28 Aug 2026 21:03:04:   Skipping gene NonTargetingControlGuideForHuman_0146 for permutation ... 
INFO  @ Fri, 28 Aug 2026 21:03:04:   Skipping gene NonTargetingControlGuideForHuman_0948 for permutation ... 
INFO  @ Fri, 28 Aug 2026 21:03:04:   Skipping gene NonTargetingControlGuideForHuman_0354 for permutation ... 
INFO  @ Fri, 28 Aug 2026 21:03:04:   Skipping gene NonTargetingControlGuideForHuman_0837 for permutation ... 
INFO  @ Fri, 28 Aug 2026 21:03:04:   Skipping gene NonTargetingControlGuideForHuman_0423 for permutation ... 
INFO  @ Fri, 28 Aug 2026 21:03:04:   Skipping gene NonTargetingControlGuideForHuman_0939 for permutation ... 
INFO  @ Fri, 28 Aug 2026 21:03:04:   Skipping gene NonTargetingControlGuideForHuman_0599 for permutation ... 
INFO  @ Fri, 28 Aug 2026 21:03:04:   Skipping gene NonTargetingControlGuideForHuman_0954 for permutation ... 
INFO  @ Fri, 28 Aug 2026 21:03:04:   Skipping gene NonTargetingControlGuideForHuman_0387 for permutation ... 
INFO  @ Fri, 28 Aug 2026 21:03:04:   Skipping gene NonTargetingControlGuideForHuman_0073 for permutation ... 
INFO  @ Fri, 28 Aug 2026 21:03:04:   Skipping gene NonTargetingControlGuideForHuman_0412 for permutation ... 
INFO  @ Fri, 28 Aug 2026 21:03:04:   Skipping gene NonTargetingControlGuideForHuman_0574 for permutation ... 
INFO  @ Fri, 28 Aug 2026 21:03:04:   Skipping gene NonTargetingControlGuideForHuman_0882 for permutation ... 
INFO  @ Fri, 28 Aug 2026 21:03:04:   Skipping gene NonTargetingControlGuideForHuman_0257 for permutation ... 
INFO  @ Fri, 28 Aug 2026 21:03:04:   Skipping gene NonTargetingControlGuideForHuman_0358 for permutation ... 
INFO  @ Fri, 28 Aug 2026 21:03:04:   Skipping gene NonTargetingControlGuideForHuman_0985 for permutation ... 
INFO  @ Fri, 28 Aug 2026 21:03:04:   Skipping gene NonTargetingControlGuideForHuman_0630 for permutation ... 
INFO  @ Fri, 28 Aug 2026 21:03:04:   Skipping gene NonTargetingControlGuideForHuman_0133 for permutation ... 
INFO  @ Fri, 28 Aug 2026 21:03:04:   Skipping gene NonTargetingControlGuideForHuman_0296 for permutation ... 
INFO  @ Fri, 28 Aug 2026 21:03:04:   Skipping gene NonTargetingControlGuideForHuman_0795 for permutation ... 
INFO  @ Fri, 28 Aug 2026 21:03:04:   Skipping gene NonTargetingControlGuideForHuman_0742 for permutation ... 
INFO  @ Fri, 28 Aug 2026 21:03:04:   Skipping gene NonTargetingControlGuideForHuman_0436 for permutation ... 
INFO  @ Fri, 28 Aug 2026 21:03:04:   Skipping gene NonTargetingControlGuideForHuman_0278 for permutation ... 
INFO  @ Fri, 28 Aug 2026 21:03:04:   Skipping gene NonTargetingControlGuideForHuman_0258 for permutation ... 
INFO  @ Fri, 28 Aug 2026 21:03:04:   Skipping gene NonTargetingControlGuideForHuman_0289 for permutation ... 
INFO  @ Fri, 28 Aug 2026 21:03:04:   Skipping gene NonTargetingControlGuideForHuman_0764 for permutation ... 
INFO  @ Fri, 28 Aug 2026 21:03:04:   Skipping gene NonTargetingControlGuideForHuman_0570 for permutation ... 
INFO  @ Fri, 28 Aug 2026 21:03:04:   Skipping gene NonTargetingControlGuideForHuman_0132 for permutation ... 
INFO  @ Fri, 28 Aug 2026 21:03:04:   Skipping gene NonTargetingControlGuideForHuman_0016 for permutation ... 
INFO  @ Fri, 28 Aug 2026 21:03:04:   Skipping gene NonTargetingControlGuideForHuman_0283 for permutation ... 
INFO  @ Fri, 28 Aug 2026 21:03:04:   Skipping gene NonTargetingControlGuideForHuman_0529 for permutation ... 
INFO  @ Fri, 28 Aug 2026 21:03:04:   Skipping gene NonTargetingControlGuideForHuman_0471 for permutation ... 
INFO  @ Fri, 28 Aug 2026 21:03:04:   Skipping gene NonTargetingControlGuideForHuman_0317 for permutation ... 
INFO  @ Fri, 28 Aug 2026 21:03:04:   Skipping gene NonTargetingControlGuideForHuman_0505 for permutation ... 
INFO  @ Fri, 28 Aug 2026 21:03:04:   Skipping gene NonTargetingControlGuideForHuman_0702 for permutation ... 
INFO  @ Fri, 28 Aug 2026 21:03:04:   Skipping gene NonTargetingControlGuideForHuman_0516 for permutation ... 
INFO  @ Fri, 28 Aug 2026 21:03:04:   Skipping gene NonTargetingControlGuideForHuman_0491 for permutation ... 
INFO  @ Fri, 28 Aug 2026 21:03:04:   Skipping gene NonTargetingControlGuideForHuman_0374 for permutation ... 
INFO  @ Fri, 28 Aug 2026 21:03:04:   Skipping gene NonTargetingControlGuideForHuman_0213 for permutation ... 
INFO  @ Fri, 28 Aug 2026 21:03:04:   Skipping gene NonTargetingControlGuideForHuman_0608 for permutation ... 
INFO  @ Fri, 28 Aug 2026 21:03:04:   Skipping gene NonTargetingControlGuideForHuman_0780 for permutation ... 
INFO  @ Fri, 28 Aug 2026 21:03:04:   Skipping gene NonTargetingControlGuideForHuman_0414 for permutation ... 
INFO  @ Fri, 28 Aug 2026 21:03:04:   Skipping gene NonTargetingControlGuideForHuman_0389 for permutation ... 
INFO  @ Fri, 28 Aug 2026 21:03:04:   Skipping gene NonTargetingControlGuideForHuman_0270 for permutation ... 
INFO  @ Fri, 28 Aug 2026 21:03:04:   Skipping gene NonTargetingControlGuideForHuman_0676 for permutation ... 
INFO  @ Fri, 28 Aug 2026 21:03:04:   Skipping gene NonTargetingControlGuideForHuman_0635 for permutation ... 
INFO  @ Fri, 28 Aug 2026 21:03:04:   Skipping gene NonTargetingControlGuideForHuman_0982 for permutation ... 
INFO  @ Fri, 28 Aug 2026 21:03:04:   Skipping gene NonTargetingControlGuideForHuman_0325 for permutation ... 
INFO  @ Fri, 28 Aug 2026 21:03:04:   Skipping gene NonTargetingControlGuideForHuman_0348 for permutation ... 
INFO  @ Fri, 28 Aug 2026 21:03:04:   Skipping gene NonTargetingControlGuideForHuman_0156 for permutation ... 
INFO  @ Fri, 28 Aug 2026 21:03:04:   Skipping gene NonTargetingControlGuideForHuman_0175 for permutation ... 
INFO  @ Fri, 28 Aug 2026 21:03:04:   Skipping gene NonTargetingControlGuideForHuman_0593 for permutation ... 
INFO  @ Fri, 28 Aug 2026 21:03:04:   Skipping gene NonTargetingControlGuideForHuman_0514 for permutation ... 
INFO  @ Fri, 28 Aug 2026 21:03:04:   Skipping gene NonTargetingControlGuideForHuman_0551 for permutation ... 
INFO  @ Fri, 28 Aug 2026 21:03:04:   Skipping gene NonTargetingControlGuideForHuman_0674 for permutation ... 
INFO  @ Fri, 28 Aug 2026 21:03:04:   Skipping gene NonTargetingControlGuideForHuman_0440 for permutation ... 
INFO  @ Fri, 28 Aug 2026 21:03:04:   Skipping gene NonTargetingControlGuideForHuman_0279 for permutation ... 
INFO  @ Fri, 28 Aug 2026 21:03:04:   Skipping gene NonTargetingControlGuideForHuman_0958 for permutation ... 
INFO  @ Fri, 28 Aug 2026 21:03:04:   Skipping gene NonTargetingControlGuideForHuman_0168 for permutation ... 
INFO  @ Fri, 28 Aug 2026 21:03:04:   Skipping gene NonTargetingControlGuideForHuman_0919 for permutation ... 
INFO  @ Fri, 28 Aug 2026 21:03:04:   Skipping gene NonTargetingControlGuideForHuman_0390 for permutation ... 
INFO  @ Fri, 28 Aug 2026 21:03:04:   Skipping gene NonTargetingControlGuideForHuman_0666 for permutation ... 
INFO  @ Fri, 28 Aug 2026 21:03:04:   Skipping gene NonTargetingControlGuideForHuman_0915 for permutation ... 
INFO  @ Fri, 28 Aug 2026 21:03:04:   Skipping gene NonTargetingControlGuideForHuman_0740 for permutation ... 
INFO  @ Fri, 28 Aug 2026 21:03:04:   Skipping gene NonTargetingControlGuideForHuman_0802 for permutation ... 
INFO  @ Fri, 28 Aug 2026 21:03:04:   Skipping gene NonTargetingControlGuideForHuman_0783 for permutation ... 
INFO  @ Fri, 28 Aug 2026 21:03:04:   Skipping gene NonTargetingControlGuideForHuman_0025 for permutation ... 
INFO  @ Fri, 28 Aug 2026 21:03:04:   Skipping gene NonTargetingControlGuideForHuman_0229 for permutation ... 
INFO  @ Fri, 28 Aug 2026 21:03:04:   Skipping gene NonTargetingControlGuideForHuman_0857 for permutation ... 
INFO  @ Fri, 28 Aug 2026 21:03:04:   Skipping gene NonTargetingControlGuideForHuman_0784 for permutation ... 
INFO  @ Fri, 28 Aug 2026 21:03:04:   Skipping gene NonTargetingControlGuideForHuman_0681 for permutation ... 
INFO  @ Fri, 28 Aug 2026 21:03:04:   Skipping gene NonTargetingControlGuideForHuman_0285 for permutation ... 
INFO  @ Fri, 28 Aug 2026 21:03:04:   Skipping gene NonTargetingControlGuideForHuman_0058 for permutation ... 
INFO  @ Fri, 28 Aug 2026 21:03:04:   Skipping gene NonTargetingControlGuideForHuman_0590 for permutation ... 
INFO  @ Fri, 28 Aug 2026 21:03:04:   Skipping gene NonTargetingControlGuideForHuman_0298 for permutation ... 
INFO  @ Fri, 28 Aug 2026 21:03:04:   Skipping gene NonTargetingControlGuideForHuman_0776 for permutation ... 
INFO  @ Fri, 28 Aug 2026 21:03:04:   Skipping gene NonTargetingControlGuideForHuman_0582 for permutation ... 
INFO  @ Fri, 28 Aug 2026 21:03:04:   Skipping gene NonTargetingControlGuideForHuman_0206 for permutation ... 
INFO  @ Fri, 28 Aug 2026 21:03:04:   Skipping gene NonTargetingControlGuideForHuman_0974 for permutation ... 
INFO  @ Fri, 28 Aug 2026 21:03:04:   Skipping gene NonTargetingControlGuideForHuman_0898 for permutation ... 
INFO  @ Fri, 28 Aug 2026 21:03:04:   Skipping gene NonTargetingControlGuideForHuman_0656 for permutation ... 
INFO  @ Fri, 28 Aug 2026 21:03:04:   Skipping gene NonTargetingControlGuideForHuman_0310 for permutation ... 
INFO  @ Fri, 28 Aug 2026 21:03:04:   Skipping gene NonTargetingControlGuideForHuman_0053 for permutation ... 
INFO  @ Fri, 28 Aug 2026 21:03:04:   Skipping gene NonTargetingControlGuideForHuman_0336 for permutation ... 
INFO  @ Fri, 28 Aug 2026 21:03:04:   Skipping gene NonTargetingControlGuideForHuman_0495 for permutation ... 
INFO  @ Fri, 28 Aug 2026 21:03:04:   Skipping gene NonTargetingControlGuideForHuman_0937 for permutation ... 
INFO  @ Fri, 28 Aug 2026 21:03:04:   Skipping gene NonTargetingControlGuideForHuman_0104 for permutation ... 
INFO  @ Fri, 28 Aug 2026 21:03:04:   Skipping gene NonTargetingControlGuideForHuman_0075 for permutation ... 
INFO  @ Fri, 28 Aug 2026 21:03:04:   Skipping gene NonTargetingControlGuideForHuman_0099 for permutation ... 
INFO  @ Fri, 28 Aug 2026 21:03:04:   Skipping gene NonTargetingControlGuideForHuman_0557 for permutation ... 
INFO  @ Fri, 28 Aug 2026 21:03:04:   Skipping gene NonTargetingControlGuideForHuman_0797 for permutation ... 
INFO  @ Fri, 28 Aug 2026 21:03:04:   Skipping gene NonTargetingControlGuideForHuman_0758 for permutation ... 
INFO  @ Fri, 28 Aug 2026 21:03:04:   Skipping gene NonTargetingControlGuideForHuman_0335 for permutation ... 
INFO  @ Fri, 28 Aug 2026 21:03:04:   Skipping gene NonTargetingControlGuideForHuman_0125 for permutation ... 
INFO  @ Fri, 28 Aug 2026 21:03:04:   Skipping gene NonTargetingControlGuideForHuman_0347 for permutation ... 
INFO  @ Fri, 28 Aug 2026 21:03:04:   Skipping gene NonTargetingControlGuideForHuman_0867 for permutation ... 
INFO  @ Fri, 28 Aug 2026 21:03:04:   Skipping gene NonTargetingControlGuideForHuman_0887 for permutation ... 
INFO  @ Fri, 28 Aug 2026 21:03:04:   Skipping gene NonTargetingControlGuideForHuman_0644 for permutation ... 
INFO  @ Fri, 28 Aug 2026 21:03:04:   Skipping gene NonTargetingControlGuideForHuman_0431 for permutation ... 
INFO  @ Fri, 28 Aug 2026 21:03:04:   Skipping gene NonTargetingControlGuideForHuman_0082 for permutation ... 
INFO  @ Fri, 28 Aug 2026 21:03:04:   Skipping gene NonTargetingControlGuideForHuman_0541 for permutation ... 
INFO  @ Fri, 28 Aug 2026 21:03:04:   Skipping gene NonTargetingControlGuideForHuman_0778 for permutation ... 
INFO  @ Fri, 28 Aug 2026 21:03:04:   Skipping gene NonTargetingControlGuideForHuman_0259 for permutation ... 
INFO  @ Fri, 28 Aug 2026 21:03:04:   Skipping gene NonTargetingControlGuideForHuman_0885 for permutation ... 
INFO  @ Fri, 28 Aug 2026 21:03:04:   Skipping gene NonTargetingControlGuideForHuman_0394 for permutation ... 
INFO  @ Fri, 28 Aug 2026 21:03:04:   Skipping gene NonTargetingControlGuideForHuman_0871 for permutation ... 
INFO  @ Fri, 28 Aug 2026 21:03:04:   Skipping gene NonTargetingControlGuideForHuman_0622 for permutation ... 
INFO  @ Fri, 28 Aug 2026 21:03:04:   Skipping gene NonTargetingControlGuideForHuman_0640 for permutation ... 
INFO  @ Fri, 28 Aug 2026 21:03:04:   Skipping gene NonTargetingControlGuideForHuman_0890 for permutation ... 
INFO  @ Fri, 28 Aug 2026 21:03:04:   Skipping gene NonTargetingControlGuideForHuman_0448 for permutation ... 
INFO  @ Fri, 28 Aug 2026 21:03:04:   Skipping gene NonTargetingControlGuideForHuman_0035 for permutation ... 
INFO  @ Fri, 28 Aug 2026 21:03:04:   Skipping gene NonTargetingControlGuideForHuman_0705 for permutation ... 
INFO  @ Fri, 28 Aug 2026 21:03:04:   Skipping gene NonTargetingControlGuideForHuman_0577 for permutation ... 
INFO  @ Fri, 28 Aug 2026 21:03:04:   Skipping gene NonTargetingControlGuideForHuman_0671 for permutation ... 
INFO  @ Fri, 28 Aug 2026 21:03:04:   Skipping gene NonTargetingControlGuideForHuman_0038 for permutation ... 
INFO  @ Fri, 28 Aug 2026 21:03:04:   Skipping gene NonTargetingControlGuideForHuman_0763 for permutation ... 
INFO  @ Fri, 28 Aug 2026 21:03:04:   Skipping gene NonTargetingControlGuideForHuman_0711 for permutation ... 
INFO  @ Fri, 28 Aug 2026 21:03:04:   Skipping gene NonTargetingControlGuideForHuman_0983 for permutation ... 
INFO  @ Fri, 28 Aug 2026 21:03:04:   Skipping gene NonTargetingControlGuideForHuman_0489 for permutation ... 
INFO  @ Fri, 28 Aug 2026 21:03:04:   Skipping gene NonTargetingControlGuideForHuman_0881 for permutation ... 
INFO  @ Fri, 28 Aug 2026 21:03:04:   Skipping gene NonTargetingControlGuideForHuman_0786 for permutation ... 
INFO  @ Fri, 28 Aug 2026 21:03:04:   Skipping gene NonTargetingControlGuideForHuman_0220 for permutation ... 
INFO  @ Fri, 28 Aug 2026 21:03:04:   Skipping gene NonTargetingControlGuideForHuman_0223 for permutation ... 
INFO  @ Fri, 28 Aug 2026 21:03:04:   Skipping gene NonTargetingControlGuideForHuman_0810 for permutation ... 
INFO  @ Fri, 28 Aug 2026 21:03:04:   Skipping gene NonTargetingControlGuideForHuman_0862 for permutation ... 
INFO  @ Fri, 28 Aug 2026 21:03:04:   Skipping gene NonTargetingControlGuideForHuman_0134 for permutation ... 
INFO  @ Fri, 28 Aug 2026 21:03:04:   Skipping gene NonTargetingControlGuideForHuman_0482 for permutation ... 
INFO  @ Fri, 28 Aug 2026 21:03:04:   Skipping gene NonTargetingControlGuideForHuman_0304 for permutation ... 
INFO  @ Fri, 28 Aug 2026 21:03:04:   Skipping gene NonTargetingControlGuideForHuman_0320 for permutation ... 
INFO  @ Fri, 28 Aug 2026 21:03:04:   Skipping gene NonTargetingControlGuideForHuman_0221 for permutation ... 
INFO  @ Fri, 28 Aug 2026 21:03:04:   Skipping gene NonTargetingControlGuideForHuman_0003 for permutation ... 
INFO  @ Fri, 28 Aug 2026 21:03:04:   Skipping gene NonTargetingControlGuideForHuman_0197 for permutation ... 
INFO  @ Fri, 28 Aug 2026 21:03:04:   Skipping gene NonTargetingControlGuideForHuman_0761 for permutation ... 
INFO  @ Fri, 28 Aug 2026 21:03:04:   Skipping gene NonTargetingControlGuideForHuman_0509 for permutation ... 
INFO  @ Fri, 28 Aug 2026 21:03:04:   Skipping gene NonTargetingControlGuideForHuman_0048 for permutation ... 
INFO  @ Fri, 28 Aug 2026 21:03:04:   Skipping gene NonTargetingControlGuideForHuman_0866 for permutation ... 
INFO  @ Fri, 28 Aug 2026 21:03:04:   Skipping gene NonTargetingControlGuideForHuman_0956 for permutation ... 
INFO  @ Fri, 28 Aug 2026 21:03:04:   Skipping gene NonTargetingControlGuideForHuman_0677 for permutation ... 
INFO  @ Fri, 28 Aug 2026 21:03:04:   Skipping gene NonTargetingControlGuideForHuman_0930 for permutation ... 
INFO  @ Fri, 28 Aug 2026 21:03:04:   Skipping gene NonTargetingControlGuideForHuman_0589 for permutation ... 
INFO  @ Fri, 28 Aug 2026 21:03:04:   Skipping gene NonTargetingControlGuideForHuman_0707 for permutation ... 
INFO  @ Fri, 28 Aug 2026 21:03:04:   Skipping gene NonTargetingControlGuideForHuman_0250 for permutation ... 
INFO  @ Fri, 28 Aug 2026 21:03:04:   Skipping gene NonTargetingControlGuideForHuman_0091 for permutation ... 
INFO  @ Fri, 28 Aug 2026 21:03:04:   Skipping gene NonTargetingControlGuideForHuman_0012 for permutation ... 
INFO  @ Fri, 28 Aug 2026 21:03:04:   Skipping gene NonTargetingControlGuideForHuman_0077 for permutation ... 
INFO  @ Fri, 28 Aug 2026 21:03:04:   Skipping gene NonTargetingControlGuideForHuman_0834 for permutation ... 
INFO  @ Fri, 28 Aug 2026 21:03:04:   Skipping gene NonTargetingControlGuideForHuman_0441 for permutation ... 
INFO  @ Fri, 28 Aug 2026 21:03:04:   Skipping gene NonTargetingControlGuideForHuman_0413 for permutation ... 
INFO  @ Fri, 28 Aug 2026 21:03:04:   Skipping gene NonTargetingControlGuideForHuman_0627 for permutation ... 
INFO  @ Fri, 28 Aug 2026 21:03:04:   Skipping gene NonTargetingControlGuideForHuman_0291 for permutation ... 
INFO  @ Fri, 28 Aug 2026 21:03:04:   Skipping gene NonTargetingControlGuideForHuman_0036 for permutation ... 
INFO  @ Fri, 28 Aug 2026 21:03:04:   Skipping gene NonTargetingControlGuideForHuman_0718 for permutation ... 
INFO  @ Fri, 28 Aug 2026 21:03:04:   Skipping gene NonTargetingControlGuideForHuman_0607 for permutation ... 
INFO  @ Fri, 28 Aug 2026 21:03:04:   Skipping gene NonTargetingControlGuideForHuman_0772 for permutation ... 
INFO  @ Fri, 28 Aug 2026 21:03:04:   Skipping gene NonTargetingControlGuideForHuman_0290 for permutation ... 
INFO  @ Fri, 28 Aug 2026 21:03:04:   Skipping gene NonTargetingControlGuideForHuman_0513 for permutation ... 
INFO  @ Fri, 28 Aug 2026 21:03:04:   Skipping gene NonTargetingControlGuideForHuman_0728 for permutation ... 
INFO  @ Fri, 28 Aug 2026 21:03:04:   Skipping gene NonTargetingControlGuideForHuman_0183 for permutation ... 
INFO  @ Fri, 28 Aug 2026 21:03:04:   Skipping gene NonTargetingControlGuideForHuman_0891 for permutation ... 
INFO  @ Fri, 28 Aug 2026 21:03:04:   Skipping gene NonTargetingControlGuideForHuman_0839 for permutation ... 
INFO  @ Fri, 28 Aug 2026 21:03:04:   Skipping gene NonTargetingControlGuideForHuman_0345 for permutation ... 
INFO  @ Fri, 28 Aug 2026 21:03:04:   Skipping gene NonTargetingControlGuideForHuman_0465 for permutation ... 
INFO  @ Fri, 28 Aug 2026 21:03:04:   Skipping gene NonTargetingControlGuideForHuman_0704 for permutation ... 
INFO  @ Fri, 28 Aug 2026 21:03:04:   Skipping gene NonTargetingControlGuideForHuman_0756 for permutation ... 
INFO  @ Fri, 28 Aug 2026 21:03:04:   Skipping gene NonTargetingControlGuideForHuman_0769 for permutation ... 
INFO  @ Fri, 28 Aug 2026 21:03:04:   Skipping gene NonTargetingControlGuideForHuman_0086 for permutation ... 
INFO  @ Fri, 28 Aug 2026 21:03:04:   Skipping gene NonTargetingControlGuideForHuman_0047 for permutation ... 
INFO  @ Fri, 28 Aug 2026 21:03:04:   Skipping gene NonTargetingControlGuideForHuman_0240 for permutation ... 
INFO  @ Fri, 28 Aug 2026 21:03:04:   Skipping gene NonTargetingControlGuideForHuman_0835 for permutation ... 
INFO  @ Fri, 28 Aug 2026 21:03:04:   Skipping gene NonTargetingControlGuideForHuman_0696 for permutation ... 
INFO  @ Fri, 28 Aug 2026 21:03:04:   Skipping gene NonTargetingControlGuideForHuman_0821 for permutation ... 
INFO  @ Fri, 28 Aug 2026 21:03:04:   Skipping gene NonTargetingControlGuideForHuman_0210 for permutation ... 
INFO  @ Fri, 28 Aug 2026 21:03:04:   Skipping gene NonTargetingControlGuideForHuman_0798 for permutation ... 
INFO  @ Fri, 28 Aug 2026 21:03:04:   Skipping gene NonTargetingControlGuideForHuman_0161 for permutation ... 
INFO  @ Fri, 28 Aug 2026 21:03:04:   Skipping gene NonTargetingControlGuideForHuman_0340 for permutation ... 
INFO  @ Fri, 28 Aug 2026 21:03:04:   Skipping gene NonTargetingControlGuideForHuman_0411 for permutation ... 
INFO  @ Fri, 28 Aug 2026 21:03:04:   Skipping gene NonTargetingControlGuideForHuman_0847 for permutation ... 
INFO  @ Fri, 28 Aug 2026 21:03:04:   Skipping gene NonTargetingControlGuideForHuman_0874 for permutation ... 
INFO  @ Fri, 28 Aug 2026 21:03:04:   Skipping gene NonTargetingControlGuideForHuman_0980 for permutation ... 
INFO  @ Fri, 28 Aug 2026 21:03:04:   Skipping gene NonTargetingControlGuideForHuman_0140 for permutation ... 
INFO  @ Fri, 28 Aug 2026 21:03:04:   Skipping gene NonTargetingControlGuideForHuman_0716 for permutation ... 
INFO  @ Fri, 28 Aug 2026 21:03:04:   Skipping gene NonTargetingControlGuideForHuman_0643 for permutation ... 
INFO  @ Fri, 28 Aug 2026 21:03:04:   Skipping gene NonTargetingControlGuideForHuman_0049 for permutation ... 
INFO  @ Fri, 28 Aug 2026 21:03:04:   Skipping gene NonTargetingControlGuideForHuman_0999 for permutation ... 
INFO  @ Fri, 28 Aug 2026 21:03:04:   Skipping gene NonTargetingControlGuideForHuman_0833 for permutation ... 
INFO  @ Fri, 28 Aug 2026 21:03:04:   Skipping gene NonTargetingControlGuideForHuman_0754 for permutation ... 
INFO  @ Fri, 28 Aug 2026 21:03:04:   Skipping gene NonTargetingControlGuideForHuman_0708 for permutation ... 
INFO  @ Fri, 28 Aug 2026 21:03:04:   Skipping gene NonTargetingControlGuideForHuman_0967 for permutation ... 
INFO  @ Fri, 28 Aug 2026 21:03:04:   Skipping gene NonTargetingControlGuideForHuman_0979 for permutation ... 
INFO  @ Fri, 28 Aug 2026 21:03:04:   Skipping gene NonTargetingControlGuideForHuman_0391 for permutation ... 
INFO  @ Fri, 28 Aug 2026 21:03:04:   Skipping gene NonTargetingControlGuideForHuman_0248 for permutation ... 
INFO  @ Fri, 28 Aug 2026 21:03:04:   Skipping gene NonTargetingControlGuideForHuman_0884 for permutation ... 
INFO  @ Fri, 28 Aug 2026 21:03:04:   Skipping gene NonTargetingControlGuideForHuman_0314 for permutation ... 
INFO  @ Fri, 28 Aug 2026 21:03:04:   Skipping gene NonTargetingControlGuideForHuman_0159 for permutation ... 
INFO  @ Fri, 28 Aug 2026 21:03:04:   Skipping gene NonTargetingControlGuideForHuman_0068 for permutation ... 
INFO  @ Fri, 28 Aug 2026 21:03:04:   Skipping gene NonTargetingControlGuideForHuman_0691 for permutation ... 
INFO  @ Fri, 28 Aug 2026 21:03:04:   Skipping gene NonTargetingControlGuideForHuman_0700 for permutation ... 
INFO  @ Fri, 28 Aug 2026 21:03:04:   Skipping gene NonTargetingControlGuideForHuman_0245 for permutation ... 
INFO  @ Fri, 28 Aug 2026 21:03:04:   Skipping gene NonTargetingControlGuideForHuman_0838 for permutation ... 
INFO  @ Fri, 28 Aug 2026 21:03:04:   Skipping gene NonTargetingControlGuideForHuman_0346 for permutation ... 
INFO  @ Fri, 28 Aug 2026 21:03:04:   Skipping gene NonTargetingControlGuideForHuman_0343 for permutation ... 
INFO  @ Fri, 28 Aug 2026 21:03:04:   Skipping gene NonTargetingControlGuideForHuman_0765 for permutation ... 
INFO  @ Fri, 28 Aug 2026 21:03:04:   Skipping gene NonTargetingControlGuideForHuman_0300 for permutation ... 
INFO  @ Fri, 28 Aug 2026 21:03:04:   Skipping gene NonTargetingControlGuideForHuman_0615 for permutation ... 
INFO  @ Fri, 28 Aug 2026 21:03:04:   Skipping gene NonTargetingControlGuideForHuman_0027 for permutation ... 
INFO  @ Fri, 28 Aug 2026 21:03:04:   Skipping gene NonTargetingControlGuideForHuman_0262 for permutation ... 
INFO  @ Fri, 28 Aug 2026 21:03:04:   Skipping gene NonTargetingControlGuideForHuman_0684 for permutation ... 
INFO  @ Fri, 28 Aug 2026 21:03:04:   Skipping gene NonTargetingControlGuideForHuman_0594 for permutation ... 
INFO  @ Fri, 28 Aug 2026 21:03:04:   Skipping gene NonTargetingControlGuideForHuman_0501 for permutation ... 
INFO  @ Fri, 28 Aug 2026 21:03:04:   Skipping gene NonTargetingControlGuideForHuman_0193 for permutation ... 
INFO  @ Fri, 28 Aug 2026 21:03:04:   Skipping gene NonTargetingControlGuideForHuman_0256 for permutation ... 
INFO  @ Fri, 28 Aug 2026 21:03:04:   Skipping gene NonTargetingControlGuideForHuman_0805 for permutation ... 
INFO  @ Fri, 28 Aug 2026 21:03:04:   Skipping gene NonTargetingControlGuideForHuman_0445 for permutation ... 
INFO  @ Fri, 28 Aug 2026 21:03:04:   Skipping gene NonTargetingControlGuideForHuman_0195 for permutation ... 
INFO  @ Fri, 28 Aug 2026 21:03:04:   Skipping gene NonTargetingControlGuideForHuman_0368 for permutation ... 
INFO  @ Fri, 28 Aug 2026 21:03:04:   Skipping gene NonTargetingControlGuideForHuman_0653 for permutation ... 
INFO  @ Fri, 28 Aug 2026 21:03:04:   Skipping gene NonTargetingControlGuideForHuman_0129 for permutation ... 
INFO  @ Fri, 28 Aug 2026 21:03:04:   Skipping gene NonTargetingControlGuideForHuman_0613 for permutation ... 
INFO  @ Fri, 28 Aug 2026 21:03:04:   Skipping gene NonTargetingControlGuideForHuman_0033 for permutation ... 
INFO  @ Fri, 28 Aug 2026 21:03:04:   Skipping gene NonTargetingControlGuideForHuman_0061 for permutation ... 
INFO  @ Fri, 28 Aug 2026 21:03:04:   Skipping gene NonTargetingControlGuideForHuman_0328 for permutation ... 
INFO  @ Fri, 28 Aug 2026 21:03:04:   Skipping gene NonTargetingControlGuideForHuman_0040 for permutation ... 
INFO  @ Fri, 28 Aug 2026 21:03:04:   Skipping gene NonTargetingControlGuideForHuman_0037 for permutation ... 
INFO  @ Fri, 28 Aug 2026 21:03:04:   Skipping gene NonTargetingControlGuideForHuman_0875 for permutation ... 
INFO  @ Fri, 28 Aug 2026 21:03:04:   Skipping gene NonTargetingControlGuideForHuman_0770 for permutation ... 
INFO  @ Fri, 28 Aug 2026 21:03:04:   Skipping gene NonTargetingControlGuideForHuman_0492 for permutation ... 
INFO  @ Fri, 28 Aug 2026 21:03:04:   Skipping gene NonTargetingControlGuideForHuman_0280 for permutation ... 
INFO  @ Fri, 28 Aug 2026 21:03:04:   Skipping gene NonTargetingControlGuideForHuman_0420 for permutation ... 
INFO  @ Fri, 28 Aug 2026 21:03:04:   Skipping gene NonTargetingControlGuideForHuman_0497 for permutation ... 
INFO  @ Fri, 28 Aug 2026 21:03:04:   Skipping gene NonTargetingControlGuideForHuman_0108 for permutation ... 
INFO  @ Fri, 28 Aug 2026 21:03:04:   Skipping gene NonTargetingControlGuideForHuman_0965 for permutation ... 
INFO  @ Fri, 28 Aug 2026 21:03:04:   Skipping gene NonTargetingControlGuideForHuman_0695 for permutation ... 
INFO  @ Fri, 28 Aug 2026 21:03:04:   Skipping gene NonTargetingControlGuideForHuman_0142 for permutation ... 
INFO  @ Fri, 28 Aug 2026 21:03:04:   Skipping gene NonTargetingControlGuideForHuman_0064 for permutation ... 
INFO  @ Fri, 28 Aug 2026 21:03:04:   Skipping gene NonTargetingControlGuideForHuman_0023 for permutation ... 
INFO  @ Fri, 28 Aug 2026 21:03:04:   Skipping gene NonTargetingControlGuideForHuman_0921 for permutation ... 
INFO  @ Fri, 28 Aug 2026 21:03:04:   Skipping gene NonTargetingControlGuideForHuman_0209 for permutation ... 
INFO  @ Fri, 28 Aug 2026 21:03:04:   Skipping gene NonTargetingControlGuideForHuman_0486 for permutation ... 
INFO  @ Fri, 28 Aug 2026 21:03:04:   Skipping gene NonTargetingControlGuideForHuman_0087 for permutation ... 
INFO  @ Fri, 28 Aug 2026 21:03:04:   Skipping gene NonTargetingControlGuideForHuman_0709 for permutation ... 
INFO  @ Fri, 28 Aug 2026 21:03:04:   Skipping gene NonTargetingControlGuideForHuman_0463 for permutation ... 
INFO  @ Fri, 28 Aug 2026 21:03:04:   Skipping gene NonTargetingControlGuideForHuman_0537 for permutation ... 
INFO  @ Fri, 28 Aug 2026 21:03:04:   Skipping gene NonTargetingControlGuideForHuman_0456 for permutation ... 
INFO  @ Fri, 28 Aug 2026 21:03:04:   Skipping gene NonTargetingControlGuideForHuman_0171 for permutation ... 
INFO  @ Fri, 28 Aug 2026 21:03:04:   Skipping gene NonTargetingControlGuideForHuman_0543 for permutation ... 
INFO  @ Fri, 28 Aug 2026 21:03:04:   Skipping gene NonTargetingControlGuideForHuman_0022 for permutation ... 
INFO  @ Fri, 28 Aug 2026 21:03:04:   Skipping gene NonTargetingControlGuideForHuman_0005 for permutation ... 
INFO  @ Fri, 28 Aug 2026 21:03:04:   Skipping gene NonTargetingControlGuideForHuman_0616 for permutation ... 
INFO  @ Fri, 28 Aug 2026 21:03:04:   Skipping gene NonTargetingControlGuideForHuman_0782 for permutation ... 
INFO  @ Fri, 28 Aug 2026 21:03:04:   Skipping gene NonTargetingControlGuideForHuman_0633 for permutation ... 
INFO  @ Fri, 28 Aug 2026 21:03:04:   Skipping gene NonTargetingControlGuideForHuman_0528 for permutation ... 
INFO  @ Fri, 28 Aug 2026 21:03:04:   Skipping gene NonTargetingControlGuideForHuman_0817 for permutation ... 
INFO  @ Fri, 28 Aug 2026 21:03:04:   Skipping gene NonTargetingControlGuideForHuman_0305 for permutation ... 
INFO  @ Fri, 28 Aug 2026 21:03:04:   Skipping gene NonTargetingControlGuideForHuman_0859 for permutation ... 
INFO  @ Fri, 28 Aug 2026 21:03:04:   Skipping gene NonTargetingControlGuideForHuman_0327 for permutation ... 
INFO  @ Fri, 28 Aug 2026 21:03:04:   Skipping gene NonTargetingControlGuideForHuman_0558 for permutation ... 
INFO  @ Fri, 28 Aug 2026 21:03:04:   Skipping gene NonTargetingControlGuideForHuman_0941 for permutation ... 
INFO  @ Fri, 28 Aug 2026 21:03:04:   Skipping gene NonTargetingControlGuideForHuman_0494 for permutation ... 
INFO  @ Fri, 28 Aug 2026 21:03:04:   Skipping gene NonTargetingControlGuideForHuman_0926 for permutation ... 
INFO  @ Fri, 28 Aug 2026 21:03:04:   Skipping gene NonTargetingControlGuideForHuman_0318 for permutation ... 
INFO  @ Fri, 28 Aug 2026 21:03:04:   Skipping gene NonTargetingControlGuideForHuman_0067 for permutation ... 
INFO  @ Fri, 28 Aug 2026 21:03:04:   Skipping gene NonTargetingControlGuideForHuman_0620 for permutation ... 
INFO  @ Fri, 28 Aug 2026 21:03:04:   Skipping gene NonTargetingControlGuideForHuman_0814 for permutation ... 
INFO  @ Fri, 28 Aug 2026 21:03:04:   Skipping gene NonTargetingControlGuideForHuman_0126 for permutation ... 
INFO  @ Fri, 28 Aug 2026 21:03:04:   Skipping gene NonTargetingControlGuideForHuman_0344 for permutation ... 
INFO  @ Fri, 28 Aug 2026 21:03:04:   Skipping gene NonTargetingControlGuideForHuman_0222 for permutation ... 
INFO  @ Fri, 28 Aug 2026 21:03:04:   Skipping gene NonTargetingControlGuideForHuman_0410 for permutation ... 
INFO  @ Fri, 28 Aug 2026 21:03:04:   Skipping gene NonTargetingControlGuideForHuman_0263 for permutation ... 
INFO  @ Fri, 28 Aug 2026 21:03:04:   Skipping gene NonTargetingControlGuideForHuman_0460 for permutation ... 
INFO  @ Fri, 28 Aug 2026 21:03:04:   Skipping gene NonTargetingControlGuideForHuman_0428 for permutation ... 
INFO  @ Fri, 28 Aug 2026 21:03:04:   Skipping gene NonTargetingControlGuideForHuman_0181 for permutation ... 
INFO  @ Fri, 28 Aug 2026 21:03:04:   Skipping gene NonTargetingControlGuideForHuman_0397 for permutation ... 
INFO  @ Fri, 28 Aug 2026 21:03:04:   Skipping gene NonTargetingControlGuideForHuman_0799 for permutation ... 
INFO  @ Fri, 28 Aug 2026 21:03:04:   Skipping gene NonTargetingControlGuideForHuman_0870 for permutation ... 
INFO  @ Fri, 28 Aug 2026 21:03:04:   Skipping gene NonTargetingControlGuideForHuman_0182 for permutation ... 
INFO  @ Fri, 28 Aug 2026 21:03:04:   Skipping gene NonTargetingControlGuideForHuman_0466 for permutation ... 
INFO  @ Fri, 28 Aug 2026 21:03:04:   Skipping gene NonTargetingControlGuideForHuman_0922 for permutation ... 
INFO  @ Fri, 28 Aug 2026 21:03:04:   Skipping gene NonTargetingControlGuideForHuman_0122 for permutation ... 
INFO  @ Fri, 28 Aug 2026 21:03:04:   Skipping gene NonTargetingControlGuideForHuman_0170 for permutation ... 
INFO  @ Fri, 28 Aug 2026 21:03:04:   Skipping gene NonTargetingControlGuideForHuman_0970 for permutation ... 
INFO  @ Fri, 28 Aug 2026 21:03:04:   Skipping gene NonTargetingControlGuideForHuman_0031 for permutation ... 
INFO  @ Fri, 28 Aug 2026 21:03:04:   Skipping gene NonTargetingControlGuideForHuman_0901 for permutation ... 
INFO  @ Fri, 28 Aug 2026 21:03:04:   Skipping gene NonTargetingControlGuideForHuman_0216 for permutation ... 
INFO  @ Fri, 28 Aug 2026 21:03:04:   Skipping gene NonTargetingControlGuideForHuman_0724 for permutation ... 
INFO  @ Fri, 28 Aug 2026 21:03:04:   Skipping gene NonTargetingControlGuideForHuman_0361 for permutation ... 
INFO  @ Fri, 28 Aug 2026 21:03:04:   Skipping gene NonTargetingControlGuideForHuman_0157 for permutation ... 
INFO  @ Fri, 28 Aug 2026 21:03:04:   Skipping gene NonTargetingControlGuideForHuman_0370 for permutation ... 
INFO  @ Fri, 28 Aug 2026 21:03:04:   Skipping gene NonTargetingControlGuideForHuman_0562 for permutation ... 
INFO  @ Fri, 28 Aug 2026 21:03:04:   Skipping gene NonTargetingControlGuideForHuman_0596 for permutation ... 
INFO  @ Fri, 28 Aug 2026 21:03:04:   Skipping gene NonTargetingControlGuideForHuman_0601 for permutation ... 
INFO  @ Fri, 28 Aug 2026 21:03:04:   Skipping gene NonTargetingControlGuideForHuman_0096 for permutation ... 
INFO  @ Fri, 28 Aug 2026 21:03:04:   Skipping gene NonTargetingControlGuideForHuman_0342 for permutation ... 
INFO  @ Fri, 28 Aug 2026 21:03:04:   Skipping gene NonTargetingControlGuideForHuman_0333 for permutation ... 
INFO  @ Fri, 28 Aug 2026 21:03:04:   Skipping gene NonTargetingControlGuideForHuman_1000 for permutation ... 
INFO  @ Fri, 28 Aug 2026 21:03:04:   Skipping gene NonTargetingControlGuideForHuman_0309 for permutation ... 
INFO  @ Fri, 28 Aug 2026 21:03:04:   Skipping gene NonTargetingControlGuideForHuman_0743 for permutation ... 
INFO  @ Fri, 28 Aug 2026 21:03:04:   Skipping gene NonTargetingControlGuideForHuman_0265 for permutation ... 
INFO  @ Fri, 28 Aug 2026 21:03:04:   Skipping gene NonTargetingControlGuideForHuman_0600 for permutation ... 
INFO  @ Fri, 28 Aug 2026 21:03:04:   Skipping gene NonTargetingControlGuideForHuman_0933 for permutation ... 
INFO  @ Fri, 28 Aug 2026 21:03:04:   Skipping gene NonTargetingControlGuideForHuman_0556 for permutation ... 
INFO  @ Fri, 28 Aug 2026 21:03:04:   Skipping gene NonTargetingControlGuideForHuman_0103 for permutation ... 
INFO  @ Fri, 28 Aug 2026 21:03:04:   Skipping gene NonTargetingControlGuideForHuman_0751 for permutation ... 
INFO  @ Fri, 28 Aug 2026 21:03:04:   Skipping gene NonTargetingControlGuideForHuman_0334 for permutation ... 
INFO  @ Fri, 28 Aug 2026 21:03:04:   Skipping gene NonTargetingControlGuideForHuman_0771 for permutation ... 
INFO  @ Fri, 28 Aug 2026 21:03:04:   Skipping gene NonTargetingControlGuideForHuman_0478 for permutation ... 
INFO  @ Fri, 28 Aug 2026 21:03:04:   Skipping gene NonTargetingControlGuideForHuman_0533 for permutation ... 
INFO  @ Fri, 28 Aug 2026 21:03:04:   Skipping gene NonTargetingControlGuideForHuman_0367 for permutation ... 
INFO  @ Fri, 28 Aug 2026 21:03:04:   Skipping gene NonTargetingControlGuideForHuman_0697 for permutation ... 
INFO  @ Fri, 28 Aug 2026 21:03:04:   Skipping gene NonTargetingControlGuideForHuman_0658 for permutation ... 
INFO  @ Fri, 28 Aug 2026 21:03:04:   Skipping gene NonTargetingControlGuideForHuman_0886 for permutation ... 
INFO  @ Fri, 28 Aug 2026 21:03:04:   Skipping gene NonTargetingControlGuideForHuman_0339 for permutation ... 
INFO  @ Fri, 28 Aug 2026 21:03:04:   Skipping gene NonTargetingControlGuideForHuman_0792 for permutation ... 
INFO  @ Fri, 28 Aug 2026 21:03:04:   Skipping gene NonTargetingControlGuideForHuman_0512 for permutation ... 
INFO  @ Fri, 28 Aug 2026 21:03:04:   Skipping gene NonTargetingControlGuideForHuman_0842 for permutation ... 
INFO  @ Fri, 28 Aug 2026 21:03:04:   Skipping gene NonTargetingControlGuideForHuman_0568 for permutation ... 
INFO  @ Fri, 28 Aug 2026 21:03:04:   Skipping gene NonTargetingControlGuideForHuman_0800 for permutation ... 
INFO  @ Fri, 28 Aug 2026 21:03:04:   Skipping gene NonTargetingControlGuideForHuman_0725 for permutation ... 
INFO  @ Fri, 28 Aug 2026 21:03:04:   Skipping gene NonTargetingControlGuideForHuman_0917 for permutation ... 
INFO  @ Fri, 28 Aug 2026 21:03:04:   Skipping gene NonTargetingControlGuideForHuman_0469 for permutation ... 
INFO  @ Fri, 28 Aug 2026 21:03:04:   Skipping gene NonTargetingControlGuideForHuman_0745 for permutation ... 
INFO  @ Fri, 28 Aug 2026 21:03:04:   Skipping gene NonTargetingControlGuideForHuman_0500 for permutation ... 
INFO  @ Fri, 28 Aug 2026 21:03:04:   Skipping gene NonTargetingControlGuideForHuman_0094 for permutation ... 
INFO  @ Fri, 28 Aug 2026 21:03:04:   Skipping gene NonTargetingControlGuideForHuman_0204 for permutation ... 
INFO  @ Fri, 28 Aug 2026 21:03:04:   Skipping gene NonTargetingControlGuideForHuman_0957 for permutation ... 
INFO  @ Fri, 28 Aug 2026 21:03:04:   Skipping gene NonTargetingControlGuideForHuman_0815 for permutation ... 
INFO  @ Fri, 28 Aug 2026 21:03:04:   Skipping gene NonTargetingControlGuideForHuman_0435 for permutation ... 
INFO  @ Fri, 28 Aug 2026 21:03:04:   Skipping gene NonTargetingControlGuideForHuman_0451 for permutation ... 
INFO  @ Fri, 28 Aug 2026 21:03:04:   Skipping gene NonTargetingControlGuideForHuman_0796 for permutation ... 
INFO  @ Fri, 28 Aug 2026 21:03:04:   Skipping gene NonTargetingControlGuideForHuman_0212 for permutation ... 
INFO  @ Fri, 28 Aug 2026 21:03:04:   Skipping gene NonTargetingControlGuideForHuman_0877 for permutation ... 
INFO  @ Fri, 28 Aug 2026 21:03:04:   Skipping gene NonTargetingControlGuideForHuman_0619 for permutation ... 
INFO  @ Fri, 28 Aug 2026 21:03:04:   Skipping gene NonTargetingControlGuideForHuman_0673 for permutation ... 
INFO  @ Fri, 28 Aug 2026 21:03:04:   Skipping gene NonTargetingControlGuideForHuman_0526 for permutation ... 
INFO  @ Fri, 28 Aug 2026 21:03:04:   Skipping gene NonTargetingControlGuideForHuman_0101 for permutation ... 
INFO  @ Fri, 28 Aug 2026 21:03:04:   Skipping gene NonTargetingControlGuideForHuman_0369 for permutation ... 
INFO  @ Fri, 28 Aug 2026 21:03:04:   Skipping gene NonTargetingControlGuideForHuman_0531 for permutation ... 
INFO  @ Fri, 28 Aug 2026 21:03:04:   Skipping gene NonTargetingControlGuideForHuman_0219 for permutation ... 
INFO  @ Fri, 28 Aug 2026 21:03:04:   Skipping gene NonTargetingControlGuideForHuman_0021 for permutation ... 
INFO  @ Fri, 28 Aug 2026 21:03:04:   Skipping gene NonTargetingControlGuideForHuman_0791 for permutation ... 
INFO  @ Fri, 28 Aug 2026 21:03:04:   Skipping gene NonTargetingControlGuideForHuman_0415 for permutation ... 
INFO  @ Fri, 28 Aug 2026 21:03:04:   Skipping gene NonTargetingControlGuideForHuman_0382 for permutation ... 
INFO  @ Fri, 28 Aug 2026 21:03:04:   Skipping gene NonTargetingControlGuideForHuman_0893 for permutation ... 
INFO  @ Fri, 28 Aug 2026 21:03:04:   Skipping gene NonTargetingControlGuideForHuman_0991 for permutation ... 
INFO  @ Fri, 28 Aug 2026 21:03:04:   Skipping gene NonTargetingControlGuideForHuman_0381 for permutation ... 
INFO  @ Fri, 28 Aug 2026 21:03:04:   Skipping gene NonTargetingControlGuideForHuman_0372 for permutation ... 
INFO  @ Fri, 28 Aug 2026 21:03:04:   Skipping gene NonTargetingControlGuideForHuman_0034 for permutation ... 
INFO  @ Fri, 28 Aug 2026 21:03:04:   Skipping gene NonTargetingControlGuideForHuman_0536 for permutation ... 
INFO  @ Fri, 28 Aug 2026 21:03:04:   Skipping gene NonTargetingControlGuideForHuman_0326 for permutation ... 
INFO  @ Fri, 28 Aug 2026 21:03:04:   Skipping gene NonTargetingControlGuideForHuman_0238 for permutation ... 
INFO  @ Fri, 28 Aug 2026 21:03:04:   Skipping gene NonTargetingControlGuideForHuman_0162 for permutation ... 
INFO  @ Fri, 28 Aug 2026 21:03:04:   Skipping gene NonTargetingControlGuideForHuman_0846 for permutation ... 
INFO  @ Fri, 28 Aug 2026 21:03:04:   Skipping gene NonTargetingControlGuideForHuman_0873 for permutation ... 
INFO  @ Fri, 28 Aug 2026 21:03:04:   Skipping gene NonTargetingControlGuideForHuman_0646 for permutation ... 
INFO  @ Fri, 28 Aug 2026 21:03:04:   Skipping gene NonTargetingControlGuideForHuman_0832 for permutation ... 
INFO  @ Fri, 28 Aug 2026 21:03:04:   Skipping gene NonTargetingControlGuideForHuman_0938 for permutation ... 
INFO  @ Fri, 28 Aug 2026 21:03:04:   Skipping gene NonTargetingControlGuideForHuman_0955 for permutation ... 
INFO  @ Fri, 28 Aug 2026 21:03:04:   Skipping gene NonTargetingControlGuideForHuman_0566 for permutation ... 
INFO  @ Fri, 28 Aug 2026 21:03:04:   Skipping gene NonTargetingControlGuideForHuman_0360 for permutation ... 
INFO  @ Fri, 28 Aug 2026 21:03:04:   Skipping gene NonTargetingControlGuideForHuman_0398 for permutation ... 
INFO  @ Fri, 28 Aug 2026 21:03:04:   Skipping gene NonTargetingControlGuideForHuman_0715 for permutation ... 
INFO  @ Fri, 28 Aug 2026 21:03:04:   Skipping gene NonTargetingControlGuideForHuman_0051 for permutation ... 
INFO  @ Fri, 28 Aug 2026 21:03:04:   Skipping gene NonTargetingControlGuideForHuman_0464 for permutation ... 
INFO  @ Fri, 28 Aug 2026 21:03:04:   Skipping gene NonTargetingControlGuideForHuman_0164 for permutation ... 
INFO  @ Fri, 28 Aug 2026 21:03:04:   Skipping gene NonTargetingControlGuideForHuman_0905 for permutation ... 
INFO  @ Fri, 28 Aug 2026 21:03:04:   Skipping gene NonTargetingControlGuideForHuman_0020 for permutation ... 
INFO  @ Fri, 28 Aug 2026 21:03:04:   Skipping gene NonTargetingControlGuideForHuman_0322 for permutation ... 
INFO  @ Fri, 28 Aug 2026 21:03:04:   Skipping gene NonTargetingControlGuideForHuman_0341 for permutation ... 
INFO  @ Fri, 28 Aug 2026 21:03:04:   Skipping gene NonTargetingControlGuideForHuman_0693 for permutation ... 
INFO  @ Fri, 28 Aug 2026 21:03:04:   Skipping gene NonTargetingControlGuideForHuman_0179 for permutation ... 
INFO  @ Fri, 28 Aug 2026 21:03:04:   Skipping gene NonTargetingControlGuideForHuman_0790 for permutation ... 
INFO  @ Fri, 28 Aug 2026 21:03:04:   Skipping gene NonTargetingControlGuideForHuman_0544 for permutation ... 
INFO  @ Fri, 28 Aug 2026 21:03:04:   Skipping gene NonTargetingControlGuideForHuman_0123 for permutation ... 
INFO  @ Fri, 28 Aug 2026 21:03:04:   Skipping gene NonTargetingControlGuideForHuman_0167 for permutation ... 
INFO  @ Fri, 28 Aug 2026 21:03:04:   Skipping gene NonTargetingControlGuideForHuman_0254 for permutation ... 
INFO  @ Fri, 28 Aug 2026 21:03:04:   Skipping gene NonTargetingControlGuideForHuman_0848 for permutation ... 
INFO  @ Fri, 28 Aug 2026 21:03:04:   Skipping gene NonTargetingControlGuideForHuman_0015 for permutation ... 
INFO  @ Fri, 28 Aug 2026 21:03:04:   Skipping gene NonTargetingControlGuideForHuman_0665 for permutation ... 
INFO  @ Fri, 28 Aug 2026 21:03:04:   Skipping gene NonTargetingControlGuideForHuman_0710 for permutation ... 
INFO  @ Fri, 28 Aug 2026 21:03:04:   Skipping gene NonTargetingControlGuideForHuman_0621 for permutation ... 
INFO  @ Fri, 28 Aug 2026 21:03:04:   Skipping gene NonTargetingControlGuideForHuman_0542 for permutation ... 
INFO  @ Fri, 28 Aug 2026 21:03:04:   Skipping gene NonTargetingControlGuideForHuman_0950 for permutation ... 
INFO  @ Fri, 28 Aug 2026 21:03:04:   Skipping gene NonTargetingControlGuideForHuman_0017 for permutation ... 
INFO  @ Fri, 28 Aug 2026 21:03:04:   Skipping gene NonTargetingControlGuideForHuman_0090 for permutation ... 
INFO  @ Fri, 28 Aug 2026 21:03:04:   Skipping gene NonTargetingControlGuideForHuman_0427 for permutation ... 
INFO  @ Fri, 28 Aug 2026 21:03:04:   Skipping gene NonTargetingControlGuideForHuman_0686 for permutation ... 
INFO  @ Fri, 28 Aug 2026 21:03:04:   Skipping gene NonTargetingControlGuideForHuman_0989 for permutation ... 
INFO  @ Fri, 28 Aug 2026 21:03:04:   Skipping gene NonTargetingControlGuideForHuman_0384 for permutation ... 
INFO  @ Fri, 28 Aug 2026 21:03:04:   Skipping gene NonTargetingControlGuideForHuman_0968 for permutation ... 
INFO  @ Fri, 28 Aug 2026 21:03:04:   Skipping gene NonTargetingControlGuideForHuman_0981 for permutation ... 
INFO  @ Fri, 28 Aug 2026 21:03:04:   Skipping gene NonTargetingControlGuideForHuman_0490 for permutation ... 
INFO  @ Fri, 28 Aug 2026 21:03:04:   Skipping gene NonTargetingControlGuideForHuman_0143 for permutation ... 
INFO  @ Fri, 28 Aug 2026 21:03:04:   Skipping gene NonTargetingControlGuideForHuman_0110 for permutation ... 
INFO  @ Fri, 28 Aug 2026 21:03:04:   Skipping gene NonTargetingControlGuideForHuman_0639 for permutation ... 
INFO  @ Fri, 28 Aug 2026 21:03:04:   Skipping gene NonTargetingControlGuideForHuman_0356 for permutation ... 
INFO  @ Fri, 28 Aug 2026 21:03:04:   Skipping gene NonTargetingControlGuideForHuman_0380 for permutation ... 
INFO  @ Fri, 28 Aug 2026 21:03:04:   Skipping gene NonTargetingControlGuideForHuman_0111 for permutation ... 
INFO  @ Fri, 28 Aug 2026 21:03:04:   Skipping gene NonTargetingControlGuideForHuman_0726 for permutation ... 
INFO  @ Fri, 28 Aug 2026 21:03:04:   Skipping gene NonTargetingControlGuideForHuman_0120 for permutation ... 
INFO  @ Fri, 28 Aug 2026 21:03:04:   Skipping gene NonTargetingControlGuideForHuman_0115 for permutation ... 
INFO  @ Fri, 28 Aug 2026 21:03:04:   Skipping gene NonTargetingControlGuideForHuman_0147 for permutation ... 
INFO  @ Fri, 28 Aug 2026 21:03:04:   Skipping gene NonTargetingControlGuideForHuman_0001 for permutation ... 
INFO  @ Fri, 28 Aug 2026 21:03:04:   Skipping gene NonTargetingControlGuideForHuman_0504 for permutation ... 
INFO  @ Fri, 28 Aug 2026 21:03:04:   Skipping gene NonTargetingControlGuideForHuman_0701 for permutation ... 
INFO  @ Fri, 28 Aug 2026 21:03:04:   Skipping gene NonTargetingControlGuideForHuman_0301 for permutation ... 
INFO  @ Fri, 28 Aug 2026 21:03:04:   Skipping gene NonTargetingControlGuideForHuman_0071 for permutation ... 
INFO  @ Fri, 28 Aug 2026 21:03:04:   Skipping gene NonTargetingControlGuideForHuman_0124 for permutation ... 
INFO  @ Fri, 28 Aug 2026 21:03:04:   Skipping gene NonTargetingControlGuideForHuman_0572 for permutation ... 
INFO  @ Fri, 28 Aug 2026 21:03:04:   Skipping gene NonTargetingControlGuideForHuman_0592 for permutation ... 
INFO  @ Fri, 28 Aug 2026 21:03:04:   Skipping gene NonTargetingControlGuideForHuman_0294 for permutation ... 
INFO  @ Fri, 28 Aug 2026 21:03:04:   Skipping gene NonTargetingControlGuideForHuman_0496 for permutation ... 
INFO  @ Fri, 28 Aug 2026 21:03:04:   Skipping gene NonTargetingControlGuideForHuman_0555 for permutation ... 
INFO  @ Fri, 28 Aug 2026 21:03:04:   Skipping gene NonTargetingControlGuideForHuman_0733 for permutation ... 
INFO  @ Fri, 28 Aug 2026 21:03:04:   Skipping gene NonTargetingControlGuideForHuman_0479 for permutation ... 
INFO  @ Fri, 28 Aug 2026 21:03:04:   Skipping gene NonTargetingControlGuideForHuman_0721 for permutation ... 
INFO  @ Fri, 28 Aug 2026 21:03:04:   Skipping gene NonTargetingControlGuideForHuman_0172 for permutation ... 
INFO  @ Fri, 28 Aug 2026 21:03:04:   Skipping gene NonTargetingControlGuideForHuman_0396 for permutation ... 
INFO  @ Fri, 28 Aug 2026 21:03:04:   Skipping gene NonTargetingControlGuideForHuman_0869 for permutation ... 
INFO  @ Fri, 28 Aug 2026 21:03:04:   Skipping gene NonTargetingControlGuideForHuman_0912 for permutation ... 
INFO  @ Fri, 28 Aug 2026 21:03:04:   Skipping gene NonTargetingControlGuideForHuman_0527 for permutation ... 
INFO  @ Fri, 28 Aug 2026 21:03:04:   Skipping gene NonTargetingControlGuideForHuman_0781 for permutation ... 
INFO  @ Fri, 28 Aug 2026 21:03:04:   Skipping gene NonTargetingControlGuideForHuman_0844 for permutation ... 
INFO  @ Fri, 28 Aug 2026 21:03:04:   Skipping gene NonTargetingControlGuideForHuman_0433 for permutation ... 
INFO  @ Fri, 28 Aug 2026 21:03:04:   Skipping gene NonTargetingControlGuideForHuman_0323 for permutation ... 
INFO  @ Fri, 28 Aug 2026 21:03:04:   Skipping gene NonTargetingControlGuideForHuman_0455 for permutation ... 
INFO  @ Fri, 28 Aug 2026 21:03:04:   Skipping gene NonTargetingControlGuideForHuman_0723 for permutation ... 
INFO  @ Fri, 28 Aug 2026 21:03:04:   Skipping gene NonTargetingControlGuideForHuman_0246 for permutation ... 
INFO  @ Fri, 28 Aug 2026 21:03:04:   Skipping gene NonTargetingControlGuideForHuman_0946 for permutation ... 
INFO  @ Fri, 28 Aug 2026 21:03:04:   Skipping gene NonTargetingControlGuideForHuman_0371 for permutation ... 
INFO  @ Fri, 28 Aug 2026 21:03:04:   Skipping gene NonTargetingControlGuideForHuman_0903 for permutation ... 
INFO  @ Fri, 28 Aug 2026 21:03:04:   Skipping gene NonTargetingControlGuideForHuman_0148 for permutation ... 
INFO  @ Fri, 28 Aug 2026 21:03:04:   Skipping gene NonTargetingControlGuideForHuman_0602 for permutation ... 
INFO  @ Fri, 28 Aug 2026 21:03:04:   Skipping gene NonTargetingControlGuideForHuman_0631 for permutation ... 
INFO  @ Fri, 28 Aug 2026 21:03:04:   Skipping gene NonTargetingControlGuideForHuman_0966 for permutation ... 
INFO  @ Fri, 28 Aug 2026 21:03:04:   Skipping gene NonTargetingControlGuideForHuman_0703 for permutation ... 
INFO  @ Fri, 28 Aug 2026 21:03:04:   Skipping gene NonTargetingControlGuideForHuman_0019 for permutation ... 
INFO  @ Fri, 28 Aug 2026 21:03:04:   Skipping gene NonTargetingControlGuideForHuman_0534 for permutation ... 
INFO  @ Fri, 28 Aug 2026 21:03:04:   Skipping gene NonTargetingControlGuideForHuman_0515 for permutation ... 
INFO  @ Fri, 28 Aug 2026 21:03:04:   Skipping gene NonTargetingControlGuideForHuman_0690 for permutation ... 
INFO  @ Fri, 28 Aug 2026 21:03:04:   Skipping gene NonTargetingControlGuideForHuman_0198 for permutation ... 
INFO  @ Fri, 28 Aug 2026 21:03:04:   Skipping gene NonTargetingControlGuideForHuman_0879 for permutation ... 
INFO  @ Fri, 28 Aug 2026 21:03:04:   Skipping gene NonTargetingControlGuideForHuman_0638 for permutation ... 
INFO  @ Fri, 28 Aug 2026 21:03:04:   Skipping gene NonTargetingControlGuideForHuman_0654 for permutation ... 
INFO  @ Fri, 28 Aug 2026 21:03:04:   Skipping gene NonTargetingControlGuideForHuman_0392 for permutation ... 
INFO  @ Fri, 28 Aug 2026 21:03:04:   Skipping gene NonTargetingControlGuideForHuman_0215 for permutation ... 
INFO  @ Fri, 28 Aug 2026 21:03:04:   Skipping gene NonTargetingControlGuideForHuman_0267 for permutation ... 
INFO  @ Fri, 28 Aug 2026 21:03:04:   Skipping gene NonTargetingControlGuideForHuman_0734 for permutation ... 
INFO  @ Fri, 28 Aug 2026 21:03:04:   Skipping gene NonTargetingControlGuideForHuman_0093 for permutation ... 
INFO  @ Fri, 28 Aug 2026 21:03:04:   Skipping gene NonTargetingControlGuideForHuman_0830 for permutation ... 
INFO  @ Fri, 28 Aug 2026 21:03:04:   Skipping gene NonTargetingControlGuideForHuman_0567 for permutation ... 
INFO  @ Fri, 28 Aug 2026 21:03:04:   Skipping gene NonTargetingControlGuideForHuman_0947 for permutation ... 
INFO  @ Fri, 28 Aug 2026 21:03:04:   Skipping gene NonTargetingControlGuideForHuman_0986 for permutation ... 
INFO  @ Fri, 28 Aug 2026 21:03:04:   Skipping gene NonTargetingControlGuideForHuman_0559 for permutation ... 
INFO  @ Fri, 28 Aug 2026 21:03:04:   Skipping gene NonTargetingControlGuideForHuman_0425 for permutation ... 
INFO  @ Fri, 28 Aug 2026 21:03:04:   Skipping gene NonTargetingControlGuideForHuman_0281 for permutation ... 
INFO  @ Fri, 28 Aug 2026 21:03:04:   Skipping gene NonTargetingControlGuideForHuman_0578 for permutation ... 
INFO  @ Fri, 28 Aug 2026 21:03:04:   Skipping gene NonTargetingControlGuideForHuman_0083 for permutation ... 
INFO  @ Fri, 28 Aug 2026 21:03:04:   Skipping gene NonTargetingControlGuideForHuman_0808 for permutation ... 
INFO  @ Fri, 28 Aug 2026 21:03:04:   Skipping gene NonTargetingControlGuideForHuman_0585 for permutation ... 
INFO  @ Fri, 28 Aug 2026 21:03:04:   Skipping gene NonTargetingControlGuideForHuman_0860 for permutation ... 
INFO  @ Fri, 28 Aug 2026 21:03:04:   Skipping gene NonTargetingControlGuideForHuman_0605 for permutation ... 
INFO  @ Fri, 28 Aug 2026 21:03:04:   Skipping gene NonTargetingControlGuideForHuman_0474 for permutation ... 
INFO  @ Fri, 28 Aug 2026 21:03:04:   Skipping gene NonTargetingControlGuideForHuman_0403 for permutation ... 
INFO  @ Fri, 28 Aug 2026 21:03:04:   Skipping gene NonTargetingControlGuideForHuman_0959 for permutation ... 
INFO  @ Fri, 28 Aug 2026 21:03:04:   Skipping gene NonTargetingControlGuideForHuman_0573 for permutation ... 
INFO  @ Fri, 28 Aug 2026 21:03:04:   Skipping gene NonTargetingControlGuideForHuman_0287 for permutation ... 
INFO  @ Fri, 28 Aug 2026 21:03:04:   Skipping gene NonTargetingControlGuideForHuman_0680 for permutation ... 
INFO  @ Fri, 28 Aug 2026 21:03:04:   Skipping gene NonTargetingControlGuideForHuman_0943 for permutation ... 
INFO  @ Fri, 28 Aug 2026 21:03:04:   Skipping gene NonTargetingControlGuideForHuman_0324 for permutation ... 
INFO  @ Fri, 28 Aug 2026 21:03:04:   Skipping gene NonTargetingControlGuideForHuman_0823 for permutation ... 
INFO  @ Fri, 28 Aug 2026 21:03:04:   Skipping gene NonTargetingControlGuideForHuman_0865 for permutation ... 
INFO  @ Fri, 28 Aug 2026 21:03:04:   Skipping gene NonTargetingControlGuideForHuman_0227 for permutation ... 
INFO  @ Fri, 28 Aug 2026 21:03:04:   Skipping gene NonTargetingControlGuideForHuman_0855 for permutation ... 
INFO  @ Fri, 28 Aug 2026 21:03:04:   Skipping gene NonTargetingControlGuideForHuman_0972 for permutation ... 
INFO  @ Fri, 28 Aug 2026 21:03:04:   Skipping gene NonTargetingControlGuideForHuman_0379 for permutation ... 
INFO  @ Fri, 28 Aug 2026 21:03:04:   Skipping gene NonTargetingControlGuideForHuman_0312 for permutation ... 
INFO  @ Fri, 28 Aug 2026 21:03:04:   Skipping gene NonTargetingControlGuideForHuman_0018 for permutation ... 
INFO  @ Fri, 28 Aug 2026 21:03:04:   Skipping gene NonTargetingControlGuideForHuman_0205 for permutation ... 
INFO  @ Fri, 28 Aug 2026 21:03:04:   Skipping gene NonTargetingControlGuideForHuman_0880 for permutation ... 
INFO  @ Fri, 28 Aug 2026 21:03:04:   Skipping gene NonTargetingControlGuideForHuman_0060 for permutation ... 
INFO  @ Fri, 28 Aug 2026 21:03:04:   Skipping gene NonTargetingControlGuideForHuman_0854 for permutation ... 
INFO  @ Fri, 28 Aug 2026 21:03:04:   Skipping gene NonTargetingControlGuideForHuman_0971 for permutation ... 
INFO  @ Fri, 28 Aug 2026 21:03:04:   Skipping gene NonTargetingControlGuideForHuman_0807 for permutation ... 
INFO  @ Fri, 28 Aug 2026 21:03:04:   Skipping gene NonTargetingControlGuideForHuman_0995 for permutation ... 
INFO  @ Fri, 28 Aug 2026 21:03:04:   Skipping gene NonTargetingControlGuideForHuman_0116 for permutation ... 
INFO  @ Fri, 28 Aug 2026 21:03:04:   Skipping gene NonTargetingControlGuideForHuman_0306 for permutation ... 
INFO  @ Fri, 28 Aug 2026 21:03:04:   Skipping gene NonTargetingControlGuideForHuman_0429 for permutation ... 
INFO  @ Fri, 28 Aug 2026 21:03:04:   Skipping gene NonTargetingControlGuideForHuman_0935 for permutation ... 
INFO  @ Fri, 28 Aug 2026 21:03:04:   Skipping gene NonTargetingControlGuideForHuman_0044 for permutation ... 
INFO  @ Fri, 28 Aug 2026 21:03:04:   Skipping gene NonTargetingControlGuideForHuman_0395 for permutation ... 
INFO  @ Fri, 28 Aug 2026 21:03:04:   Skipping gene NonTargetingControlGuideForHuman_0641 for permutation ... 
INFO  @ Fri, 28 Aug 2026 21:03:04:   Skipping gene NonTargetingControlGuideForHuman_0239 for permutation ... 
INFO  @ Fri, 28 Aug 2026 21:03:04:   Skipping gene NonTargetingControlGuideForHuman_0303 for permutation ... 
INFO  @ Fri, 28 Aug 2026 21:03:04:   Skipping gene NonTargetingControlGuideForHuman_0169 for permutation ... 
INFO  @ Fri, 28 Aug 2026 21:03:04:   Skipping gene NonTargetingControlGuideForHuman_0014 for permutation ... 
INFO  @ Fri, 28 Aug 2026 21:03:04:   Skipping gene NonTargetingControlGuideForHuman_0961 for permutation ... 
INFO  @ Fri, 28 Aug 2026 21:03:04:   Skipping gene NonTargetingControlGuideForHuman_0154 for permutation ... 
INFO  @ Fri, 28 Aug 2026 21:03:04:   Skipping gene NonTargetingControlGuideForHuman_0892 for permutation ... 
INFO  @ Fri, 28 Aug 2026 21:03:04:   Skipping gene NonTargetingControlGuideForHuman_0634 for permutation ... 
INFO  @ Fri, 28 Aug 2026 21:03:04:   Skipping gene NonTargetingControlGuideForHuman_0775 for permutation ... 
INFO  @ Fri, 28 Aug 2026 21:03:04:   Skipping gene NonTargetingControlGuideForHuman_0276 for permutation ... 
INFO  @ Fri, 28 Aug 2026 21:03:04:   Skipping gene NonTargetingControlGuideForHuman_0408 for permutation ... 
INFO  @ Fri, 28 Aug 2026 21:03:04:   Skipping gene NonTargetingControlGuideForHuman_0563 for permutation ... 
INFO  @ Fri, 28 Aug 2026 21:03:04:   Skipping gene NonTargetingControlGuideForHuman_0750 for permutation ... 
INFO  @ Fri, 28 Aug 2026 21:03:04:   Skipping gene NonTargetingControlGuideForHuman_0801 for permutation ... 
INFO  @ Fri, 28 Aug 2026 21:03:04:   Skipping gene NonTargetingControlGuideForHuman_0166 for permutation ... 
INFO  @ Fri, 28 Aug 2026 21:03:04:   Skipping gene NonTargetingControlGuideForHuman_0632 for permutation ... 
INFO  @ Fri, 28 Aug 2026 21:03:04:   Skipping gene NonTargetingControlGuideForHuman_0836 for permutation ... 
INFO  @ Fri, 28 Aug 2026 21:03:04:   Skipping gene NonTargetingControlGuideForHuman_0661 for permutation ... 
INFO  @ Fri, 28 Aug 2026 21:03:04:   Skipping gene NonTargetingControlGuideForHuman_0349 for permutation ... 
INFO  @ Fri, 28 Aug 2026 21:03:04:   Skipping gene NonTargetingControlGuideForHuman_0359 for permutation ... 
INFO  @ Fri, 28 Aug 2026 21:03:04:   Skipping gene NonTargetingControlGuideForHuman_0549 for permutation ... 
INFO  @ Fri, 28 Aug 2026 21:03:04:   Skipping gene NonTargetingControlGuideForHuman_0366 for permutation ... 
INFO  @ Fri, 28 Aug 2026 21:03:04:   Skipping gene NonTargetingControlGuideForHuman_0449 for permutation ... 
INFO  @ Fri, 28 Aug 2026 21:03:04:   Skipping gene NonTargetingControlGuideForHuman_0662 for permutation ... 
INFO  @ Fri, 28 Aug 2026 21:03:04:   Skipping gene NonTargetingControlGuideForHuman_0595 for permutation ... 
INFO  @ Fri, 28 Aug 2026 21:03:04:   Skipping gene NonTargetingControlGuideForHuman_0911 for permutation ... 
INFO  @ Fri, 28 Aug 2026 21:03:04:   Skipping gene NonTargetingControlGuideForHuman_0924 for permutation ... 
INFO  @ Fri, 28 Aug 2026 21:03:04:   Skipping gene NonTargetingControlGuideForHuman_0586 for permutation ... 
INFO  @ Fri, 28 Aug 2026 21:03:04:   Skipping gene NonTargetingControlGuideForHuman_0462 for permutation ... 
INFO  @ Fri, 28 Aug 2026 21:03:04:   Skipping gene NonTargetingControlGuideForHuman_0121 for permutation ... 
INFO  @ Fri, 28 Aug 2026 21:03:04:   Skipping gene NonTargetingControlGuideForHuman_0153 for permutation ... 
INFO  @ Fri, 28 Aug 2026 21:03:04:   Skipping gene NonTargetingControlGuideForHuman_0208 for permutation ... 
INFO  @ Fri, 28 Aug 2026 21:03:04:   Skipping gene NonTargetingControlGuideForHuman_0678 for permutation ... 
INFO  @ Fri, 28 Aug 2026 21:03:04:   Skipping gene NonTargetingControlGuideForHuman_0467 for permutation ... 
INFO  @ Fri, 28 Aug 2026 21:03:04:   Skipping gene NonTargetingControlGuideForHuman_0517 for permutation ... 
INFO  @ Fri, 28 Aug 2026 21:03:04:   Skipping gene NonTargetingControlGuideForHuman_0819 for permutation ... 
INFO  @ Fri, 28 Aug 2026 21:03:04:   Skipping gene NonTargetingControlGuideForHuman_0953 for permutation ... 
INFO  @ Fri, 28 Aug 2026 21:03:04:   Skipping gene NonTargetingControlGuideForHuman_0858 for permutation ... 
INFO  @ Fri, 28 Aug 2026 21:03:04:   Skipping gene NonTargetingControlGuideForHuman_0145 for permutation ... 
INFO  @ Fri, 28 Aug 2026 21:03:04:   Skipping gene NonTargetingControlGuideForHuman_0092 for permutation ... 
INFO  @ Fri, 28 Aug 2026 21:03:04:   Skipping gene NonTargetingControlGuideForHuman_0102 for permutation ... 
INFO  @ Fri, 28 Aug 2026 21:03:04:   Skipping gene NonTargetingControlGuideForHuman_0580 for permutation ... 
INFO  @ Fri, 28 Aug 2026 21:03:04:   Skipping gene NonTargetingControlGuideForHuman_0789 for permutation ... 
INFO  @ Fri, 28 Aug 2026 21:03:04:   Skipping gene NonTargetingControlGuideForHuman_0928 for permutation ... 
INFO  @ Fri, 28 Aug 2026 21:03:04:   Skipping gene NonTargetingControlGuideForHuman_0913 for permutation ... 
INFO  @ Fri, 28 Aug 2026 21:03:04:   Skipping gene NonTargetingControlGuideForHuman_0364 for permutation ... 
INFO  @ Fri, 28 Aug 2026 21:03:04:   Skipping gene NonTargetingControlGuideForHuman_0685 for permutation ... 
INFO  @ Fri, 28 Aug 2026 21:03:04:   Skipping gene NonTargetingControlGuideForHuman_0422 for permutation ... 
INFO  @ Fri, 28 Aug 2026 21:03:04:   Skipping gene NonTargetingControlGuideForHuman_0535 for permutation ... 
INFO  @ Fri, 28 Aug 2026 21:03:04:   Skipping gene NonTargetingControlGuideForHuman_0617 for permutation ... 
INFO  @ Fri, 28 Aug 2026 21:03:04:   Skipping gene NonTargetingControlGuideForHuman_0768 for permutation ... 
INFO  @ Fri, 28 Aug 2026 21:03:04:   Skipping gene NonTargetingControlGuideForHuman_0787 for permutation ... 
INFO  @ Fri, 28 Aug 2026 21:03:04:   Skipping gene NonTargetingControlGuideForHuman_0996 for permutation ... 
INFO  @ Fri, 28 Aug 2026 21:03:04:   Skipping gene NonTargetingControlGuideForHuman_0657 for permutation ... 
INFO  @ Fri, 28 Aug 2026 21:03:04:   Skipping gene NonTargetingControlGuideForHuman_0419 for permutation ... 
INFO  @ Fri, 28 Aug 2026 21:03:04:   Skipping gene NonTargetingControlGuideForHuman_0432 for permutation ... 
INFO  @ Fri, 28 Aug 2026 21:03:04:   Skipping gene NonTargetingControlGuideForHuman_0050 for permutation ... 
INFO  @ Fri, 28 Aug 2026 21:03:04:   Skipping gene NonTargetingControlGuideForHuman_0457 for permutation ... 
INFO  @ Fri, 28 Aug 2026 21:03:04:   Skipping gene NonTargetingControlGuideForHuman_0416 for permutation ... 
INFO  @ Fri, 28 Aug 2026 21:03:04:   Skipping gene NonTargetingControlGuideForHuman_0089 for permutation ... 
INFO  @ Fri, 28 Aug 2026 21:03:04:   Skipping gene NonTargetingControlGuideForHuman_0130 for permutation ... 
INFO  @ Fri, 28 Aug 2026 21:03:04:   Skipping gene NonTargetingControlGuideForHuman_0292 for permutation ... 
INFO  @ Fri, 28 Aug 2026 21:03:04:   Skipping gene NonTargetingControlGuideForHuman_0417 for permutation ... 
INFO  @ Fri, 28 Aug 2026 21:03:04:   Skipping gene NonTargetingControlGuideForHuman_0651 for permutation ... 
INFO  @ Fri, 28 Aug 2026 21:03:04:   Skipping gene NonTargetingControlGuideForHuman_0112 for permutation ... 
INFO  @ Fri, 28 Aug 2026 21:03:04:   Skipping gene NonTargetingControlGuideForHuman_0188 for permutation ... 
INFO  @ Fri, 28 Aug 2026 21:03:04:   Skipping gene NonTargetingControlGuideForHuman_0759 for permutation ... 
INFO  @ Fri, 28 Aug 2026 21:03:04:   Skipping gene NonTargetingControlGuideForHuman_0788 for permutation ... 
INFO  @ Fri, 28 Aug 2026 21:03:04:   Skipping gene NonTargetingControlGuideForHuman_0749 for permutation ... 
INFO  @ Fri, 28 Aug 2026 21:03:04:   Skipping gene NonTargetingControlGuideForHuman_0561 for permutation ... 
INFO  @ Fri, 28 Aug 2026 21:03:04:   Skipping gene NonTargetingControlGuideForHuman_0218 for permutation ... 
INFO  @ Fri, 28 Aug 2026 21:03:04:   Skipping gene NonTargetingControlGuideForHuman_0990 for permutation ... 
INFO  @ Fri, 28 Aug 2026 21:03:04:   Skipping gene NonTargetingControlGuideForHuman_0927 for permutation ... 
INFO  @ Fri, 28 Aug 2026 21:03:04:   Skipping gene NonTargetingControlGuideForHuman_0692 for permutation ... 
INFO  @ Fri, 28 Aug 2026 21:03:04:   Skipping gene NonTargetingControlGuideForHuman_0176 for permutation ... 
INFO  @ Fri, 28 Aug 2026 21:03:04:   Skipping gene NonTargetingControlGuideForHuman_0729 for permutation ... 
INFO  @ Fri, 28 Aug 2026 21:03:04:   Skipping gene NonTargetingControlGuideForHuman_0375 for permutation ... 
INFO  @ Fri, 28 Aug 2026 21:03:04:   Skipping gene NonTargetingControlGuideForHuman_0829 for permutation ... 
INFO  @ Fri, 28 Aug 2026 21:03:04:   Skipping gene NonTargetingControlGuideForHuman_0645 for permutation ... 
INFO  @ Fri, 28 Aug 2026 21:03:04:   Skipping gene NonTargetingControlGuideForHuman_0606 for permutation ... 
INFO  @ Fri, 28 Aug 2026 21:03:04:   Skipping gene NonTargetingControlGuideForHuman_0045 for permutation ... 
INFO  @ Fri, 28 Aug 2026 21:03:04:   Skipping gene NonTargetingControlGuideForHuman_0831 for permutation ... 
INFO  @ Fri, 28 Aug 2026 21:03:04:   Skipping gene NonTargetingControlGuideForHuman_0128 for permutation ... 
INFO  @ Fri, 28 Aug 2026 21:03:04:   Skipping gene NonTargetingControlGuideForHuman_0910 for permutation ... 
INFO  @ Fri, 28 Aug 2026 21:03:04:   Skipping gene NonTargetingControlGuideForHuman_0581 for permutation ... 
INFO  @ Fri, 28 Aug 2026 21:03:04:   Skipping gene NonTargetingControlGuideForHuman_0063 for permutation ... 
INFO  @ Fri, 28 Aug 2026 21:03:04:   Skipping gene NonTargetingControlGuideForHuman_0748 for permutation ... 
INFO  @ Fri, 28 Aug 2026 21:03:04:   Skipping gene NonTargetingControlGuideForHuman_0350 for permutation ... 
INFO  @ Fri, 28 Aug 2026 21:03:04:   Skipping gene NonTargetingControlGuideForHuman_0762 for permutation ... 
INFO  @ Fri, 28 Aug 2026 21:03:04:   Skipping gene NonTargetingControlGuideForHuman_0418 for permutation ... 
INFO  @ Fri, 28 Aug 2026 21:03:04:   Skipping gene NonTargetingControlGuideForHuman_0824 for permutation ... 
INFO  @ Fri, 28 Aug 2026 21:03:04:   Skipping gene NonTargetingControlGuideForHuman_0909 for permutation ... 
INFO  @ Fri, 28 Aug 2026 21:03:04:   Skipping gene NonTargetingControlGuideForHuman_0046 for permutation ... 
INFO  @ Fri, 28 Aug 2026 21:03:04:   Skipping gene NonTargetingControlGuideForHuman_0612 for permutation ... 
INFO  @ Fri, 28 Aug 2026 21:03:04:   Skipping gene NonTargetingControlGuideForHuman_0284 for permutation ... 
INFO  @ Fri, 28 Aug 2026 21:03:04:   Skipping gene NonTargetingControlGuideForHuman_0269 for permutation ... 
INFO  @ Fri, 28 Aug 2026 21:03:04:   Skipping gene NonTargetingControlGuideForHuman_0275 for permutation ... 
INFO  @ Fri, 28 Aug 2026 21:03:04:   Skipping gene NonTargetingControlGuideForHuman_0498 for permutation ... 
INFO  @ Fri, 28 Aug 2026 21:03:04:   Skipping gene NonTargetingControlGuideForHuman_0683 for permutation ... 
INFO  @ Fri, 28 Aug 2026 21:03:04:   Skipping gene NonTargetingControlGuideForHuman_0313 for permutation ... 
INFO  @ Fri, 28 Aug 2026 21:03:04:   Skipping gene NonTargetingControlGuideForHuman_0085 for permutation ... 
INFO  @ Fri, 28 Aug 2026 21:03:04:   Skipping gene NonTargetingControlGuideForHuman_0363 for permutation ... 
INFO  @ Fri, 28 Aug 2026 21:03:04:   Skipping gene NonTargetingControlGuideForHuman_0362 for permutation ... 
INFO  @ Fri, 28 Aug 2026 21:03:04:   Skipping gene NonTargetingControlGuideForHuman_0934 for permutation ... 
INFO  @ Fri, 28 Aug 2026 21:03:04:   Skipping gene NonTargetingControlGuideForHuman_0373 for permutation ... 
INFO  @ Fri, 28 Aug 2026 21:03:04:   Skipping gene NonTargetingControlGuideForHuman_0565 for permutation ... 
INFO  @ Fri, 28 Aug 2026 21:03:04:   Skipping gene NonTargetingControlGuideForHuman_0524 for permutation ... 
INFO  @ Fri, 28 Aug 2026 21:03:04:   Skipping gene NonTargetingControlGuideForHuman_0151 for permutation ... 
INFO  @ Fri, 28 Aug 2026 21:03:04:   Skipping gene NonTargetingControlGuideForHuman_0106 for permutation ... 
INFO  @ Fri, 28 Aug 2026 21:03:04:   Skipping gene NonTargetingControlGuideForHuman_0243 for permutation ... 
INFO  @ Fri, 28 Aug 2026 21:03:04:   Skipping gene NonTargetingControlGuideForHuman_0904 for permutation ... 
INFO  @ Fri, 28 Aug 2026 21:03:04:   Skipping gene NonTargetingControlGuideForHuman_0409 for permutation ... 
INFO  @ Fri, 28 Aug 2026 21:03:04:   Skipping gene NonTargetingControlGuideForHuman_0720 for permutation ... 
INFO  @ Fri, 28 Aug 2026 21:03:04:   Skipping gene NonTargetingControlGuideForHuman_0984 for permutation ... 
INFO  @ Fri, 28 Aug 2026 21:03:04:   Skipping gene NonTargetingControlGuideForHuman_0430 for permutation ... 
INFO  @ Fri, 28 Aug 2026 21:03:04:   Skipping gene NonTargetingControlGuideForHuman_0477 for permutation ... 
INFO  @ Fri, 28 Aug 2026 21:03:04:   Skipping gene NonTargetingControlGuideForHuman_0642 for permutation ... 
INFO  @ Fri, 28 Aug 2026 21:03:04:   Skipping gene NonTargetingControlGuideForHuman_0196 for permutation ... 
INFO  @ Fri, 28 Aug 2026 21:03:04:   Skipping gene NonTargetingControlGuideForHuman_0719 for permutation ... 
INFO  @ Fri, 28 Aug 2026 21:03:04:   Skipping gene NonTargetingControlGuideForHuman_0406 for permutation ... 
INFO  @ Fri, 28 Aug 2026 21:03:04:   Skipping gene NonTargetingControlGuideForHuman_0203 for permutation ... 
INFO  @ Fri, 28 Aug 2026 21:03:04:   Skipping gene NonTargetingControlGuideForHuman_0931 for permutation ... 
INFO  @ Fri, 28 Aug 2026 21:03:04:   Skipping gene NonTargetingControlGuideForHuman_0330 for permutation ... 
INFO  @ Fri, 28 Aug 2026 21:03:04:   Skipping gene NonTargetingControlGuideForHuman_0896 for permutation ... 
INFO  @ Fri, 28 Aug 2026 21:03:04:   Skipping gene NonTargetingControlGuideForHuman_0583 for permutation ... 
INFO  @ Fri, 28 Aug 2026 21:03:04:   Skipping gene NonTargetingControlGuideForHuman_0629 for permutation ... 
INFO  @ Fri, 28 Aug 2026 21:03:04:   Skipping gene NonTargetingControlGuideForHuman_0273 for permutation ... 
INFO  @ Fri, 28 Aug 2026 21:03:04:   Skipping gene NonTargetingControlGuideForHuman_0777 for permutation ... 
INFO  @ Fri, 28 Aug 2026 21:03:04:   Skipping gene NonTargetingControlGuideForHuman_0095 for permutation ... 
INFO  @ Fri, 28 Aug 2026 21:03:04:   Skipping gene NonTargetingControlGuideForHuman_0818 for permutation ... 
INFO  @ Fri, 28 Aug 2026 21:03:04:   Skipping gene NonTargetingControlGuideForHuman_0652 for permutation ... 
INFO  @ Fri, 28 Aug 2026 21:03:04:   Skipping gene NonTargetingControlGuideForHuman_0648 for permutation ... 
INFO  @ Fri, 28 Aug 2026 21:03:04:   Skipping gene NonTargetingControlGuideForHuman_0315 for permutation ... 
INFO  @ Fri, 28 Aug 2026 21:03:04:   Skipping gene NonTargetingControlGuideForHuman_0976 for permutation ... 
INFO  @ Fri, 28 Aug 2026 21:03:04:   Skipping gene NonTargetingControlGuideForHuman_0997 for permutation ... 
INFO  @ Fri, 28 Aug 2026 21:03:04:   Skipping gene NonTargetingControlGuideForHuman_0214 for permutation ... 
INFO  @ Fri, 28 Aug 2026 21:03:04:   Skipping gene NonTargetingControlGuideForHuman_0117 for permutation ... 
INFO  @ Fri, 28 Aug 2026 21:03:04:   Skipping gene NonTargetingControlGuideForHuman_0546 for permutation ... 
INFO  @ Fri, 28 Aug 2026 21:03:04:   Skipping gene NonTargetingControlGuideForHuman_0297 for permutation ... 
INFO  @ Fri, 28 Aug 2026 21:03:04:   Skipping gene NonTargetingControlGuideForHuman_0235 for permutation ... 
INFO  @ Fri, 28 Aug 2026 21:03:04:   Skipping gene NonTargetingControlGuideForHuman_0472 for permutation ... 
INFO  @ Fri, 28 Aug 2026 21:03:04:   Skipping gene NonTargetingControlGuideForHuman_0078 for permutation ... 
INFO  @ Fri, 28 Aug 2026 21:03:04:   Skipping gene NonTargetingControlGuideForHuman_0816 for permutation ... 
INFO  @ Fri, 28 Aug 2026 21:03:04:   Skipping gene NonTargetingControlGuideForHuman_0962 for permutation ... 
INFO  @ Fri, 28 Aug 2026 21:03:04:   Skipping gene NonTargetingControlGuideForHuman_0774 for permutation ... 
INFO  @ Fri, 28 Aug 2026 21:03:04:   Skipping gene NonTargetingControlGuideForHuman_0540 for permutation ... 
INFO  @ Fri, 28 Aug 2026 21:03:04:   Skipping gene NonTargetingControlGuideForHuman_0894 for permutation ... 
INFO  @ Fri, 28 Aug 2026 21:03:04:   Skipping gene NonTargetingControlGuideForHuman_0714 for permutation ... 
INFO  @ Fri, 28 Aug 2026 21:03:04:   Skipping gene NonTargetingControlGuideForHuman_0794 for permutation ... 
INFO  @ Fri, 28 Aug 2026 21:03:04:   Skipping gene NonTargetingControlGuideForHuman_0107 for permutation ... 
INFO  @ Fri, 28 Aug 2026 21:03:04:   Skipping gene NonTargetingControlGuideForHuman_0311 for permutation ... 
INFO  @ Fri, 28 Aug 2026 21:03:04:   Skipping gene NonTargetingControlGuideForHuman_0207 for permutation ... 
INFO  @ Fri, 28 Aug 2026 21:03:04:   Skipping gene NonTargetingControlGuideForHuman_0039 for permutation ... 
INFO  @ Fri, 28 Aug 2026 21:03:04:   Skipping gene NonTargetingControlGuideForHuman_0920 for permutation ... 
INFO  @ Fri, 28 Aug 2026 21:03:04:   Skipping gene NonTargetingControlGuideForHuman_0331 for permutation ... 
INFO  @ Fri, 28 Aug 2026 21:03:04:   Skipping gene NonTargetingControlGuideForHuman_0056 for permutation ... 
INFO  @ Fri, 28 Aug 2026 21:03:04:   Skipping gene NonTargetingControlGuideForHuman_0098 for permutation ... 
INFO  @ Fri, 28 Aug 2026 21:03:04:   Skipping gene NonTargetingControlGuideForHuman_0383 for permutation ... 
INFO  @ Fri, 28 Aug 2026 21:03:04:   Skipping gene NonTargetingControlGuideForHuman_0191 for permutation ... 
INFO  @ Fri, 28 Aug 2026 21:03:04:   Skipping gene NonTargetingControlGuideForHuman_0773 for permutation ... 
INFO  @ Fri, 28 Aug 2026 21:03:04:   Skipping gene NonTargetingControlGuideForHuman_0547 for permutation ... 
INFO  @ Fri, 28 Aug 2026 21:03:04:   Skipping gene NonTargetingControlGuideForHuman_0841 for permutation ... 
INFO  @ Fri, 28 Aug 2026 21:03:04:   Skipping gene NonTargetingControlGuideForHuman_0895 for permutation ... 
INFO  @ Fri, 28 Aug 2026 21:03:04:   Skipping gene NonTargetingControlGuideForHuman_0337 for permutation ... 
INFO  @ Fri, 28 Aug 2026 21:03:04:   Skipping gene NonTargetingControlGuideForHuman_0510 for permutation ... 
INFO  @ Fri, 28 Aug 2026 21:03:04:   Skipping gene NonTargetingControlGuideForHuman_0688 for permutation ... 
INFO  @ Fri, 28 Aug 2026 21:03:04:   Skipping gene NonTargetingControlGuideForHuman_0809 for permutation ... 
INFO  @ Fri, 28 Aug 2026 21:03:04:   Skipping gene NonTargetingControlGuideForHuman_0923 for permutation ... 
INFO  @ Fri, 28 Aug 2026 21:03:04:   Skipping gene NonTargetingControlGuideForHuman_0400 for permutation ... 
INFO  @ Fri, 28 Aug 2026 21:03:04:   Skipping gene NonTargetingControlGuideForHuman_0072 for permutation ... 
INFO  @ Fri, 28 Aug 2026 21:03:04:   Skipping gene NonTargetingControlGuideForHuman_0747 for permutation ... 
INFO  @ Fri, 28 Aug 2026 21:03:04:   Skipping gene NonTargetingControlGuideForHuman_0062 for permutation ... 
INFO  @ Fri, 28 Aug 2026 21:03:04:   Skipping gene NonTargetingControlGuideForHuman_0987 for permutation ... 
INFO  @ Fri, 28 Aug 2026 21:03:04:   Skipping gene NonTargetingControlGuideForHuman_0803 for permutation ... 
INFO  @ Fri, 28 Aug 2026 21:03:04:   Skipping gene NonTargetingControlGuideForHuman_0520 for permutation ... 
INFO  @ Fri, 28 Aug 2026 21:03:04:   Skipping gene NonTargetingControlGuideForHuman_0746 for permutation ... 
INFO  @ Fri, 28 Aug 2026 21:03:04:   Skipping gene NonTargetingControlGuideForHuman_0401 for permutation ... 
INFO  @ Fri, 28 Aug 2026 21:03:04:   Skipping gene NonTargetingControlGuideForHuman_0114 for permutation ... 
INFO  @ Fri, 28 Aug 2026 21:03:04:   Skipping gene NonTargetingControlGuideForHuman_0437 for permutation ... 
INFO  @ Fri, 28 Aug 2026 21:03:04:   Skipping gene NonTargetingControlGuideForHuman_0900 for permutation ... 
INFO  @ Fri, 28 Aug 2026 21:03:04:   Skipping gene NonTargetingControlGuideForHuman_0059 for permutation ... 
INFO  @ Fri, 28 Aug 2026 21:03:04:   Skipping gene NonTargetingControlGuideForHuman_0351 for permutation ... 
INFO  @ Fri, 28 Aug 2026 21:03:04:   Skipping gene NonTargetingControlGuideForHuman_0889 for permutation ... 
INFO  @ Fri, 28 Aug 2026 21:03:04:   Skipping gene NonTargetingControlGuideForHuman_0268 for permutation ... 
INFO  @ Fri, 28 Aug 2026 21:03:04:   Skipping gene NonTargetingControlGuideForHuman_0155 for permutation ... 
INFO  @ Fri, 28 Aug 2026 21:03:04:   Skipping gene NonTargetingControlGuideForHuman_0041 for permutation ... 
INFO  @ Fri, 28 Aug 2026 21:03:04:   Skipping gene NonTargetingControlGuideForHuman_0439 for permutation ... 
INFO  @ Fri, 28 Aug 2026 21:03:04:   Skipping gene NonTargetingControlGuideForHuman_0757 for permutation ... 
INFO  @ Fri, 28 Aug 2026 21:03:04:   Skipping gene NonTargetingControlGuideForHuman_0811 for permutation ... 
INFO  @ Fri, 28 Aug 2026 21:03:04:   Skipping gene NonTargetingControlGuideForHuman_0247 for permutation ... 
INFO  @ Fri, 28 Aug 2026 21:03:04:   Skipping gene NonTargetingControlGuideForHuman_0969 for permutation ... 
INFO  @ Fri, 28 Aug 2026 21:03:04:   Skipping gene NonTargetingControlGuideForHuman_0476 for permutation ... 
INFO  @ Fri, 28 Aug 2026 21:03:04:   Skipping gene NonTargetingControlGuideForHuman_0404 for permutation ... 
INFO  @ Fri, 28 Aug 2026 21:03:04:   Skipping gene NonTargetingControlGuideForHuman_0009 for permutation ... 
INFO  @ Fri, 28 Aug 2026 21:03:04:   Skipping gene NonTargetingControlGuideForHuman_0402 for permutation ... 
INFO  @ Fri, 28 Aug 2026 21:03:04:   Skipping gene NonTargetingControlGuideForHuman_0940 for permutation ... 
INFO  @ Fri, 28 Aug 2026 21:03:04:   Skipping gene NonTargetingControlGuideForHuman_0988 for permutation ... 
INFO  @ Fri, 28 Aug 2026 21:03:04:   Skipping gene NonTargetingControlGuideForHuman_0552 for permutation ... 
INFO  @ Fri, 28 Aug 2026 21:03:04:   Skipping gene NonTargetingControlGuideForHuman_0453 for permutation ... 
INFO  @ Fri, 28 Aug 2026 21:03:04:   Skipping gene NonTargetingControlGuideForHuman_0199 for permutation ... 
INFO  @ Fri, 28 Aug 2026 21:03:04:   Skipping gene NonTargetingControlGuideForHuman_0614 for permutation ... 
INFO  @ Fri, 28 Aug 2026 21:03:04:   Skipping gene NonTargetingControlGuideForHuman_0507 for permutation ... 
INFO  @ Fri, 28 Aug 2026 21:03:04:   Skipping gene NonTargetingControlGuideForHuman_0610 for permutation ... 
INFO  @ Fri, 28 Aug 2026 21:03:04:   Skipping gene NonTargetingControlGuideForHuman_0964 for permutation ... 
INFO  @ Fri, 28 Aug 2026 21:03:04:   Skipping gene NonTargetingControlGuideForHuman_0822 for permutation ... 
INFO  @ Fri, 28 Aug 2026 21:03:04:   Skipping gene NonTargetingControlGuideForHuman_0727 for permutation ... 
INFO  @ Fri, 28 Aug 2026 21:03:04:   Skipping gene NonTargetingControlGuideForHuman_0488 for permutation ... 
INFO  @ Fri, 28 Aug 2026 21:03:04:   Skipping gene NonTargetingControlGuideForHuman_0302 for permutation ... 
INFO  @ Fri, 28 Aug 2026 21:03:04:   Skipping gene NonTargetingControlGuideForHuman_0454 for permutation ... 
INFO  @ Fri, 28 Aug 2026 21:03:04:   Skipping gene NonTargetingControlGuideForHuman_0253 for permutation ... 
INFO  @ Fri, 28 Aug 2026 21:03:04:   Skipping gene NonTargetingControlGuideForHuman_0626 for permutation ... 
INFO  @ Fri, 28 Aug 2026 21:03:04:   Skipping gene NonTargetingControlGuideForHuman_0028 for permutation ... 
INFO  @ Fri, 28 Aug 2026 21:03:04:   Skipping gene NonTargetingControlGuideForHuman_0378 for permutation ... 
INFO  @ Fri, 28 Aug 2026 21:03:04:   Skipping gene NonTargetingControlGuideForHuman_0925 for permutation ... 
INFO  @ Fri, 28 Aug 2026 21:03:04:   Skipping gene NonTargetingControlGuideForHuman_0443 for permutation ... 
INFO  @ Fri, 28 Aug 2026 21:03:04:   Skipping gene NonTargetingControlGuideForHuman_0187 for permutation ... 
INFO  @ Fri, 28 Aug 2026 21:03:04:   Skipping gene NonTargetingControlGuideForHuman_0385 for permutation ... 
INFO  @ Fri, 28 Aug 2026 21:03:04:   Skipping gene NonTargetingControlGuideForHuman_0260 for permutation ... 
INFO  @ Fri, 28 Aug 2026 21:03:04:   Skipping gene NonTargetingControlGuideForHuman_0271 for permutation ... 
INFO  @ Fri, 28 Aug 2026 21:03:04:   Skipping gene NonTargetingControlGuideForHuman_0144 for permutation ... 
INFO  @ Fri, 28 Aug 2026 21:03:04:   Skipping gene NonTargetingControlGuideForHuman_0180 for permutation ... 
INFO  @ Fri, 28 Aug 2026 21:03:04:   Skipping gene NonTargetingControlGuideForHuman_0852 for permutation ... 
INFO  @ Fri, 28 Aug 2026 21:03:04:   Skipping gene NonTargetingControlGuideForHuman_0929 for permutation ... 
INFO  @ Fri, 28 Aug 2026 21:03:04:   Skipping gene NonTargetingControlGuideForHuman_0160 for permutation ... 
INFO  @ Fri, 28 Aug 2026 21:03:04:   Skipping gene NonTargetingControlGuideForHuman_0744 for permutation ... 
INFO  @ Fri, 28 Aug 2026 21:03:04:   Skipping gene NonTargetingControlGuideForHuman_0942 for permutation ... 
INFO  @ Fri, 28 Aug 2026 21:03:04:   Skipping gene NonTargetingControlGuideForHuman_0485 for permutation ... 
INFO  @ Fri, 28 Aug 2026 21:03:04:   Skipping gene NonTargetingControlGuideForHuman_0499 for permutation ... 
INFO  @ Fri, 28 Aug 2026 21:03:04:   Skipping gene NonTargetingControlGuideForHuman_0760 for permutation ... 
INFO  @ Fri, 28 Aug 2026 21:03:04:   Skipping gene NonTargetingControlGuideForHuman_0952 for permutation ... 
INFO  @ Fri, 28 Aug 2026 21:03:04:   Skipping gene NonTargetingControlGuideForHuman_0249 for permutation ... 
INFO  @ Fri, 28 Aug 2026 21:03:04:   Skipping gene NonTargetingControlGuideForHuman_0828 for permutation ... 
INFO  @ Fri, 28 Aug 2026 21:03:04:   Skipping gene NonTargetingControlGuideForHuman_0553 for permutation ... 
INFO  @ Fri, 28 Aug 2026 21:03:04:   Skipping gene NonTargetingControlGuideForHuman_0458 for permutation ... 
INFO  @ Fri, 28 Aug 2026 21:03:04:   Skipping gene NonTargetingControlGuideForHuman_0914 for permutation ... 
INFO  @ Fri, 28 Aug 2026 21:03:04:   Skipping gene NonTargetingControlGuideForHuman_0737 for permutation ... 
INFO  @ Fri, 28 Aug 2026 21:03:04:   Skipping gene NonTargetingControlGuideForHuman_0978 for permutation ... 
INFO  @ Fri, 28 Aug 2026 21:03:04:   Skipping gene NonTargetingControlGuideForHuman_0584 for permutation ... 
INFO  @ Fri, 28 Aug 2026 21:03:04:   Skipping gene NonTargetingControlGuideForHuman_0993 for permutation ... 
INFO  @ Fri, 28 Aug 2026 21:03:04:   Skipping gene NonTargetingControlGuideForHuman_0055 for permutation ... 
INFO  @ Fri, 28 Aug 2026 21:03:04:   Skipping gene NonTargetingControlGuideForHuman_0649 for permutation ... 
INFO  @ Fri, 28 Aug 2026 21:03:04:   Skipping gene NonTargetingControlGuideForHuman_0438 for permutation ... 
INFO  @ Fri, 28 Aug 2026 21:03:04:   Skipping gene NonTargetingControlGuideForHuman_0856 for permutation ... 
INFO  @ Fri, 28 Aug 2026 21:03:04:   Skipping gene NonTargetingControlGuideForHuman_0244 for permutation ... 
INFO  @ Fri, 28 Aug 2026 21:03:04:   Skipping gene NonTargetingControlGuideForHuman_0977 for permutation ... 
INFO  @ Fri, 28 Aug 2026 21:03:04:   Skipping gene NonTargetingControlGuideForHuman_0353 for permutation ... 
INFO  @ Fri, 28 Aug 2026 21:03:04:   Skipping gene NonTargetingControlGuideForHuman_0820 for permutation ... 
INFO  @ Fri, 28 Aug 2026 21:03:04:   Skipping gene NonTargetingControlGuideForHuman_0137 for permutation ... 
INFO  @ Fri, 28 Aug 2026 21:03:04:   Skipping gene NonTargetingControlGuideForHuman_0252 for permutation ... 
INFO  @ Fri, 28 Aug 2026 21:03:04:   Skipping gene NonTargetingControlGuideForHuman_0088 for permutation ... 
INFO  @ Fri, 28 Aug 2026 21:03:04:   Skipping gene NonTargetingControlGuideForHuman_0186 for permutation ... 
INFO  @ Fri, 28 Aug 2026 21:03:04:   Skipping gene NonTargetingControlGuideForHuman_0054 for permutation ... 
INFO  @ Fri, 28 Aug 2026 21:03:04:   Skipping gene NonTargetingControlGuideForHuman_0042 for permutation ... 
INFO  @ Fri, 28 Aug 2026 21:03:04:   Skipping gene NonTargetingControlGuideForHuman_0288 for permutation ... 
INFO  @ Fri, 28 Aug 2026 21:03:04:   Skipping gene NonTargetingControlGuideForHuman_0272 for permutation ... 
INFO  @ Fri, 28 Aug 2026 21:03:04:   Skipping gene NonTargetingControlGuideForHuman_0407 for permutation ... 
INFO  @ Fri, 28 Aug 2026 21:03:04:   Skipping gene NonTargetingControlGuideForHuman_0177 for permutation ... 
INFO  @ Fri, 28 Aug 2026 21:03:04:   Skipping gene NonTargetingControlGuideForHuman_0232 for permutation ... 
INFO  @ Fri, 28 Aug 2026 21:03:04:   Skipping gene NonTargetingControlGuideForHuman_0308 for permutation ... 
INFO  @ Fri, 28 Aug 2026 21:03:04:   Skipping gene NonTargetingControlGuideForHuman_0918 for permutation ... 
INFO  @ Fri, 28 Aug 2026 21:03:04:   Skipping gene NonTargetingControlGuideForHuman_0530 for permutation ... 
INFO  @ Fri, 28 Aug 2026 21:03:04:   Skipping gene NonTargetingControlGuideForHuman_0426 for permutation ... 
INFO  @ Fri, 28 Aug 2026 21:03:04:   Skipping gene NonTargetingControlGuideForHuman_0004 for permutation ... 
INFO  @ Fri, 28 Aug 2026 21:03:04:   Skipping gene NonTargetingControlGuideForHuman_0032 for permutation ... 
INFO  @ Fri, 28 Aug 2026 21:03:04:   Skipping gene NonTargetingControlGuideForHuman_0192 for permutation ... 
INFO  @ Fri, 28 Aug 2026 21:03:04:   Skipping gene NonTargetingControlGuideForHuman_0864 for permutation ... 
INFO  @ Fri, 28 Aug 2026 21:03:04:   Skipping gene NonTargetingControlGuideForHuman_0851 for permutation ... 
INFO  @ Fri, 28 Aug 2026 21:03:04:   Skipping gene NonTargetingControlGuideForHuman_0597 for permutation ... 
INFO  @ Fri, 28 Aug 2026 21:03:04:   Skipping gene NonTargetingControlGuideForHuman_0190 for permutation ... 
INFO  @ Fri, 28 Aug 2026 21:03:04:   Skipping gene NonTargetingControlGuideForHuman_0011 for permutation ... 
INFO  @ Fri, 28 Aug 2026 21:03:04:   Skipping gene NonTargetingControlGuideForHuman_0545 for permutation ... 
INFO  @ Fri, 28 Aug 2026 21:03:04:   Skipping gene NonTargetingControlGuideForHuman_0080 for permutation ... 
INFO  @ Fri, 28 Aug 2026 21:03:04:   Skipping gene NonTargetingControlGuideForHuman_0659 for permutation ... 
INFO  @ Fri, 28 Aug 2026 21:03:04:   Skipping gene NonTargetingControlGuideForHuman_0679 for permutation ... 
INFO  @ Fri, 28 Aug 2026 21:03:04:   Skipping gene NonTargetingControlGuideForHuman_0184 for permutation ... 
INFO  @ Fri, 28 Aug 2026 21:03:04:   Skipping gene NonTargetingControlGuideForHuman_0825 for permutation ... 
INFO  @ Fri, 28 Aug 2026 21:03:04:   Skipping gene NonTargetingControlGuideForHuman_0376 for permutation ... 
INFO  @ Fri, 28 Aug 2026 21:03:04:   Skipping gene NonTargetingControlGuideForHuman_0266 for permutation ... 
INFO  @ Fri, 28 Aug 2026 21:03:04:   Skipping gene NonTargetingControlGuideForHuman_0109 for permutation ... 
INFO  @ Fri, 28 Aug 2026 21:03:04:   Skipping gene NonTargetingControlGuideForHuman_0444 for permutation ... 
INFO  @ Fri, 28 Aug 2026 21:03:04:   Skipping gene NonTargetingControlGuideForHuman_0237 for permutation ... 
INFO  @ Fri, 28 Aug 2026 21:03:04:   Skipping gene NonTargetingControlGuideForHuman_0741 for permutation ... 
INFO  @ Fri, 28 Aug 2026 21:03:04:   Skipping gene NonTargetingControlGuideForHuman_0052 for permutation ... 
INFO  @ Fri, 28 Aug 2026 21:03:04:   Skipping gene NonTargetingControlGuideForHuman_0951 for permutation ... 
INFO  @ Fri, 28 Aug 2026 21:03:04:   Skipping gene NonTargetingControlGuideForHuman_0447 for permutation ... 
INFO  @ Fri, 28 Aug 2026 21:03:04:   Skipping gene NonTargetingControlGuideForHuman_0689 for permutation ... 
INFO  @ Fri, 28 Aug 2026 21:03:04:   Skipping gene NonTargetingControlGuideForHuman_0960 for permutation ... 
INFO  @ Fri, 28 Aug 2026 21:03:04:   Skipping gene NonTargetingControlGuideForHuman_0338 for permutation ... 
INFO  @ Fri, 28 Aug 2026 21:03:04:   Skipping gene NonTargetingControlGuideForHuman_0660 for permutation ... 
INFO  @ Fri, 28 Aug 2026 21:03:04:   Skipping gene NonTargetingControlGuideForHuman_0484 for permutation ... 
INFO  @ Fri, 28 Aug 2026 21:03:04:   Skipping gene NonTargetingControlGuideForHuman_0907 for permutation ... 
INFO  @ Fri, 28 Aug 2026 21:03:04:   Skipping gene NonTargetingControlGuideForHuman_0523 for permutation ... 
INFO  @ Fri, 28 Aug 2026 21:03:04:   Skipping gene NonTargetingControlGuideForHuman_0603 for permutation ... 
INFO  @ Fri, 28 Aug 2026 21:03:04:   Skipping gene NonTargetingControlGuideForHuman_0074 for permutation ... 
INFO  @ Fri, 28 Aug 2026 21:03:04:   Skipping gene NonTargetingControlGuideForHuman_0002 for permutation ... 
INFO  @ Fri, 28 Aug 2026 21:03:04:   Skipping gene NonTargetingControlGuideForHuman_0902 for permutation ... 
INFO  @ Fri, 28 Aug 2026 21:03:04:   Skipping gene NonTargetingControlGuideForHuman_0319 for permutation ... 
INFO  @ Fri, 28 Aug 2026 21:03:04:   Skipping gene NonTargetingControlGuideForHuman_0173 for permutation ... 
INFO  @ Fri, 28 Aug 2026 21:03:04:   Skipping gene NonTargetingControlGuideForHuman_0625 for permutation ... 
INFO  @ Fri, 28 Aug 2026 21:03:04:   Skipping gene NonTargetingControlGuideForHuman_0998 for permutation ... 
INFO  @ Fri, 28 Aug 2026 21:03:04:   Skipping gene NonTargetingControlGuideForHuman_0936 for permutation ... 
INFO  @ Fri, 28 Aug 2026 21:03:04:   Skipping gene NonTargetingControlGuideForHuman_0793 for permutation ... 
INFO  @ Fri, 28 Aug 2026 21:03:04:   Skipping gene NonTargetingControlGuideForHuman_0461 for permutation ... 
INFO  @ Fri, 28 Aug 2026 21:03:04:   Skipping gene NonTargetingControlGuideForHuman_0736 for permutation ... 
INFO  @ Fri, 28 Aug 2026 21:03:04:   Skipping gene NonTargetingControlGuideForHuman_0804 for permutation ... 
INFO  @ Fri, 28 Aug 2026 21:03:04:   Skipping gene NonTargetingControlGuideForHuman_0178 for permutation ... 
INFO  @ Fri, 28 Aug 2026 21:03:04:   Skipping gene NonTargetingControlGuideForHuman_0667 for permutation ... 
INFO  @ Fri, 28 Aug 2026 21:03:04:   Skipping gene NonTargetingControlGuideForHuman_0211 for permutation ... 
INFO  @ Fri, 28 Aug 2026 21:03:04:   Skipping gene NonTargetingControlGuideForHuman_0647 for permutation ... 
INFO  @ Fri, 28 Aug 2026 21:03:04:   Skipping gene NonTargetingControlGuideForHuman_0136 for permutation ... 
INFO  @ Fri, 28 Aug 2026 21:03:04:   Skipping gene NonTargetingControlGuideForHuman_0468 for permutation ... 
INFO  @ Fri, 28 Aug 2026 21:03:04:   Skipping gene NonTargetingControlGuideForHuman_0299 for permutation ... 
INFO  @ Fri, 28 Aug 2026 21:03:04:   Skipping gene NonTargetingControlGuideForHuman_0779 for permutation ... 
INFO  @ Fri, 28 Aug 2026 21:03:04:   Skipping gene NonTargetingControlGuideForHuman_0459 for permutation ... 
INFO  @ Fri, 28 Aug 2026 21:03:04:   Skipping gene NonTargetingControlGuideForHuman_0481 for permutation ... 
INFO  @ Fri, 28 Aug 2026 21:03:04:   Skipping gene NonTargetingControlGuideForHuman_0066 for permutation ... 
INFO  @ Fri, 28 Aug 2026 21:03:04:   Skipping gene NonTargetingControlGuideForHuman_0843 for permutation ... 
INFO  @ Fri, 28 Aug 2026 21:03:04:   Skipping gene NonTargetingControlGuideForHuman_0475 for permutation ... 
INFO  @ Fri, 28 Aug 2026 21:03:04:   Skipping gene NonTargetingControlGuideForHuman_0131 for permutation ... 
INFO  @ Fri, 28 Aug 2026 21:03:04:   Skipping gene NonTargetingControlGuideForHuman_0332 for permutation ... 
INFO  @ Fri, 28 Aug 2026 21:03:04:   Skipping gene NonTargetingControlGuideForHuman_0084 for permutation ... 
INFO  @ Fri, 28 Aug 2026 21:03:04:   Skipping gene NonTargetingControlGuideForHuman_0932 for permutation ... 
INFO  @ Fri, 28 Aug 2026 21:03:04:   Skipping gene NonTargetingControlGuideForHuman_0827 for permutation ... 
INFO  @ Fri, 28 Aug 2026 21:03:04:   Skipping gene NonTargetingControlGuideForHuman_0575 for permutation ... 
INFO  @ Fri, 28 Aug 2026 21:03:04:   Skipping gene NonTargetingControlGuideForHuman_0473 for permutation ... 
INFO  @ Fri, 28 Aug 2026 21:03:04:   Skipping gene NonTargetingControlGuideForHuman_0008 for permutation ... 
INFO  @ Fri, 28 Aug 2026 21:03:04:   Skipping gene NonTargetingControlGuideForHuman_0992 for permutation ... 
INFO  @ Fri, 28 Aug 2026 21:03:04:   Skipping gene NonTargetingControlGuideForHuman_0650 for permutation ... 
INFO  @ Fri, 28 Aug 2026 21:03:04:   Skipping gene NonTargetingControlGuideForHuman_0949 for permutation ... 
INFO  @ Fri, 28 Aug 2026 21:03:04:   Skipping gene NonTargetingControlGuideForHuman_0682 for permutation ... 
INFO  @ Fri, 28 Aug 2026 21:03:04:   Skipping gene NonTargetingControlGuideForHuman_0897 for permutation ... 
INFO  @ Fri, 28 Aug 2026 21:03:04:   Skipping gene NonTargetingControlGuideForHuman_0876 for permutation ... 
INFO  @ Fri, 28 Aug 2026 21:03:04:   Skipping gene NonTargetingControlGuideForHuman_0141 for permutation ... 
INFO  @ Fri, 28 Aug 2026 21:03:04:   Skipping gene NonTargetingControlGuideForHuman_0006 for permutation ... 
INFO  @ Fri, 28 Aug 2026 21:03:04:   Skipping gene NonTargetingControlGuideForHuman_0446 for permutation ... 
INFO  @ Fri, 28 Aug 2026 21:03:04:   Skipping gene NonTargetingControlGuideForHuman_0944 for permutation ... 
INFO  @ Fri, 28 Aug 2026 21:03:04:   Skipping gene NonTargetingControlGuideForHuman_0377 for permutation ... 
INFO  @ Fri, 28 Aug 2026 21:03:04:   Skipping gene NonTargetingControlGuideForHuman_0850 for permutation ... 
INFO  @ Fri, 28 Aug 2026 21:03:04:   Skipping gene NonTargetingControlGuideForHuman_0554 for permutation ... 
INFO  @ Fri, 28 Aug 2026 21:03:04:   Skipping gene NonTargetingControlGuideForHuman_0975 for permutation ... 
INFO  @ Fri, 28 Aug 2026 21:03:04:   Skipping gene NonTargetingControlGuideForHuman_0624 for permutation ... 
INFO  @ Fri, 28 Aug 2026 21:03:04:   Skipping gene NonTargetingControlGuideForHuman_0899 for permutation ... 
INFO  @ Fri, 28 Aug 2026 21:03:04:   Skipping gene NonTargetingControlGuideForHuman_0201 for permutation ... 
INFO  @ Fri, 28 Aug 2026 21:03:04:   Skipping gene NonTargetingControlGuideForHuman_0483 for permutation ... 
INFO  @ Fri, 28 Aug 2026 21:03:04:   Skipping gene NonTargetingControlGuideForHuman_0853 for permutation ... 
INFO  @ Fri, 28 Aug 2026 21:03:04:   Skipping gene NonTargetingControlGuideForHuman_0906 for permutation ... 
INFO  @ Fri, 28 Aug 2026 21:03:04:   Skipping gene NonTargetingControlGuideForHuman_0231 for permutation ... 
INFO  @ Fri, 28 Aug 2026 21:03:04:   Skipping gene NonTargetingControlGuideForHuman_0282 for permutation ... 
INFO  @ Fri, 28 Aug 2026 21:03:04:   Skipping gene NonTargetingControlGuideForHuman_0118 for permutation ... 
INFO  @ Fri, 28 Aug 2026 21:03:04:   Skipping gene NonTargetingControlGuideForHuman_0241 for permutation ... 
INFO  @ Fri, 28 Aug 2026 21:03:04:   Skipping gene NonTargetingControlGuideForHuman_0355 for permutation ... 
INFO  @ Fri, 28 Aug 2026 21:03:04:   Skipping gene NonTargetingControlGuideForHuman_0185 for permutation ... 
INFO  @ Fri, 28 Aug 2026 21:03:04:   Skipping gene NonTargetingControlGuideForHuman_0753 for permutation ... 
INFO  @ Fri, 28 Aug 2026 21:03:04:   Skipping gene NonTargetingControlGuideForHuman_0663 for permutation ... 
INFO  @ Fri, 28 Aug 2026 21:03:04:   Skipping gene NonTargetingControlGuideForHuman_0994 for permutation ... 
INFO  @ Fri, 28 Aug 2026 21:03:04:   Skipping gene NonTargetingControlGuideForHuman_0766 for permutation ... 
INFO  @ Fri, 28 Aug 2026 21:03:04:   Skipping gene NonTargetingControlGuideForHuman_0731 for permutation ... 
INFO  @ Fri, 28 Aug 2026 21:03:04:   Skipping gene NonTargetingControlGuideForHuman_0081 for permutation ... 
INFO  @ Fri, 28 Aug 2026 21:03:04:   Skipping gene NonTargetingControlGuideForHuman_0511 for permutation ... 
INFO  @ Fri, 28 Aug 2026 21:03:04:   Skipping gene NonTargetingControlGuideForHuman_0274 for permutation ... 
INFO  @ Fri, 28 Aug 2026 21:03:04:   Skipping gene NonTargetingControlGuideForHuman_0717 for permutation ... 
INFO  @ Fri, 28 Aug 2026 21:03:04:   Skipping gene NonTargetingControlGuideForHuman_0908 for permutation ... 
INFO  @ Fri, 28 Aug 2026 21:03:04:   Skipping gene NonTargetingControlGuideForHuman_0138 for permutation ... 
INFO  @ Fri, 28 Aug 2026 21:03:04:   Skipping gene NonTargetingControlGuideForHuman_0013 for permutation ... 
INFO  @ Fri, 28 Aug 2026 21:03:04:   Skipping gene NonTargetingControlGuideForHuman_0421 for permutation ... 
INFO  @ Fri, 28 Aug 2026 21:03:04:   Skipping gene NonTargetingControlGuideForHuman_0623 for permutation ... 
INFO  @ Fri, 28 Aug 2026 21:03:04:   Skipping gene NonTargetingControlGuideForHuman_0670 for permutation ... 
INFO  @ Fri, 28 Aug 2026 21:03:04:   Skipping gene NonTargetingControlGuideForHuman_0228 for permutation ... 
INFO  @ Fri, 28 Aug 2026 21:03:04:   Skipping gene NonTargetingControlGuideForHuman_0295 for permutation ... 
INFO  @ Fri, 28 Aug 2026 21:03:04:   Skipping gene NonTargetingControlGuideForHuman_0365 for permutation ... 
INFO  @ Fri, 28 Aug 2026 21:03:04:   Skipping gene NonTargetingControlGuideForHuman_0538 for permutation ... 
INFO  @ Fri, 28 Aug 2026 21:03:04:   Skipping gene NonTargetingControlGuideForHuman_0452 for permutation ... 
INFO  @ Fri, 28 Aug 2026 21:03:04:   Skipping gene NonTargetingControlGuideForHuman_0493 for permutation ... 
INFO  @ Fri, 28 Aug 2026 21:03:04:   Skipping gene NonTargetingControlGuideForHuman_0242 for permutation ... 
INFO  @ Fri, 28 Aug 2026 21:03:04:   Skipping gene NonTargetingControlGuideForHuman_0945 for permutation ... 
INFO  @ Fri, 28 Aug 2026 21:03:04:   Skipping gene NonTargetingControlGuideForHuman_0532 for permutation ... 
INFO  @ Fri, 28 Aug 2026 21:03:04:   Skipping gene NonTargetingControlGuideForHuman_0329 for permutation ... 
INFO  @ Fri, 28 Aug 2026 21:03:04:   Skipping gene NonTargetingControlGuideForHuman_0755 for permutation ... 
INFO  @ Fri, 28 Aug 2026 21:03:04:   Skipping gene NonTargetingControlGuideForHuman_0525 for permutation ... 
INFO  @ Fri, 28 Aug 2026 21:03:04:   Skipping gene NonTargetingControlGuideForHuman_0076 for permutation ... 
INFO  @ Fri, 28 Aug 2026 21:03:04:   Skipping gene NonTargetingControlGuideForHuman_0508 for permutation ... 
INFO  @ Fri, 28 Aug 2026 21:03:04:   Skipping gene NonTargetingControlGuideForHuman_0226 for permutation ... 
INFO  @ Fri, 28 Aug 2026 21:03:04:   Skipping gene NonTargetingControlGuideForHuman_0738 for permutation ... 
INFO  @ Fri, 28 Aug 2026 21:03:04:   Skipping gene NonTargetingControlGuideForHuman_0224 for permutation ... 
INFO  @ Fri, 28 Aug 2026 21:03:04:   Skipping gene NonTargetingControlGuideForHuman_0316 for permutation ... 
INFO  @ Fri, 28 Aug 2026 21:03:04:   Skipping gene NonTargetingControlGuideForHuman_0687 for permutation ... 
INFO  @ Fri, 28 Aug 2026 21:03:04:   Skipping gene NonTargetingControlGuideForHuman_0849 for permutation ... 
INFO  @ Fri, 28 Aug 2026 21:03:04:   Skipping gene NonTargetingControlGuideForHuman_0502 for permutation ... 
INFO  @ Fri, 28 Aug 2026 21:03:04:   Skipping gene NonTargetingControlGuideForHuman_0668 for permutation ... 
INFO  @ Fri, 28 Aug 2026 21:03:04:   Skipping gene NonTargetingControlGuideForHuman_0261 for permutation ... 
INFO  @ Fri, 28 Aug 2026 21:03:04:   Skipping gene NonTargetingControlGuideForHuman_0628 for permutation ... 
INFO  @ Fri, 28 Aug 2026 21:03:04:   Skipping gene NonTargetingControlGuideForHuman_0872 for permutation ... 
INFO  @ Fri, 28 Aug 2026 21:03:04:   Skipping gene NonTargetingControlGuideForHuman_0230 for permutation ... 
INFO  @ Fri, 28 Aug 2026 21:03:04:   Skipping gene NonTargetingControlGuideForHuman_0878 for permutation ... 
INFO  @ Fri, 28 Aug 2026 21:03:04:   Skipping gene NonTargetingControlGuideForHuman_0539 for permutation ... 
INFO  @ Fri, 28 Aug 2026 21:03:04:   Warning: sgRNA  not found in the ranked list.  
INFO  @ Fri, 28 Aug 2026 21:03:04:   Computing false discovery rate... 
INFO  @ Fri, 28 Aug 2026 21:03:04:   Total # control sgRNAs: 2000 
INFO  @ Fri, 28 Aug 2026 21:03:04:   Permuting genes with 2 sgRNAs... 
INFO  @ Fri, 28 Aug 2026 21:03:04:   Permuting genes with 3 sgRNAs... 
INFO  @ Fri, 28 Aug 2026 21:03:04:   Permuting genes with 4 sgRNAs... 
INFO  @ Fri, 28 Aug 2026 21:03:04:   Permuting genes with 5 sgRNAs... 
INFO  @ Fri, 28 Aug 2026 21:03:04:   Permuting genes with 6 sgRNAs... 
INFO  @ Fri, 28 Aug 2026 21:03:04:   Permuting genes with 7 sgRNAs... 
INFO  @ Fri, 28 Aug 2026 21:03:04:   Permuting genes with 8 sgRNAs... 
INFO  @ Fri, 28 Aug 2026 21:03:04:   Permuting genes with 9 sgRNAs... 
INFO  @ Fri, 28 Aug 2026 21:03:04:   Permuting genes with 10 sgRNAs... 
INFO  @ Fri, 28 Aug 2026 21:03:04:   Permuting genes with 11 sgRNAs... 
INFO  @ Fri, 28 Aug 2026 21:03:04:   Permuting genes with 12 sgRNAs... 
INFO  @ Fri, 28 Aug 2026 21:03:04:   Number of genes under FDR adjustment: 21697 
INFO  @ Fri, 28 Aug 2026 21:03:04:   Saving to output file... 
INFO  @ Fri, 28 Aug 2026 21:03:04:   Suppressing the output of gene NonTargetingControlGuideForHuman_0611 since it is negative ontrol genes. 
INFO  @ Fri, 28 Aug 2026 21:03:04:   Suppressing the output of gene NonTargetingControlGuideForHuman_0735 since it is negative ontrol genes. 
INFO  @ Fri, 28 Aug 2026 21:03:04:   Suppressing the output of gene NonTargetingControlGuideForHuman_0713 since it is negative ontrol genes. 
INFO  @ Fri, 28 Aug 2026 21:03:04:   Suppressing the output of gene NonTargetingControlGuideForHuman_0712 since it is negative ontrol genes. 
INFO  @ Fri, 28 Aug 2026 21:03:04:   Suppressing the output of gene NonTargetingControlGuideForHuman_0752 since it is negative ontrol genes. 
INFO  @ Fri, 28 Aug 2026 21:03:04:   Suppressing the output of gene NonTargetingControlGuideForHuman_0065 since it is negative ontrol genes. 
INFO  @ Fri, 28 Aug 2026 21:03:04:   Suppressing the output of gene NonTargetingControlGuideForHuman_0564 since it is negative ontrol genes. 
INFO  @ Fri, 28 Aug 2026 21:03:04:   Suppressing the output of gene NonTargetingControlGuideForHuman_0576 since it is negative ontrol genes. 
INFO  @ Fri, 28 Aug 2026 21:03:04:   Suppressing the output of gene NonTargetingControlGuideForHuman_0548 since it is negative ontrol genes. 
INFO  @ Fri, 28 Aug 2026 21:03:04:   Suppressing the output of gene NonTargetingControlGuideForHuman_0399 since it is negative ontrol genes. 
INFO  @ Fri, 28 Aug 2026 21:03:04:   Suppressing the output of gene NonTargetingControlGuideForHuman_0672 since it is negative ontrol genes. 
INFO  @ Fri, 28 Aug 2026 21:03:04:   Suppressing the output of gene NonTargetingControlGuideForHuman_0730 since it is negative ontrol genes. 
INFO  @ Fri, 28 Aug 2026 21:03:04:   Suppressing the output of gene NonTargetingControlGuideForHuman_0861 since it is negative ontrol genes. 
INFO  @ Fri, 28 Aug 2026 21:03:04:   Suppressing the output of gene NonTargetingControlGuideForHuman_0174 since it is negative ontrol genes. 
INFO  @ Fri, 28 Aug 2026 21:03:04:   Suppressing the output of gene NonTargetingControlGuideForHuman_0480 since it is negative ontrol genes. 
INFO  @ Fri, 28 Aug 2026 21:03:04:   Suppressing the output of gene NonTargetingControlGuideForHuman_0146 since it is negative ontrol genes. 
INFO  @ Fri, 28 Aug 2026 21:03:04:   Suppressing the output of gene NonTargetingControlGuideForHuman_0149 since it is negative ontrol genes. 
INFO  @ Fri, 28 Aug 2026 21:03:04:   Suppressing the output of gene NonTargetingControlGuideForHuman_0233 since it is negative ontrol genes. 
INFO  @ Fri, 28 Aug 2026 21:03:04:   Suppressing the output of gene NonTargetingControlGuideForHuman_0916 since it is negative ontrol genes. 
INFO  @ Fri, 28 Aug 2026 21:03:04:   Suppressing the output of gene NonTargetingControlGuideForHuman_0405 since it is negative ontrol genes. 
INFO  @ Fri, 28 Aug 2026 21:03:04:   Suppressing the output of gene NonTargetingControlGuideForHuman_0030 since it is negative ontrol genes. 
INFO  @ Fri, 28 Aug 2026 21:03:04:   Suppressing the output of gene NonTargetingControlGuideForHuman_0963 since it is negative ontrol genes. 
INFO  @ Fri, 28 Aug 2026 21:03:04:   Suppressing the output of gene NonTargetingControlGuideForHuman_0813 since it is negative ontrol genes. 
INFO  @ Fri, 28 Aug 2026 21:03:04:   Suppressing the output of gene NonTargetingControlGuideForHuman_0150 since it is negative ontrol genes. 
INFO  @ Fri, 28 Aug 2026 21:03:04:   Suppressing the output of gene NonTargetingControlGuideForHuman_0127 since it is negative ontrol genes. 
INFO  @ Fri, 28 Aug 2026 21:03:04:   Suppressing the output of gene NonTargetingControlGuideForHuman_0070 since it is negative ontrol genes. 
INFO  @ Fri, 28 Aug 2026 21:03:04:   Suppressing the output of gene NonTargetingControlGuideForHuman_0826 since it is negative ontrol genes. 
INFO  @ Fri, 28 Aug 2026 21:03:04:   Suppressing the output of gene NonTargetingControlGuideForHuman_0694 since it is negative ontrol genes. 
INFO  @ Fri, 28 Aug 2026 21:03:04:   Suppressing the output of gene NonTargetingControlGuideForHuman_0487 since it is negative ontrol genes. 
INFO  @ Fri, 28 Aug 2026 21:03:04:   Suppressing the output of gene NonTargetingControlGuideForHuman_0560 since it is negative ontrol genes. 
INFO  @ Fri, 28 Aug 2026 21:03:04:   Suppressing the output of gene NonTargetingControlGuideForHuman_0043 since it is negative ontrol genes. 
INFO  @ Fri, 28 Aug 2026 21:03:04:   Suppressing the output of gene NonTargetingControlGuideForHuman_0434 since it is negative ontrol genes. 
INFO  @ Fri, 28 Aug 2026 21:03:04:   Suppressing the output of gene NonTargetingControlGuideForHuman_0702 since it is negative ontrol genes. 
INFO  @ Fri, 28 Aug 2026 21:03:04:   Suppressing the output of gene NonTargetingControlGuideForHuman_0388 since it is negative ontrol genes. 
INFO  @ Fri, 28 Aug 2026 21:03:04:   Suppressing the output of gene NonTargetingControlGuideForHuman_0223 since it is negative ontrol genes. 
INFO  @ Fri, 28 Aug 2026 21:03:04:   Suppressing the output of gene NonTargetingControlGuideForHuman_0442 since it is negative ontrol genes. 
INFO  @ Fri, 28 Aug 2026 21:03:04:   Suppressing the output of gene NonTargetingControlGuideForHuman_0423 since it is negative ontrol genes. 
INFO  @ Fri, 28 Aug 2026 21:03:04:   Suppressing the output of gene NonTargetingControlGuideForHuman_0325 since it is negative ontrol genes. 
INFO  @ Fri, 28 Aug 2026 21:03:04:   Suppressing the output of gene NonTargetingControlGuideForHuman_0579 since it is negative ontrol genes. 
INFO  @ Fri, 28 Aug 2026 21:03:04:   Suppressing the output of gene NonTargetingControlGuideForHuman_0630 since it is negative ontrol genes. 
INFO  @ Fri, 28 Aug 2026 21:03:04:   Suppressing the output of gene NonTargetingControlGuideForHuman_0321 since it is negative ontrol genes. 
INFO  @ Fri, 28 Aug 2026 21:03:04:   Suppressing the output of gene NonTargetingControlGuideForHuman_0956 since it is negative ontrol genes. 
INFO  @ Fri, 28 Aug 2026 21:03:04:   Suppressing the output of gene NonTargetingControlGuideForHuman_0655 since it is negative ontrol genes. 
INFO  @ Fri, 28 Aug 2026 21:03:04:   Suppressing the output of gene NonTargetingControlGuideForHuman_0197 since it is negative ontrol genes. 
INFO  @ Fri, 28 Aug 2026 21:03:04:   Suppressing the output of gene NonTargetingControlGuideForHuman_0593 since it is negative ontrol genes. 
INFO  @ Fri, 28 Aug 2026 21:03:04:   Suppressing the output of gene NonTargetingControlGuideForHuman_0618 since it is negative ontrol genes. 
INFO  @ Fri, 28 Aug 2026 21:03:04:   Suppressing the output of gene NonTargetingControlGuideForHuman_0845 since it is negative ontrol genes. 
INFO  @ Fri, 28 Aug 2026 21:03:04:   Suppressing the output of gene NonTargetingControlGuideForHuman_0705 since it is negative ontrol genes. 
INFO  @ Fri, 28 Aug 2026 21:03:04:   Suppressing the output of gene NonTargetingControlGuideForHuman_0255 since it is negative ontrol genes. 
INFO  @ Fri, 28 Aug 2026 21:03:04:   Suppressing the output of gene NonTargetingControlGuideForHuman_0627 since it is negative ontrol genes. 
INFO  @ Fri, 28 Aug 2026 21:03:04:   Suppressing the output of gene NonTargetingControlGuideForHuman_0251 since it is negative ontrol genes. 
INFO  @ Fri, 28 Aug 2026 21:03:04:   Suppressing the output of gene NonTargetingControlGuideForHuman_0217 since it is negative ontrol genes. 
INFO  @ Fri, 28 Aug 2026 21:03:04:   Suppressing the output of gene NonTargetingControlGuideForHuman_0100 since it is negative ontrol genes. 
INFO  @ Fri, 28 Aug 2026 21:03:04:   Suppressing the output of gene NonTargetingControlGuideForHuman_0656 since it is negative ontrol genes. 
INFO  @ Fri, 28 Aug 2026 21:03:04:   Suppressing the output of gene NonTargetingControlGuideForHuman_0637 since it is negative ontrol genes. 
INFO  @ Fri, 28 Aug 2026 21:03:04:   Suppressing the output of gene NonTargetingControlGuideForHuman_0135 since it is negative ontrol genes. 
INFO  @ Fri, 28 Aug 2026 21:03:04:   Suppressing the output of gene NonTargetingControlGuideForHuman_0588 since it is negative ontrol genes. 
INFO  @ Fri, 28 Aug 2026 21:03:04:   Suppressing the output of gene NonTargetingControlGuideForHuman_0571 since it is negative ontrol genes. 
INFO  @ Fri, 28 Aug 2026 21:03:04:   Suppressing the output of gene NonTargetingControlGuideForHuman_0234 since it is negative ontrol genes. 
INFO  @ Fri, 28 Aug 2026 21:03:04:   Suppressing the output of gene NonTargetingControlGuideForHuman_0320 since it is negative ontrol genes. 
INFO  @ Fri, 28 Aug 2026 21:03:04:   Suppressing the output of gene NonTargetingControlGuideForHuman_0834 since it is negative ontrol genes. 
INFO  @ Fri, 28 Aug 2026 21:03:04:   Suppressing the output of gene NonTargetingControlGuideForHuman_0706 since it is negative ontrol genes. 
INFO  @ Fri, 28 Aug 2026 21:03:04:   Suppressing the output of gene NonTargetingControlGuideForHuman_0445 since it is negative ontrol genes. 
INFO  @ Fri, 28 Aug 2026 21:03:04:   Suppressing the output of gene NonTargetingControlGuideForHuman_0470 since it is negative ontrol genes. 
INFO  @ Fri, 28 Aug 2026 21:03:04:   Suppressing the output of gene NonTargetingControlGuideForHuman_0029 since it is negative ontrol genes. 
INFO  @ Fri, 28 Aug 2026 21:03:04:   Suppressing the output of gene NonTargetingControlGuideForHuman_0152 since it is negative ontrol genes. 
INFO  @ Fri, 28 Aug 2026 21:03:04:   Suppressing the output of gene NonTargetingControlGuideForHuman_0314 since it is negative ontrol genes. 
INFO  @ Fri, 28 Aug 2026 21:03:04:   Suppressing the output of gene NonTargetingControlGuideForHuman_0389 since it is negative ontrol genes. 
INFO  @ Fri, 28 Aug 2026 21:03:04:   Suppressing the output of gene NonTargetingControlGuideForHuman_0225 since it is negative ontrol genes. 
INFO  @ Fri, 28 Aug 2026 21:03:04:   Suppressing the output of gene NonTargetingControlGuideForHuman_0352 since it is negative ontrol genes. 
INFO  @ Fri, 28 Aug 2026 21:03:04:   Suppressing the output of gene NonTargetingControlGuideForHuman_0973 since it is negative ontrol genes. 
INFO  @ Fri, 28 Aug 2026 21:03:04:   Suppressing the output of gene NonTargetingControlGuideForHuman_0165 since it is negative ontrol genes. 
INFO  @ Fri, 28 Aug 2026 21:03:04:   Suppressing the output of gene NonTargetingControlGuideForHuman_0767 since it is negative ontrol genes. 
INFO  @ Fri, 28 Aug 2026 21:03:04:   Suppressing the output of gene NonTargetingControlGuideForHuman_0393 since it is negative ontrol genes. 
INFO  @ Fri, 28 Aug 2026 21:03:04:   Suppressing the output of gene NonTargetingControlGuideForHuman_0113 since it is negative ontrol genes. 
INFO  @ Fri, 28 Aug 2026 21:03:04:   Suppressing the output of gene NonTargetingControlGuideForHuman_0529 since it is negative ontrol genes. 
INFO  @ Fri, 28 Aug 2026 21:03:04:   Suppressing the output of gene NonTargetingControlGuideForHuman_0202 since it is negative ontrol genes. 
INFO  @ Fri, 28 Aug 2026 21:03:04:   Suppressing the output of gene NonTargetingControlGuideForHuman_0105 since it is negative ontrol genes. 
INFO  @ Fri, 28 Aug 2026 21:03:04:   Suppressing the output of gene NonTargetingControlGuideForHuman_0847 since it is negative ontrol genes. 
INFO  @ Fri, 28 Aug 2026 21:03:04:   Suppressing the output of gene NonTargetingControlGuideForHuman_0699 since it is negative ontrol genes. 
INFO  @ Fri, 28 Aug 2026 21:03:04:   Suppressing the output of gene NonTargetingControlGuideForHuman_0061 since it is negative ontrol genes. 
INFO  @ Fri, 28 Aug 2026 21:03:04:   Suppressing the output of gene NonTargetingControlGuideForHuman_0413 since it is negative ontrol genes. 
INFO  @ Fri, 28 Aug 2026 21:03:04:   Suppressing the output of gene NonTargetingControlGuideForHuman_0503 since it is negative ontrol genes. 
INFO  @ Fri, 28 Aug 2026 21:03:04:   Suppressing the output of gene NonTargetingControlGuideForHuman_0570 since it is negative ontrol genes. 
INFO  @ Fri, 28 Aug 2026 21:03:04:   Suppressing the output of gene NonTargetingControlGuideForHuman_0739 since it is negative ontrol genes. 
INFO  @ Fri, 28 Aug 2026 21:03:04:   Suppressing the output of gene NonTargetingControlGuideForHuman_0863 since it is negative ontrol genes. 
INFO  @ Fri, 28 Aug 2026 21:03:04:   Suppressing the output of gene NonTargetingControlGuideForHuman_0420 since it is negative ontrol genes. 
INFO  @ Fri, 28 Aug 2026 21:03:04:   Suppressing the output of gene NonTargetingControlGuideForHuman_0598 since it is negative ontrol genes. 
INFO  @ Fri, 28 Aug 2026 21:03:04:   Suppressing the output of gene NonTargetingControlGuideForHuman_0387 since it is negative ontrol genes. 
INFO  @ Fri, 28 Aug 2026 21:03:04:   Suppressing the output of gene NonTargetingControlGuideForHuman_0958 since it is negative ontrol genes. 
INFO  @ Fri, 28 Aug 2026 21:03:04:   Suppressing the output of gene NonTargetingControlGuideForHuman_0263 since it is negative ontrol genes. 
INFO  @ Fri, 28 Aug 2026 21:03:04:   Suppressing the output of gene NonTargetingControlGuideForHuman_0974 since it is negative ontrol genes. 
INFO  @ Fri, 28 Aug 2026 21:03:04:   Suppressing the output of gene NonTargetingControlGuideForHuman_0587 since it is negative ontrol genes. 
INFO  @ Fri, 28 Aug 2026 21:03:04:   Suppressing the output of gene NonTargetingControlGuideForHuman_0812 since it is negative ontrol genes. 
INFO  @ Fri, 28 Aug 2026 21:03:04:   Suppressing the output of gene NonTargetingControlGuideForHuman_0868 since it is negative ontrol genes. 
INFO  @ Fri, 28 Aug 2026 21:03:04:   Suppressing the output of gene NonTargetingControlGuideForHuman_0286 since it is negative ontrol genes. 
INFO  @ Fri, 28 Aug 2026 21:03:04:   Suppressing the output of gene NonTargetingControlGuideForHuman_0291 since it is negative ontrol genes. 
INFO  @ Fri, 28 Aug 2026 21:03:04:   Suppressing the output of gene NonTargetingControlGuideForHuman_0357 since it is negative ontrol genes. 
INFO  @ Fri, 28 Aug 2026 21:03:04:   Suppressing the output of gene NonTargetingControlGuideForHuman_0386 since it is negative ontrol genes. 
INFO  @ Fri, 28 Aug 2026 21:03:04:   Suppressing the output of gene NonTargetingControlGuideForHuman_0236 since it is negative ontrol genes. 
INFO  @ Fri, 28 Aug 2026 21:03:04:   Suppressing the output of gene NonTargetingControlGuideForHuman_0866 since it is negative ontrol genes. 
INFO  @ Fri, 28 Aug 2026 21:03:04:   Suppressing the output of gene NonTargetingControlGuideForHuman_0245 since it is negative ontrol genes. 
INFO  @ Fri, 28 Aug 2026 21:03:04:   Suppressing the output of gene NonTargetingControlGuideForHuman_0888 since it is negative ontrol genes. 
INFO  @ Fri, 28 Aug 2026 21:03:04:   Suppressing the output of gene NonTargetingControlGuideForHuman_0785 since it is negative ontrol genes. 
INFO  @ Fri, 28 Aug 2026 21:03:04:   Suppressing the output of gene NonTargetingControlGuideForHuman_0671 since it is negative ontrol genes. 
INFO  @ Fri, 28 Aug 2026 21:03:04:   Suppressing the output of gene NonTargetingControlGuideForHuman_0664 since it is negative ontrol genes. 
INFO  @ Fri, 28 Aug 2026 21:03:04:   Suppressing the output of gene NonTargetingControlGuideForHuman_0139 since it is negative ontrol genes. 
INFO  @ Fri, 28 Aug 2026 21:03:04:   Suppressing the output of gene NonTargetingControlGuideForHuman_0069 since it is negative ontrol genes. 
INFO  @ Fri, 28 Aug 2026 21:03:04:   Suppressing the output of gene NonTargetingControlGuideForHuman_0677 since it is negative ontrol genes. 
INFO  @ Fri, 28 Aug 2026 21:03:04:   Suppressing the output of gene NonTargetingControlGuideForHuman_0569 since it is negative ontrol genes. 
INFO  @ Fri, 28 Aug 2026 21:03:04:   Suppressing the output of gene NonTargetingControlGuideForHuman_0604 since it is negative ontrol genes. 
INFO  @ Fri, 28 Aug 2026 21:03:04:   Suppressing the output of gene NonTargetingControlGuideForHuman_0528 since it is negative ontrol genes. 
INFO  @ Fri, 28 Aug 2026 21:03:04:   Suppressing the output of gene NonTargetingControlGuideForHuman_0163 since it is negative ontrol genes. 
INFO  @ Fri, 28 Aug 2026 21:03:04:   Suppressing the output of gene NonTargetingControlGuideForHuman_0307 since it is negative ontrol genes. 
INFO  @ Fri, 28 Aug 2026 21:03:04:   Suppressing the output of gene NonTargetingControlGuideForHuman_0954 since it is negative ontrol genes. 
INFO  @ Fri, 28 Aug 2026 21:03:04:   Suppressing the output of gene NonTargetingControlGuideForHuman_0802 since it is negative ontrol genes. 
INFO  @ Fri, 28 Aug 2026 21:03:04:   Suppressing the output of gene NonTargetingControlGuideForHuman_0079 since it is negative ontrol genes. 
INFO  @ Fri, 28 Aug 2026 21:03:04:   Suppressing the output of gene NonTargetingControlGuideForHuman_0290 since it is negative ontrol genes. 
INFO  @ Fri, 28 Aug 2026 21:03:04:   Suppressing the output of gene NonTargetingControlGuideForHuman_0521 since it is negative ontrol genes. 
INFO  @ Fri, 28 Aug 2026 21:03:04:   Suppressing the output of gene NonTargetingControlGuideForHuman_0506 since it is negative ontrol genes. 
INFO  @ Fri, 28 Aug 2026 21:03:04:   Suppressing the output of gene NonTargetingControlGuideForHuman_0698 since it is negative ontrol genes. 
INFO  @ Fri, 28 Aug 2026 21:03:04:   Suppressing the output of gene NonTargetingControlGuideForHuman_0010 since it is negative ontrol genes. 
INFO  @ Fri, 28 Aug 2026 21:03:04:   Suppressing the output of gene NonTargetingControlGuideForHuman_0157 since it is negative ontrol genes. 
INFO  @ Fri, 28 Aug 2026 21:03:04:   Suppressing the output of gene NonTargetingControlGuideForHuman_0840 since it is negative ontrol genes. 
INFO  @ Fri, 28 Aug 2026 21:03:04:   Suppressing the output of gene NonTargetingControlGuideForHuman_0722 since it is negative ontrol genes. 
INFO  @ Fri, 28 Aug 2026 21:03:04:   Suppressing the output of gene NonTargetingControlGuideForHuman_0305 since it is negative ontrol genes. 
INFO  @ Fri, 28 Aug 2026 21:03:04:   Suppressing the output of gene NonTargetingControlGuideForHuman_0516 since it is negative ontrol genes. 
INFO  @ Fri, 28 Aug 2026 21:03:04:   Suppressing the output of gene NonTargetingControlGuideForHuman_0550 since it is negative ontrol genes. 
INFO  @ Fri, 28 Aug 2026 21:03:04:   Suppressing the output of gene NonTargetingControlGuideForHuman_0158 since it is negative ontrol genes. 
INFO  @ Fri, 28 Aug 2026 21:03:04:   Suppressing the output of gene NonTargetingControlGuideForHuman_0999 since it is negative ontrol genes. 
INFO  @ Fri, 28 Aug 2026 21:03:04:   Suppressing the output of gene NonTargetingControlGuideForHuman_0424 since it is negative ontrol genes. 
INFO  @ Fri, 28 Aug 2026 21:03:04:   Suppressing the output of gene NonTargetingControlGuideForHuman_0031 since it is negative ontrol genes. 
INFO  @ Fri, 28 Aug 2026 21:03:04:   Suppressing the output of gene NonTargetingControlGuideForHuman_0026 since it is negative ontrol genes. 
INFO  @ Fri, 28 Aug 2026 21:03:04:   Suppressing the output of gene NonTargetingControlGuideForHuman_0676 since it is negative ontrol genes. 
INFO  @ Fri, 28 Aug 2026 21:03:04:   Suppressing the output of gene NonTargetingControlGuideForHuman_0264 since it is negative ontrol genes. 
INFO  @ Fri, 28 Aug 2026 21:03:04:   Suppressing the output of gene NonTargetingControlGuideForHuman_0277 since it is negative ontrol genes. 
INFO  @ Fri, 28 Aug 2026 21:03:04:   Suppressing the output of gene NonTargetingControlGuideForHuman_0711 since it is negative ontrol genes. 
INFO  @ Fri, 28 Aug 2026 21:03:04:   Suppressing the output of gene NonTargetingControlGuideForHuman_0024 since it is negative ontrol genes. 
INFO  @ Fri, 28 Aug 2026 21:03:04:   Suppressing the output of gene NonTargetingControlGuideForHuman_0898 since it is negative ontrol genes. 
INFO  @ Fri, 28 Aug 2026 21:03:04:   Suppressing the output of gene NonTargetingControlGuideForHuman_0519 since it is negative ontrol genes. 
INFO  @ Fri, 28 Aug 2026 21:03:04:   Suppressing the output of gene NonTargetingControlGuideForHuman_0007 since it is negative ontrol genes. 
INFO  @ Fri, 28 Aug 2026 21:03:04:   Suppressing the output of gene NonTargetingControlGuideForHuman_0057 since it is negative ontrol genes. 
INFO  @ Fri, 28 Aug 2026 21:03:04:   Suppressing the output of gene NonTargetingControlGuideForHuman_0967 since it is negative ontrol genes. 
INFO  @ Fri, 28 Aug 2026 21:03:04:   Suppressing the output of gene NonTargetingControlGuideForHuman_0036 since it is negative ontrol genes. 
INFO  @ Fri, 28 Aug 2026 21:03:04:   Suppressing the output of gene NonTargetingControlGuideForHuman_0450 since it is negative ontrol genes. 
INFO  @ Fri, 28 Aug 2026 21:03:04:   Suppressing the output of gene NonTargetingControlGuideForHuman_0133 since it is negative ontrol genes. 
INFO  @ Fri, 28 Aug 2026 21:03:04:   Suppressing the output of gene NonTargetingControlGuideForHuman_0132 since it is negative ontrol genes. 
INFO  @ Fri, 28 Aug 2026 21:03:04:   Suppressing the output of gene NonTargetingControlGuideForHuman_0216 since it is negative ontrol genes. 
INFO  @ Fri, 28 Aug 2026 21:03:04:   Suppressing the output of gene NonTargetingControlGuideForHuman_0609 since it is negative ontrol genes. 
INFO  @ Fri, 28 Aug 2026 21:03:04:   Suppressing the output of gene NonTargetingControlGuideForHuman_0518 since it is negative ontrol genes. 
INFO  @ Fri, 28 Aug 2026 21:03:04:   Suppressing the output of gene NonTargetingControlGuideForHuman_0883 since it is negative ontrol genes. 
INFO  @ Fri, 28 Aug 2026 21:03:04:   Suppressing the output of gene NonTargetingControlGuideForHuman_0675 since it is negative ontrol genes. 
INFO  @ Fri, 28 Aug 2026 21:03:04:   Suppressing the output of gene NonTargetingControlGuideForHuman_0414 since it is negative ontrol genes. 
INFO  @ Fri, 28 Aug 2026 21:03:04:   Suppressing the output of gene NonTargetingControlGuideForHuman_0636 since it is negative ontrol genes. 
INFO  @ Fri, 28 Aug 2026 21:03:04:   Suppressing the output of gene NonTargetingControlGuideForHuman_0591 since it is negative ontrol genes. 
INFO  @ Fri, 28 Aug 2026 21:03:04:   Suppressing the output of gene NonTargetingControlGuideForHuman_0037 since it is negative ontrol genes. 
INFO  @ Fri, 28 Aug 2026 21:03:04:   Suppressing the output of gene NonTargetingControlGuideForHuman_0810 since it is negative ontrol genes. 
INFO  @ Fri, 28 Aug 2026 21:03:04:   Suppressing the output of gene NonTargetingControlGuideForHuman_0097 since it is negative ontrol genes. 
INFO  @ Fri, 28 Aug 2026 21:03:04:   Suppressing the output of gene NonTargetingControlGuideForHuman_0005 since it is negative ontrol genes. 
INFO  @ Fri, 28 Aug 2026 21:03:04:   Suppressing the output of gene NonTargetingControlGuideForHuman_0806 since it is negative ontrol genes. 
INFO  @ Fri, 28 Aug 2026 21:03:04:   Suppressing the output of gene NonTargetingControlGuideForHuman_0740 since it is negative ontrol genes. 
INFO  @ Fri, 28 Aug 2026 21:03:04:   Suppressing the output of gene NonTargetingControlGuideForHuman_0537 since it is negative ontrol genes. 
INFO  @ Fri, 28 Aug 2026 21:03:04:   Suppressing the output of gene NonTargetingControlGuideForHuman_0832 since it is negative ontrol genes. 
INFO  @ Fri, 28 Aug 2026 21:03:04:   Suppressing the output of gene NonTargetingControlGuideForHuman_0194 since it is negative ontrol genes. 
INFO  @ Fri, 28 Aug 2026 21:03:04:   Suppressing the output of gene NonTargetingControlGuideForHuman_0574 since it is negative ontrol genes. 
INFO  @ Fri, 28 Aug 2026 21:03:04:   Suppressing the output of gene NonTargetingControlGuideForHuman_0435 since it is negative ontrol genes. 
INFO  @ Fri, 28 Aug 2026 21:03:04:   Suppressing the output of gene NonTargetingControlGuideForHuman_0296 since it is negative ontrol genes. 
INFO  @ Fri, 28 Aug 2026 21:03:04:   Suppressing the output of gene NonTargetingControlGuideForHuman_0696 since it is negative ontrol genes. 
INFO  @ Fri, 28 Aug 2026 21:03:04:   Suppressing the output of gene NonTargetingControlGuideForHuman_0021 since it is negative ontrol genes. 
INFO  @ Fri, 28 Aug 2026 21:03:04:   Suppressing the output of gene NonTargetingControlGuideForHuman_0616 since it is negative ontrol genes. 
INFO  @ Fri, 28 Aug 2026 21:03:04:   Suppressing the output of gene NonTargetingControlGuideForHuman_0522 since it is negative ontrol genes. 
INFO  @ Fri, 28 Aug 2026 21:03:04:   Suppressing the output of gene NonTargetingControlGuideForHuman_0049 since it is negative ontrol genes. 
INFO  @ Fri, 28 Aug 2026 21:03:04:   Suppressing the output of gene NonTargetingControlGuideForHuman_0204 since it is negative ontrol genes. 
INFO  @ Fri, 28 Aug 2026 21:03:04:   Suppressing the output of gene NonTargetingControlGuideForHuman_0869 since it is negative ontrol genes. 
INFO  @ Fri, 28 Aug 2026 21:03:04:   Suppressing the output of gene NonTargetingControlGuideForHuman_0838 since it is negative ontrol genes. 
INFO  @ Fri, 28 Aug 2026 21:03:04:   Suppressing the output of gene NonTargetingControlGuideForHuman_0119 since it is negative ontrol genes. 
INFO  @ Fri, 28 Aug 2026 21:03:04:   Suppressing the output of gene NonTargetingControlGuideForHuman_0189 since it is negative ontrol genes. 
INFO  @ Fri, 28 Aug 2026 21:03:04:   Suppressing the output of gene NonTargetingControlGuideForHuman_0732 since it is negative ontrol genes. 
INFO  @ Fri, 28 Aug 2026 21:03:04:   Suppressing the output of gene NonTargetingControlGuideForHuman_0448 since it is negative ontrol genes. 
INFO  @ Fri, 28 Aug 2026 21:03:04:   Suppressing the output of gene NonTargetingControlGuideForHuman_0200 since it is negative ontrol genes. 
INFO  @ Fri, 28 Aug 2026 21:03:04:   Suppressing the output of gene NonTargetingControlGuideForHuman_0968 since it is negative ontrol genes. 
INFO  @ Fri, 28 Aug 2026 21:03:04:   Suppressing the output of gene NonTargetingControlGuideForHuman_0859 since it is negative ontrol genes. 
INFO  @ Fri, 28 Aug 2026 21:03:04:   Suppressing the output of gene NonTargetingControlGuideForHuman_0874 since it is negative ontrol genes. 
INFO  @ Fri, 28 Aug 2026 21:03:04:   Suppressing the output of gene NonTargetingControlGuideForHuman_0979 since it is negative ontrol genes. 
INFO  @ Fri, 28 Aug 2026 21:03:04:   Suppressing the output of gene NonTargetingControlGuideForHuman_0293 since it is negative ontrol genes. 
INFO  @ Fri, 28 Aug 2026 21:03:04:   Suppressing the output of gene NonTargetingControlGuideForHuman_0542 since it is negative ontrol genes. 
INFO  @ Fri, 28 Aug 2026 21:03:04:   Suppressing the output of gene NonTargetingControlGuideForHuman_0669 since it is negative ontrol genes. 
INFO  @ Fri, 28 Aug 2026 21:03:04:   Suppressing the output of gene NonTargetingControlGuideForHuman_0566 since it is negative ontrol genes. 
INFO  @ Fri, 28 Aug 2026 21:03:04:   Suppressing the output of gene NonTargetingControlGuideForHuman_0948 since it is negative ontrol genes. 
INFO  @ Fri, 28 Aug 2026 21:03:04:   Suppressing the output of gene NonTargetingControlGuideForHuman_0354 since it is negative ontrol genes. 
INFO  @ Fri, 28 Aug 2026 21:03:04:   Suppressing the output of gene NonTargetingControlGuideForHuman_0500 since it is negative ontrol genes. 
INFO  @ Fri, 28 Aug 2026 21:03:04:   Suppressing the output of gene NonTargetingControlGuideForHuman_0075 since it is negative ontrol genes. 
INFO  @ Fri, 28 Aug 2026 21:03:04:   Suppressing the output of gene NonTargetingControlGuideForHuman_0837 since it is negative ontrol genes. 
INFO  @ Fri, 28 Aug 2026 21:03:04:   Suppressing the output of gene NonTargetingControlGuideForHuman_0796 since it is negative ontrol genes. 
INFO  @ Fri, 28 Aug 2026 21:03:04:   Suppressing the output of gene NonTargetingControlGuideForHuman_0012 since it is negative ontrol genes. 
INFO  @ Fri, 28 Aug 2026 21:03:04:   Suppressing the output of gene NonTargetingControlGuideForHuman_0582 since it is negative ontrol genes. 
INFO  @ Fri, 28 Aug 2026 21:03:04:   Suppressing the output of gene NonTargetingControlGuideForHuman_0728 since it is negative ontrol genes. 
INFO  @ Fri, 28 Aug 2026 21:03:04:   Suppressing the output of gene NonTargetingControlGuideForHuman_0835 since it is negative ontrol genes. 
INFO  @ Fri, 28 Aug 2026 21:03:04:   Suppressing the output of gene NonTargetingControlGuideForHuman_0939 since it is negative ontrol genes. 
INFO  @ Fri, 28 Aug 2026 21:03:04:   Suppressing the output of gene NonTargetingControlGuideForHuman_0881 since it is negative ontrol genes. 
INFO  @ Fri, 28 Aug 2026 21:03:04:   Suppressing the output of gene NonTargetingControlGuideForHuman_0599 since it is negative ontrol genes. 
INFO  @ Fri, 28 Aug 2026 21:03:04:   Suppressing the output of gene NonTargetingControlGuideForHuman_0198 since it is negative ontrol genes. 
INFO  @ Fri, 28 Aug 2026 21:03:04:   Suppressing the output of gene NonTargetingControlGuideForHuman_0073 since it is negative ontrol genes. 
INFO  @ Fri, 28 Aug 2026 21:03:04:   Suppressing the output of gene NonTargetingControlGuideForHuman_0412 since it is negative ontrol genes. 
INFO  @ Fri, 28 Aug 2026 21:03:04:   Suppressing the output of gene NonTargetingControlGuideForHuman_0882 since it is negative ontrol genes. 
INFO  @ Fri, 28 Aug 2026 21:03:04:   Suppressing the output of gene NonTargetingControlGuideForHuman_0257 since it is negative ontrol genes. 
INFO  @ Fri, 28 Aug 2026 21:03:04:   Suppressing the output of gene NonTargetingControlGuideForHuman_0358 since it is negative ontrol genes. 
INFO  @ Fri, 28 Aug 2026 21:03:04:   Suppressing the output of gene NonTargetingControlGuideForHuman_0985 since it is negative ontrol genes. 
INFO  @ Fri, 28 Aug 2026 21:03:04:   Suppressing the output of gene NonTargetingControlGuideForHuman_0795 since it is negative ontrol genes. 
INFO  @ Fri, 28 Aug 2026 21:03:04:   Suppressing the output of gene NonTargetingControlGuideForHuman_0742 since it is negative ontrol genes. 
INFO  @ Fri, 28 Aug 2026 21:03:04:   Suppressing the output of gene NonTargetingControlGuideForHuman_0436 since it is negative ontrol genes. 
INFO  @ Fri, 28 Aug 2026 21:03:04:   Suppressing the output of gene NonTargetingControlGuideForHuman_0278 since it is negative ontrol genes. 
INFO  @ Fri, 28 Aug 2026 21:03:04:   Suppressing the output of gene NonTargetingControlGuideForHuman_0258 since it is negative ontrol genes. 
INFO  @ Fri, 28 Aug 2026 21:03:04:   Suppressing the output of gene NonTargetingControlGuideForHuman_0289 since it is negative ontrol genes. 
INFO  @ Fri, 28 Aug 2026 21:03:04:   Suppressing the output of gene NonTargetingControlGuideForHuman_0764 since it is negative ontrol genes. 
INFO  @ Fri, 28 Aug 2026 21:03:04:   Suppressing the output of gene NonTargetingControlGuideForHuman_0016 since it is negative ontrol genes. 
INFO  @ Fri, 28 Aug 2026 21:03:04:   Suppressing the output of gene NonTargetingControlGuideForHuman_0283 since it is negative ontrol genes. 
INFO  @ Fri, 28 Aug 2026 21:03:04:   Suppressing the output of gene NonTargetingControlGuideForHuman_0471 since it is negative ontrol genes. 
INFO  @ Fri, 28 Aug 2026 21:03:04:   Suppressing the output of gene NonTargetingControlGuideForHuman_0317 since it is negative ontrol genes. 
INFO  @ Fri, 28 Aug 2026 21:03:04:   Suppressing the output of gene NonTargetingControlGuideForHuman_0505 since it is negative ontrol genes. 
INFO  @ Fri, 28 Aug 2026 21:03:04:   Suppressing the output of gene NonTargetingControlGuideForHuman_0491 since it is negative ontrol genes. 
INFO  @ Fri, 28 Aug 2026 21:03:04:   Suppressing the output of gene NonTargetingControlGuideForHuman_0374 since it is negative ontrol genes. 
INFO  @ Fri, 28 Aug 2026 21:03:04:   Suppressing the output of gene NonTargetingControlGuideForHuman_0213 since it is negative ontrol genes. 
INFO  @ Fri, 28 Aug 2026 21:03:04:   Suppressing the output of gene NonTargetingControlGuideForHuman_0608 since it is negative ontrol genes. 
INFO  @ Fri, 28 Aug 2026 21:03:04:   Suppressing the output of gene NonTargetingControlGuideForHuman_0780 since it is negative ontrol genes. 
INFO  @ Fri, 28 Aug 2026 21:03:04:   Suppressing the output of gene NonTargetingControlGuideForHuman_0270 since it is negative ontrol genes. 
INFO  @ Fri, 28 Aug 2026 21:03:04:   Suppressing the output of gene NonTargetingControlGuideForHuman_0635 since it is negative ontrol genes. 
INFO  @ Fri, 28 Aug 2026 21:03:04:   Suppressing the output of gene NonTargetingControlGuideForHuman_0982 since it is negative ontrol genes. 
INFO  @ Fri, 28 Aug 2026 21:03:04:   Suppressing the output of gene NonTargetingControlGuideForHuman_0348 since it is negative ontrol genes. 
INFO  @ Fri, 28 Aug 2026 21:03:04:   Suppressing the output of gene NonTargetingControlGuideForHuman_0156 since it is negative ontrol genes. 
INFO  @ Fri, 28 Aug 2026 21:03:04:   Suppressing the output of gene NonTargetingControlGuideForHuman_0175 since it is negative ontrol genes. 
INFO  @ Fri, 28 Aug 2026 21:03:04:   Suppressing the output of gene NonTargetingControlGuideForHuman_0514 since it is negative ontrol genes. 
INFO  @ Fri, 28 Aug 2026 21:03:04:   Suppressing the output of gene NonTargetingControlGuideForHuman_0551 since it is negative ontrol genes. 
INFO  @ Fri, 28 Aug 2026 21:03:04:   Suppressing the output of gene NonTargetingControlGuideForHuman_0674 since it is negative ontrol genes. 
INFO  @ Fri, 28 Aug 2026 21:03:04:   Suppressing the output of gene NonTargetingControlGuideForHuman_0440 since it is negative ontrol genes. 
INFO  @ Fri, 28 Aug 2026 21:03:04:   Suppressing the output of gene NonTargetingControlGuideForHuman_0279 since it is negative ontrol genes. 
INFO  @ Fri, 28 Aug 2026 21:03:04:   Suppressing the output of gene NonTargetingControlGuideForHuman_0168 since it is negative ontrol genes. 
INFO  @ Fri, 28 Aug 2026 21:03:04:   Suppressing the output of gene NonTargetingControlGuideForHuman_0919 since it is negative ontrol genes. 
INFO  @ Fri, 28 Aug 2026 21:03:04:   Suppressing the output of gene NonTargetingControlGuideForHuman_0390 since it is negative ontrol genes. 
INFO  @ Fri, 28 Aug 2026 21:03:04:   Suppressing the output of gene NonTargetingControlGuideForHuman_0666 since it is negative ontrol genes. 
INFO  @ Fri, 28 Aug 2026 21:03:04:   Suppressing the output of gene NonTargetingControlGuideForHuman_0915 since it is negative ontrol genes. 
INFO  @ Fri, 28 Aug 2026 21:03:04:   Suppressing the output of gene NonTargetingControlGuideForHuman_0783 since it is negative ontrol genes. 
INFO  @ Fri, 28 Aug 2026 21:03:04:   Suppressing the output of gene NonTargetingControlGuideForHuman_0025 since it is negative ontrol genes. 
INFO  @ Fri, 28 Aug 2026 21:03:04:   Suppressing the output of gene NonTargetingControlGuideForHuman_0229 since it is negative ontrol genes. 
INFO  @ Fri, 28 Aug 2026 21:03:04:   Suppressing the output of gene NonTargetingControlGuideForHuman_0857 since it is negative ontrol genes. 
INFO  @ Fri, 28 Aug 2026 21:03:04:   Suppressing the output of gene NonTargetingControlGuideForHuman_0784 since it is negative ontrol genes. 
INFO  @ Fri, 28 Aug 2026 21:03:04:   Suppressing the output of gene NonTargetingControlGuideForHuman_0681 since it is negative ontrol genes. 
INFO  @ Fri, 28 Aug 2026 21:03:04:   Suppressing the output of gene NonTargetingControlGuideForHuman_0285 since it is negative ontrol genes. 
INFO  @ Fri, 28 Aug 2026 21:03:04:   Suppressing the output of gene NonTargetingControlGuideForHuman_0058 since it is negative ontrol genes. 
INFO  @ Fri, 28 Aug 2026 21:03:04:   Suppressing the output of gene NonTargetingControlGuideForHuman_0590 since it is negative ontrol genes. 
INFO  @ Fri, 28 Aug 2026 21:03:04:   Suppressing the output of gene NonTargetingControlGuideForHuman_0298 since it is negative ontrol genes. 
INFO  @ Fri, 28 Aug 2026 21:03:04:   Suppressing the output of gene NonTargetingControlGuideForHuman_0776 since it is negative ontrol genes. 
INFO  @ Fri, 28 Aug 2026 21:03:04:   Suppressing the output of gene NonTargetingControlGuideForHuman_0206 since it is negative ontrol genes. 
INFO  @ Fri, 28 Aug 2026 21:03:04:   Suppressing the output of gene NonTargetingControlGuideForHuman_0310 since it is negative ontrol genes. 
INFO  @ Fri, 28 Aug 2026 21:03:04:   Suppressing the output of gene NonTargetingControlGuideForHuman_0053 since it is negative ontrol genes. 
INFO  @ Fri, 28 Aug 2026 21:03:04:   Suppressing the output of gene NonTargetingControlGuideForHuman_0336 since it is negative ontrol genes. 
INFO  @ Fri, 28 Aug 2026 21:03:04:   Suppressing the output of gene NonTargetingControlGuideForHuman_0495 since it is negative ontrol genes. 
INFO  @ Fri, 28 Aug 2026 21:03:04:   Suppressing the output of gene NonTargetingControlGuideForHuman_0937 since it is negative ontrol genes. 
INFO  @ Fri, 28 Aug 2026 21:03:04:   Suppressing the output of gene NonTargetingControlGuideForHuman_0104 since it is negative ontrol genes. 
INFO  @ Fri, 28 Aug 2026 21:03:04:   Suppressing the output of gene NonTargetingControlGuideForHuman_0099 since it is negative ontrol genes. 
INFO  @ Fri, 28 Aug 2026 21:03:04:   Suppressing the output of gene NonTargetingControlGuideForHuman_0557 since it is negative ontrol genes. 
INFO  @ Fri, 28 Aug 2026 21:03:04:   Suppressing the output of gene NonTargetingControlGuideForHuman_0797 since it is negative ontrol genes. 
INFO  @ Fri, 28 Aug 2026 21:03:04:   Suppressing the output of gene NonTargetingControlGuideForHuman_0758 since it is negative ontrol genes. 
INFO  @ Fri, 28 Aug 2026 21:03:04:   Suppressing the output of gene NonTargetingControlGuideForHuman_0335 since it is negative ontrol genes. 
INFO  @ Fri, 28 Aug 2026 21:03:04:   Suppressing the output of gene NonTargetingControlGuideForHuman_0125 since it is negative ontrol genes. 
INFO  @ Fri, 28 Aug 2026 21:03:04:   Suppressing the output of gene NonTargetingControlGuideForHuman_0347 since it is negative ontrol genes. 
INFO  @ Fri, 28 Aug 2026 21:03:04:   Suppressing the output of gene NonTargetingControlGuideForHuman_0867 since it is negative ontrol genes. 
INFO  @ Fri, 28 Aug 2026 21:03:04:   Suppressing the output of gene NonTargetingControlGuideForHuman_0887 since it is negative ontrol genes. 
INFO  @ Fri, 28 Aug 2026 21:03:04:   Suppressing the output of gene NonTargetingControlGuideForHuman_0644 since it is negative ontrol genes. 
INFO  @ Fri, 28 Aug 2026 21:03:04:   Suppressing the output of gene NonTargetingControlGuideForHuman_0431 since it is negative ontrol genes. 
INFO  @ Fri, 28 Aug 2026 21:03:04:   Suppressing the output of gene NonTargetingControlGuideForHuman_0082 since it is negative ontrol genes. 
INFO  @ Fri, 28 Aug 2026 21:03:04:   Suppressing the output of gene NonTargetingControlGuideForHuman_0541 since it is negative ontrol genes. 
INFO  @ Fri, 28 Aug 2026 21:03:04:   Suppressing the output of gene NonTargetingControlGuideForHuman_0778 since it is negative ontrol genes. 
INFO  @ Fri, 28 Aug 2026 21:03:04:   Suppressing the output of gene NonTargetingControlGuideForHuman_0259 since it is negative ontrol genes. 
INFO  @ Fri, 28 Aug 2026 21:03:04:   Suppressing the output of gene NonTargetingControlGuideForHuman_0885 since it is negative ontrol genes. 
INFO  @ Fri, 28 Aug 2026 21:03:04:   Suppressing the output of gene NonTargetingControlGuideForHuman_0394 since it is negative ontrol genes. 
INFO  @ Fri, 28 Aug 2026 21:03:04:   Suppressing the output of gene NonTargetingControlGuideForHuman_0871 since it is negative ontrol genes. 
INFO  @ Fri, 28 Aug 2026 21:03:04:   Suppressing the output of gene NonTargetingControlGuideForHuman_0622 since it is negative ontrol genes. 
INFO  @ Fri, 28 Aug 2026 21:03:04:   Suppressing the output of gene NonTargetingControlGuideForHuman_0640 since it is negative ontrol genes. 
INFO  @ Fri, 28 Aug 2026 21:03:04:   Suppressing the output of gene NonTargetingControlGuideForHuman_0890 since it is negative ontrol genes. 
INFO  @ Fri, 28 Aug 2026 21:03:04:   Suppressing the output of gene NonTargetingControlGuideForHuman_0035 since it is negative ontrol genes. 
INFO  @ Fri, 28 Aug 2026 21:03:04:   Suppressing the output of gene NonTargetingControlGuideForHuman_0577 since it is negative ontrol genes. 
INFO  @ Fri, 28 Aug 2026 21:03:04:   Suppressing the output of gene NonTargetingControlGuideForHuman_0038 since it is negative ontrol genes. 
INFO  @ Fri, 28 Aug 2026 21:03:04:   Suppressing the output of gene NonTargetingControlGuideForHuman_0763 since it is negative ontrol genes. 
INFO  @ Fri, 28 Aug 2026 21:03:04:   Suppressing the output of gene NonTargetingControlGuideForHuman_0983 since it is negative ontrol genes. 
INFO  @ Fri, 28 Aug 2026 21:03:04:   Suppressing the output of gene NonTargetingControlGuideForHuman_0489 since it is negative ontrol genes. 
INFO  @ Fri, 28 Aug 2026 21:03:04:   Suppressing the output of gene NonTargetingControlGuideForHuman_0786 since it is negative ontrol genes. 
INFO  @ Fri, 28 Aug 2026 21:03:04:   Suppressing the output of gene NonTargetingControlGuideForHuman_0220 since it is negative ontrol genes. 
INFO  @ Fri, 28 Aug 2026 21:03:04:   Suppressing the output of gene NonTargetingControlGuideForHuman_0862 since it is negative ontrol genes. 
INFO  @ Fri, 28 Aug 2026 21:03:04:   Suppressing the output of gene NonTargetingControlGuideForHuman_0134 since it is negative ontrol genes. 
INFO  @ Fri, 28 Aug 2026 21:03:04:   Suppressing the output of gene NonTargetingControlGuideForHuman_0482 since it is negative ontrol genes. 
INFO  @ Fri, 28 Aug 2026 21:03:04:   Suppressing the output of gene NonTargetingControlGuideForHuman_0304 since it is negative ontrol genes. 
INFO  @ Fri, 28 Aug 2026 21:03:04:   Suppressing the output of gene NonTargetingControlGuideForHuman_0221 since it is negative ontrol genes. 
INFO  @ Fri, 28 Aug 2026 21:03:04:   Suppressing the output of gene NonTargetingControlGuideForHuman_0003 since it is negative ontrol genes. 
INFO  @ Fri, 28 Aug 2026 21:03:04:   Suppressing the output of gene NonTargetingControlGuideForHuman_0761 since it is negative ontrol genes. 
INFO  @ Fri, 28 Aug 2026 21:03:04:   Suppressing the output of gene NonTargetingControlGuideForHuman_0509 since it is negative ontrol genes. 
INFO  @ Fri, 28 Aug 2026 21:03:04:   Suppressing the output of gene NonTargetingControlGuideForHuman_0048 since it is negative ontrol genes. 
INFO  @ Fri, 28 Aug 2026 21:03:04:   Suppressing the output of gene NonTargetingControlGuideForHuman_0930 since it is negative ontrol genes. 
INFO  @ Fri, 28 Aug 2026 21:03:04:   Suppressing the output of gene NonTargetingControlGuideForHuman_0589 since it is negative ontrol genes. 
INFO  @ Fri, 28 Aug 2026 21:03:04:   Suppressing the output of gene NonTargetingControlGuideForHuman_0707 since it is negative ontrol genes. 
INFO  @ Fri, 28 Aug 2026 21:03:04:   Suppressing the output of gene NonTargetingControlGuideForHuman_0250 since it is negative ontrol genes. 
INFO  @ Fri, 28 Aug 2026 21:03:04:   Suppressing the output of gene NonTargetingControlGuideForHuman_0091 since it is negative ontrol genes. 
INFO  @ Fri, 28 Aug 2026 21:03:04:   Suppressing the output of gene NonTargetingControlGuideForHuman_0077 since it is negative ontrol genes. 
INFO  @ Fri, 28 Aug 2026 21:03:04:   Suppressing the output of gene NonTargetingControlGuideForHuman_0441 since it is negative ontrol genes. 
INFO  @ Fri, 28 Aug 2026 21:03:04:   Suppressing the output of gene NonTargetingControlGuideForHuman_0718 since it is negative ontrol genes. 
INFO  @ Fri, 28 Aug 2026 21:03:04:   Suppressing the output of gene NonTargetingControlGuideForHuman_0607 since it is negative ontrol genes. 
INFO  @ Fri, 28 Aug 2026 21:03:04:   Suppressing the output of gene NonTargetingControlGuideForHuman_0772 since it is negative ontrol genes. 
INFO  @ Fri, 28 Aug 2026 21:03:04:   Suppressing the output of gene NonTargetingControlGuideForHuman_0513 since it is negative ontrol genes. 
INFO  @ Fri, 28 Aug 2026 21:03:04:   Suppressing the output of gene NonTargetingControlGuideForHuman_0183 since it is negative ontrol genes. 
INFO  @ Fri, 28 Aug 2026 21:03:04:   Suppressing the output of gene NonTargetingControlGuideForHuman_0891 since it is negative ontrol genes. 
INFO  @ Fri, 28 Aug 2026 21:03:04:   Suppressing the output of gene NonTargetingControlGuideForHuman_0839 since it is negative ontrol genes. 
INFO  @ Fri, 28 Aug 2026 21:03:04:   Suppressing the output of gene NonTargetingControlGuideForHuman_0345 since it is negative ontrol genes. 
INFO  @ Fri, 28 Aug 2026 21:03:04:   Suppressing the output of gene NonTargetingControlGuideForHuman_0465 since it is negative ontrol genes. 
INFO  @ Fri, 28 Aug 2026 21:03:04:   Suppressing the output of gene NonTargetingControlGuideForHuman_0704 since it is negative ontrol genes. 
INFO  @ Fri, 28 Aug 2026 21:03:04:   Suppressing the output of gene NonTargetingControlGuideForHuman_0756 since it is negative ontrol genes. 
INFO  @ Fri, 28 Aug 2026 21:03:04:   Suppressing the output of gene NonTargetingControlGuideForHuman_0769 since it is negative ontrol genes. 
INFO  @ Fri, 28 Aug 2026 21:03:04:   Suppressing the output of gene NonTargetingControlGuideForHuman_0086 since it is negative ontrol genes. 
INFO  @ Fri, 28 Aug 2026 21:03:04:   Suppressing the output of gene NonTargetingControlGuideForHuman_0047 since it is negative ontrol genes. 
INFO  @ Fri, 28 Aug 2026 21:03:04:   Suppressing the output of gene NonTargetingControlGuideForHuman_0240 since it is negative ontrol genes. 
INFO  @ Fri, 28 Aug 2026 21:03:04:   Suppressing the output of gene NonTargetingControlGuideForHuman_0821 since it is negative ontrol genes. 
INFO  @ Fri, 28 Aug 2026 21:03:04:   Suppressing the output of gene NonTargetingControlGuideForHuman_0210 since it is negative ontrol genes. 
INFO  @ Fri, 28 Aug 2026 21:03:04:   Suppressing the output of gene NonTargetingControlGuideForHuman_0798 since it is negative ontrol genes. 
INFO  @ Fri, 28 Aug 2026 21:03:04:   Suppressing the output of gene NonTargetingControlGuideForHuman_0161 since it is negative ontrol genes. 
INFO  @ Fri, 28 Aug 2026 21:03:04:   Suppressing the output of gene NonTargetingControlGuideForHuman_0340 since it is negative ontrol genes. 
INFO  @ Fri, 28 Aug 2026 21:03:04:   Suppressing the output of gene NonTargetingControlGuideForHuman_0411 since it is negative ontrol genes. 
INFO  @ Fri, 28 Aug 2026 21:03:04:   Suppressing the output of gene NonTargetingControlGuideForHuman_0980 since it is negative ontrol genes. 
INFO  @ Fri, 28 Aug 2026 21:03:04:   Suppressing the output of gene NonTargetingControlGuideForHuman_0140 since it is negative ontrol genes. 
INFO  @ Fri, 28 Aug 2026 21:03:04:   Suppressing the output of gene NonTargetingControlGuideForHuman_0716 since it is negative ontrol genes. 
INFO  @ Fri, 28 Aug 2026 21:03:04:   Suppressing the output of gene NonTargetingControlGuideForHuman_0643 since it is negative ontrol genes. 
INFO  @ Fri, 28 Aug 2026 21:03:04:   Suppressing the output of gene NonTargetingControlGuideForHuman_0833 since it is negative ontrol genes. 
INFO  @ Fri, 28 Aug 2026 21:03:04:   Suppressing the output of gene NonTargetingControlGuideForHuman_0754 since it is negative ontrol genes. 
INFO  @ Fri, 28 Aug 2026 21:03:04:   Suppressing the output of gene NonTargetingControlGuideForHuman_0708 since it is negative ontrol genes. 
INFO  @ Fri, 28 Aug 2026 21:03:04:   Suppressing the output of gene NonTargetingControlGuideForHuman_0391 since it is negative ontrol genes. 
INFO  @ Fri, 28 Aug 2026 21:03:04:   Suppressing the output of gene NonTargetingControlGuideForHuman_0248 since it is negative ontrol genes. 
INFO  @ Fri, 28 Aug 2026 21:03:04:   Suppressing the output of gene NonTargetingControlGuideForHuman_0884 since it is negative ontrol genes. 
INFO  @ Fri, 28 Aug 2026 21:03:04:   Suppressing the output of gene NonTargetingControlGuideForHuman_0159 since it is negative ontrol genes. 
INFO  @ Fri, 28 Aug 2026 21:03:04:   Suppressing the output of gene NonTargetingControlGuideForHuman_0068 since it is negative ontrol genes. 
INFO  @ Fri, 28 Aug 2026 21:03:04:   Suppressing the output of gene NonTargetingControlGuideForHuman_0691 since it is negative ontrol genes. 
INFO  @ Fri, 28 Aug 2026 21:03:04:   Suppressing the output of gene NonTargetingControlGuideForHuman_0700 since it is negative ontrol genes. 
INFO  @ Fri, 28 Aug 2026 21:03:04:   Suppressing the output of gene NonTargetingControlGuideForHuman_0346 since it is negative ontrol genes. 
INFO  @ Fri, 28 Aug 2026 21:03:04:   Suppressing the output of gene NonTargetingControlGuideForHuman_0343 since it is negative ontrol genes. 
INFO  @ Fri, 28 Aug 2026 21:03:04:   Suppressing the output of gene NonTargetingControlGuideForHuman_0765 since it is negative ontrol genes. 
INFO  @ Fri, 28 Aug 2026 21:03:04:   Suppressing the output of gene NonTargetingControlGuideForHuman_0300 since it is negative ontrol genes. 
INFO  @ Fri, 28 Aug 2026 21:03:04:   Suppressing the output of gene NonTargetingControlGuideForHuman_0615 since it is negative ontrol genes. 
INFO  @ Fri, 28 Aug 2026 21:03:04:   Suppressing the output of gene NonTargetingControlGuideForHuman_0027 since it is negative ontrol genes. 
INFO  @ Fri, 28 Aug 2026 21:03:04:   Suppressing the output of gene NonTargetingControlGuideForHuman_0262 since it is negative ontrol genes. 
INFO  @ Fri, 28 Aug 2026 21:03:04:   Suppressing the output of gene NonTargetingControlGuideForHuman_0684 since it is negative ontrol genes. 
INFO  @ Fri, 28 Aug 2026 21:03:04:   Suppressing the output of gene NonTargetingControlGuideForHuman_0594 since it is negative ontrol genes. 
INFO  @ Fri, 28 Aug 2026 21:03:04:   Suppressing the output of gene NonTargetingControlGuideForHuman_0501 since it is negative ontrol genes. 
INFO  @ Fri, 28 Aug 2026 21:03:04:   Suppressing the output of gene NonTargetingControlGuideForHuman_0193 since it is negative ontrol genes. 
INFO  @ Fri, 28 Aug 2026 21:03:04:   Suppressing the output of gene NonTargetingControlGuideForHuman_0256 since it is negative ontrol genes. 
INFO  @ Fri, 28 Aug 2026 21:03:04:   Suppressing the output of gene NonTargetingControlGuideForHuman_0805 since it is negative ontrol genes. 
INFO  @ Fri, 28 Aug 2026 21:03:04:   Suppressing the output of gene NonTargetingControlGuideForHuman_0195 since it is negative ontrol genes. 
INFO  @ Fri, 28 Aug 2026 21:03:04:   Suppressing the output of gene NonTargetingControlGuideForHuman_0368 since it is negative ontrol genes. 
INFO  @ Fri, 28 Aug 2026 21:03:04:   Suppressing the output of gene NonTargetingControlGuideForHuman_0653 since it is negative ontrol genes. 
INFO  @ Fri, 28 Aug 2026 21:03:04:   Suppressing the output of gene NonTargetingControlGuideForHuman_0129 since it is negative ontrol genes. 
INFO  @ Fri, 28 Aug 2026 21:03:04:   Suppressing the output of gene NonTargetingControlGuideForHuman_0613 since it is negative ontrol genes. 
INFO  @ Fri, 28 Aug 2026 21:03:04:   Suppressing the output of gene NonTargetingControlGuideForHuman_0033 since it is negative ontrol genes. 
INFO  @ Fri, 28 Aug 2026 21:03:04:   Suppressing the output of gene NonTargetingControlGuideForHuman_0328 since it is negative ontrol genes. 
INFO  @ Fri, 28 Aug 2026 21:03:04:   Suppressing the output of gene NonTargetingControlGuideForHuman_0040 since it is negative ontrol genes. 
INFO  @ Fri, 28 Aug 2026 21:03:04:   Suppressing the output of gene NonTargetingControlGuideForHuman_0875 since it is negative ontrol genes. 
INFO  @ Fri, 28 Aug 2026 21:03:04:   Suppressing the output of gene NonTargetingControlGuideForHuman_0770 since it is negative ontrol genes. 
INFO  @ Fri, 28 Aug 2026 21:03:04:   Suppressing the output of gene NonTargetingControlGuideForHuman_0492 since it is negative ontrol genes. 
INFO  @ Fri, 28 Aug 2026 21:03:04:   Suppressing the output of gene NonTargetingControlGuideForHuman_0280 since it is negative ontrol genes. 
INFO  @ Fri, 28 Aug 2026 21:03:04:   Suppressing the output of gene NonTargetingControlGuideForHuman_0497 since it is negative ontrol genes. 
INFO  @ Fri, 28 Aug 2026 21:03:04:   Suppressing the output of gene NonTargetingControlGuideForHuman_0108 since it is negative ontrol genes. 
INFO  @ Fri, 28 Aug 2026 21:03:04:   Suppressing the output of gene NonTargetingControlGuideForHuman_0965 since it is negative ontrol genes. 
INFO  @ Fri, 28 Aug 2026 21:03:04:   Suppressing the output of gene NonTargetingControlGuideForHuman_0695 since it is negative ontrol genes. 
INFO  @ Fri, 28 Aug 2026 21:03:04:   Suppressing the output of gene NonTargetingControlGuideForHuman_0142 since it is negative ontrol genes. 
INFO  @ Fri, 28 Aug 2026 21:03:04:   Suppressing the output of gene NonTargetingControlGuideForHuman_0064 since it is negative ontrol genes. 
INFO  @ Fri, 28 Aug 2026 21:03:04:   Suppressing the output of gene NonTargetingControlGuideForHuman_0023 since it is negative ontrol genes. 
INFO  @ Fri, 28 Aug 2026 21:03:04:   Suppressing the output of gene NonTargetingControlGuideForHuman_0921 since it is negative ontrol genes. 
INFO  @ Fri, 28 Aug 2026 21:03:04:   Suppressing the output of gene NonTargetingControlGuideForHuman_0209 since it is negative ontrol genes. 
INFO  @ Fri, 28 Aug 2026 21:03:04:   Suppressing the output of gene NonTargetingControlGuideForHuman_0486 since it is negative ontrol genes. 
INFO  @ Fri, 28 Aug 2026 21:03:04:   Suppressing the output of gene NonTargetingControlGuideForHuman_0087 since it is negative ontrol genes. 
INFO  @ Fri, 28 Aug 2026 21:03:04:   Suppressing the output of gene NonTargetingControlGuideForHuman_0709 since it is negative ontrol genes. 
INFO  @ Fri, 28 Aug 2026 21:03:04:   Suppressing the output of gene NonTargetingControlGuideForHuman_0463 since it is negative ontrol genes. 
INFO  @ Fri, 28 Aug 2026 21:03:04:   Suppressing the output of gene NonTargetingControlGuideForHuman_0456 since it is negative ontrol genes. 
INFO  @ Fri, 28 Aug 2026 21:03:04:   Suppressing the output of gene NonTargetingControlGuideForHuman_0171 since it is negative ontrol genes. 
INFO  @ Fri, 28 Aug 2026 21:03:04:   Suppressing the output of gene NonTargetingControlGuideForHuman_0543 since it is negative ontrol genes. 
INFO  @ Fri, 28 Aug 2026 21:03:04:   Suppressing the output of gene NonTargetingControlGuideForHuman_0022 since it is negative ontrol genes. 
INFO  @ Fri, 28 Aug 2026 21:03:04:   Suppressing the output of gene NonTargetingControlGuideForHuman_0782 since it is negative ontrol genes. 
INFO  @ Fri, 28 Aug 2026 21:03:04:   Suppressing the output of gene NonTargetingControlGuideForHuman_0633 since it is negative ontrol genes. 
INFO  @ Fri, 28 Aug 2026 21:03:04:   Suppressing the output of gene NonTargetingControlGuideForHuman_0817 since it is negative ontrol genes. 
INFO  @ Fri, 28 Aug 2026 21:03:04:   Suppressing the output of gene NonTargetingControlGuideForHuman_0327 since it is negative ontrol genes. 
INFO  @ Fri, 28 Aug 2026 21:03:04:   Suppressing the output of gene NonTargetingControlGuideForHuman_0558 since it is negative ontrol genes. 
INFO  @ Fri, 28 Aug 2026 21:03:04:   Suppressing the output of gene NonTargetingControlGuideForHuman_0941 since it is negative ontrol genes. 
INFO  @ Fri, 28 Aug 2026 21:03:04:   Suppressing the output of gene NonTargetingControlGuideForHuman_0494 since it is negative ontrol genes. 
INFO  @ Fri, 28 Aug 2026 21:03:04:   Suppressing the output of gene NonTargetingControlGuideForHuman_0926 since it is negative ontrol genes. 
INFO  @ Fri, 28 Aug 2026 21:03:04:   Suppressing the output of gene NonTargetingControlGuideForHuman_0318 since it is negative ontrol genes. 
INFO  @ Fri, 28 Aug 2026 21:03:04:   Suppressing the output of gene NonTargetingControlGuideForHuman_0067 since it is negative ontrol genes. 
INFO  @ Fri, 28 Aug 2026 21:03:04:   Suppressing the output of gene NonTargetingControlGuideForHuman_0620 since it is negative ontrol genes. 
INFO  @ Fri, 28 Aug 2026 21:03:04:   Suppressing the output of gene NonTargetingControlGuideForHuman_0814 since it is negative ontrol genes. 
INFO  @ Fri, 28 Aug 2026 21:03:04:   Suppressing the output of gene NonTargetingControlGuideForHuman_0126 since it is negative ontrol genes. 
INFO  @ Fri, 28 Aug 2026 21:03:04:   Suppressing the output of gene NonTargetingControlGuideForHuman_0344 since it is negative ontrol genes. 
INFO  @ Fri, 28 Aug 2026 21:03:04:   Suppressing the output of gene NonTargetingControlGuideForHuman_0222 since it is negative ontrol genes. 
INFO  @ Fri, 28 Aug 2026 21:03:04:   Suppressing the output of gene NonTargetingControlGuideForHuman_0410 since it is negative ontrol genes. 
INFO  @ Fri, 28 Aug 2026 21:03:04:   Suppressing the output of gene NonTargetingControlGuideForHuman_0460 since it is negative ontrol genes. 
INFO  @ Fri, 28 Aug 2026 21:03:04:   Suppressing the output of gene NonTargetingControlGuideForHuman_0428 since it is negative ontrol genes. 
INFO  @ Fri, 28 Aug 2026 21:03:04:   Suppressing the output of gene NonTargetingControlGuideForHuman_0181 since it is negative ontrol genes. 
INFO  @ Fri, 28 Aug 2026 21:03:05:   Suppressing the output of gene NonTargetingControlGuideForHuman_0397 since it is negative ontrol genes. 
INFO  @ Fri, 28 Aug 2026 21:03:05:   Suppressing the output of gene NonTargetingControlGuideForHuman_0799 since it is negative ontrol genes. 
INFO  @ Fri, 28 Aug 2026 21:03:05:   Suppressing the output of gene NonTargetingControlGuideForHuman_0870 since it is negative ontrol genes. 
INFO  @ Fri, 28 Aug 2026 21:03:05:   Suppressing the output of gene NonTargetingControlGuideForHuman_0182 since it is negative ontrol genes. 
INFO  @ Fri, 28 Aug 2026 21:03:05:   Suppressing the output of gene NonTargetingControlGuideForHuman_0466 since it is negative ontrol genes. 
INFO  @ Fri, 28 Aug 2026 21:03:05:   Suppressing the output of gene NonTargetingControlGuideForHuman_0922 since it is negative ontrol genes. 
INFO  @ Fri, 28 Aug 2026 21:03:05:   Suppressing the output of gene NonTargetingControlGuideForHuman_0122 since it is negative ontrol genes. 
INFO  @ Fri, 28 Aug 2026 21:03:05:   Suppressing the output of gene NonTargetingControlGuideForHuman_0170 since it is negative ontrol genes. 
INFO  @ Fri, 28 Aug 2026 21:03:05:   Suppressing the output of gene NonTargetingControlGuideForHuman_0970 since it is negative ontrol genes. 
INFO  @ Fri, 28 Aug 2026 21:03:05:   Suppressing the output of gene NonTargetingControlGuideForHuman_0901 since it is negative ontrol genes. 
INFO  @ Fri, 28 Aug 2026 21:03:05:   Suppressing the output of gene NonTargetingControlGuideForHuman_0724 since it is negative ontrol genes. 
INFO  @ Fri, 28 Aug 2026 21:03:05:   Suppressing the output of gene NonTargetingControlGuideForHuman_0361 since it is negative ontrol genes. 
INFO  @ Fri, 28 Aug 2026 21:03:05:   Suppressing the output of gene NonTargetingControlGuideForHuman_0370 since it is negative ontrol genes. 
INFO  @ Fri, 28 Aug 2026 21:03:05:   Suppressing the output of gene NonTargetingControlGuideForHuman_0562 since it is negative ontrol genes. 
INFO  @ Fri, 28 Aug 2026 21:03:05:   Suppressing the output of gene NonTargetingControlGuideForHuman_0596 since it is negative ontrol genes. 
INFO  @ Fri, 28 Aug 2026 21:03:05:   Suppressing the output of gene NonTargetingControlGuideForHuman_0601 since it is negative ontrol genes. 
INFO  @ Fri, 28 Aug 2026 21:03:05:   Suppressing the output of gene NonTargetingControlGuideForHuman_0096 since it is negative ontrol genes. 
INFO  @ Fri, 28 Aug 2026 21:03:05:   Suppressing the output of gene NonTargetingControlGuideForHuman_0342 since it is negative ontrol genes. 
INFO  @ Fri, 28 Aug 2026 21:03:05:   Suppressing the output of gene NonTargetingControlGuideForHuman_0333 since it is negative ontrol genes. 
INFO  @ Fri, 28 Aug 2026 21:03:05:   Suppressing the output of gene NonTargetingControlGuideForHuman_1000 since it is negative ontrol genes. 
INFO  @ Fri, 28 Aug 2026 21:03:05:   Suppressing the output of gene NonTargetingControlGuideForHuman_0309 since it is negative ontrol genes. 
INFO  @ Fri, 28 Aug 2026 21:03:05:   Suppressing the output of gene NonTargetingControlGuideForHuman_0743 since it is negative ontrol genes. 
INFO  @ Fri, 28 Aug 2026 21:03:05:   Suppressing the output of gene NonTargetingControlGuideForHuman_0265 since it is negative ontrol genes. 
INFO  @ Fri, 28 Aug 2026 21:03:05:   Suppressing the output of gene NonTargetingControlGuideForHuman_0600 since it is negative ontrol genes. 
INFO  @ Fri, 28 Aug 2026 21:03:05:   Suppressing the output of gene NonTargetingControlGuideForHuman_0933 since it is negative ontrol genes. 
INFO  @ Fri, 28 Aug 2026 21:03:05:   Suppressing the output of gene NonTargetingControlGuideForHuman_0556 since it is negative ontrol genes. 
INFO  @ Fri, 28 Aug 2026 21:03:05:   Suppressing the output of gene NonTargetingControlGuideForHuman_0103 since it is negative ontrol genes. 
INFO  @ Fri, 28 Aug 2026 21:03:05:   Suppressing the output of gene NonTargetingControlGuideForHuman_0751 since it is negative ontrol genes. 
INFO  @ Fri, 28 Aug 2026 21:03:05:   Suppressing the output of gene NonTargetingControlGuideForHuman_0334 since it is negative ontrol genes. 
INFO  @ Fri, 28 Aug 2026 21:03:05:   Suppressing the output of gene NonTargetingControlGuideForHuman_0771 since it is negative ontrol genes. 
INFO  @ Fri, 28 Aug 2026 21:03:05:   Suppressing the output of gene NonTargetingControlGuideForHuman_0478 since it is negative ontrol genes. 
INFO  @ Fri, 28 Aug 2026 21:03:05:   Suppressing the output of gene NonTargetingControlGuideForHuman_0533 since it is negative ontrol genes. 
INFO  @ Fri, 28 Aug 2026 21:03:05:   Suppressing the output of gene NonTargetingControlGuideForHuman_0367 since it is negative ontrol genes. 
INFO  @ Fri, 28 Aug 2026 21:03:05:   Suppressing the output of gene NonTargetingControlGuideForHuman_0697 since it is negative ontrol genes. 
INFO  @ Fri, 28 Aug 2026 21:03:05:   Suppressing the output of gene NonTargetingControlGuideForHuman_0658 since it is negative ontrol genes. 
INFO  @ Fri, 28 Aug 2026 21:03:05:   Suppressing the output of gene NonTargetingControlGuideForHuman_0886 since it is negative ontrol genes. 
INFO  @ Fri, 28 Aug 2026 21:03:05:   Suppressing the output of gene NonTargetingControlGuideForHuman_0339 since it is negative ontrol genes. 
INFO  @ Fri, 28 Aug 2026 21:03:05:   Suppressing the output of gene NonTargetingControlGuideForHuman_0792 since it is negative ontrol genes. 
INFO  @ Fri, 28 Aug 2026 21:03:05:   Suppressing the output of gene NonTargetingControlGuideForHuman_0512 since it is negative ontrol genes. 
INFO  @ Fri, 28 Aug 2026 21:03:05:   Suppressing the output of gene NonTargetingControlGuideForHuman_0842 since it is negative ontrol genes. 
INFO  @ Fri, 28 Aug 2026 21:03:05:   Suppressing the output of gene NonTargetingControlGuideForHuman_0568 since it is negative ontrol genes. 
INFO  @ Fri, 28 Aug 2026 21:03:05:   Suppressing the output of gene NonTargetingControlGuideForHuman_0800 since it is negative ontrol genes. 
INFO  @ Fri, 28 Aug 2026 21:03:05:   Suppressing the output of gene NonTargetingControlGuideForHuman_0725 since it is negative ontrol genes. 
INFO  @ Fri, 28 Aug 2026 21:03:05:   Suppressing the output of gene NonTargetingControlGuideForHuman_0917 since it is negative ontrol genes. 
INFO  @ Fri, 28 Aug 2026 21:03:05:   Suppressing the output of gene NonTargetingControlGuideForHuman_0469 since it is negative ontrol genes. 
INFO  @ Fri, 28 Aug 2026 21:03:05:   Suppressing the output of gene NonTargetingControlGuideForHuman_0745 since it is negative ontrol genes. 
INFO  @ Fri, 28 Aug 2026 21:03:05:   Suppressing the output of gene NonTargetingControlGuideForHuman_0094 since it is negative ontrol genes. 
INFO  @ Fri, 28 Aug 2026 21:03:05:   Suppressing the output of gene NonTargetingControlGuideForHuman_0957 since it is negative ontrol genes. 
INFO  @ Fri, 28 Aug 2026 21:03:05:   Suppressing the output of gene NonTargetingControlGuideForHuman_0815 since it is negative ontrol genes. 
INFO  @ Fri, 28 Aug 2026 21:03:05:   Suppressing the output of gene NonTargetingControlGuideForHuman_0451 since it is negative ontrol genes. 
INFO  @ Fri, 28 Aug 2026 21:03:05:   Suppressing the output of gene NonTargetingControlGuideForHuman_0212 since it is negative ontrol genes. 
INFO  @ Fri, 28 Aug 2026 21:03:05:   Suppressing the output of gene NonTargetingControlGuideForHuman_0877 since it is negative ontrol genes. 
INFO  @ Fri, 28 Aug 2026 21:03:05:   Suppressing the output of gene NonTargetingControlGuideForHuman_0619 since it is negative ontrol genes. 
INFO  @ Fri, 28 Aug 2026 21:03:05:   Suppressing the output of gene NonTargetingControlGuideForHuman_0673 since it is negative ontrol genes. 
INFO  @ Fri, 28 Aug 2026 21:03:05:   Suppressing the output of gene NonTargetingControlGuideForHuman_0526 since it is negative ontrol genes. 
INFO  @ Fri, 28 Aug 2026 21:03:05:   Suppressing the output of gene NonTargetingControlGuideForHuman_0101 since it is negative ontrol genes. 
INFO  @ Fri, 28 Aug 2026 21:03:05:   Suppressing the output of gene NonTargetingControlGuideForHuman_0369 since it is negative ontrol genes. 
INFO  @ Fri, 28 Aug 2026 21:03:05:   Suppressing the output of gene NonTargetingControlGuideForHuman_0531 since it is negative ontrol genes. 
INFO  @ Fri, 28 Aug 2026 21:03:05:   Suppressing the output of gene NonTargetingControlGuideForHuman_0219 since it is negative ontrol genes. 
INFO  @ Fri, 28 Aug 2026 21:03:05:   Suppressing the output of gene NonTargetingControlGuideForHuman_0791 since it is negative ontrol genes. 
INFO  @ Fri, 28 Aug 2026 21:03:05:   Suppressing the output of gene NonTargetingControlGuideForHuman_0415 since it is negative ontrol genes. 
INFO  @ Fri, 28 Aug 2026 21:03:05:   Suppressing the output of gene NonTargetingControlGuideForHuman_0382 since it is negative ontrol genes. 
INFO  @ Fri, 28 Aug 2026 21:03:05:   Suppressing the output of gene NonTargetingControlGuideForHuman_0893 since it is negative ontrol genes. 
INFO  @ Fri, 28 Aug 2026 21:03:05:   Suppressing the output of gene NonTargetingControlGuideForHuman_0991 since it is negative ontrol genes. 
INFO  @ Fri, 28 Aug 2026 21:03:05:   Suppressing the output of gene NonTargetingControlGuideForHuman_0381 since it is negative ontrol genes. 
INFO  @ Fri, 28 Aug 2026 21:03:05:   Suppressing the output of gene NonTargetingControlGuideForHuman_0372 since it is negative ontrol genes. 
INFO  @ Fri, 28 Aug 2026 21:03:05:   Suppressing the output of gene NonTargetingControlGuideForHuman_0034 since it is negative ontrol genes. 
INFO  @ Fri, 28 Aug 2026 21:03:05:   Suppressing the output of gene NonTargetingControlGuideForHuman_0536 since it is negative ontrol genes. 
INFO  @ Fri, 28 Aug 2026 21:03:05:   Suppressing the output of gene NonTargetingControlGuideForHuman_0326 since it is negative ontrol genes. 
INFO  @ Fri, 28 Aug 2026 21:03:05:   Suppressing the output of gene NonTargetingControlGuideForHuman_0238 since it is negative ontrol genes. 
INFO  @ Fri, 28 Aug 2026 21:03:05:   Suppressing the output of gene NonTargetingControlGuideForHuman_0162 since it is negative ontrol genes. 
INFO  @ Fri, 28 Aug 2026 21:03:05:   Suppressing the output of gene NonTargetingControlGuideForHuman_0846 since it is negative ontrol genes. 
INFO  @ Fri, 28 Aug 2026 21:03:05:   Suppressing the output of gene NonTargetingControlGuideForHuman_0873 since it is negative ontrol genes. 
INFO  @ Fri, 28 Aug 2026 21:03:05:   Suppressing the output of gene NonTargetingControlGuideForHuman_0646 since it is negative ontrol genes. 
INFO  @ Fri, 28 Aug 2026 21:03:05:   Suppressing the output of gene NonTargetingControlGuideForHuman_0938 since it is negative ontrol genes. 
INFO  @ Fri, 28 Aug 2026 21:03:05:   Suppressing the output of gene NonTargetingControlGuideForHuman_0955 since it is negative ontrol genes. 
INFO  @ Fri, 28 Aug 2026 21:03:05:   Suppressing the output of gene NonTargetingControlGuideForHuman_0360 since it is negative ontrol genes. 
INFO  @ Fri, 28 Aug 2026 21:03:05:   Suppressing the output of gene NonTargetingControlGuideForHuman_0398 since it is negative ontrol genes. 
INFO  @ Fri, 28 Aug 2026 21:03:05:   Suppressing the output of gene NonTargetingControlGuideForHuman_0715 since it is negative ontrol genes. 
INFO  @ Fri, 28 Aug 2026 21:03:05:   Suppressing the output of gene NonTargetingControlGuideForHuman_0051 since it is negative ontrol genes. 
INFO  @ Fri, 28 Aug 2026 21:03:05:   Suppressing the output of gene NonTargetingControlGuideForHuman_0464 since it is negative ontrol genes. 
INFO  @ Fri, 28 Aug 2026 21:03:05:   Suppressing the output of gene NonTargetingControlGuideForHuman_0164 since it is negative ontrol genes. 
INFO  @ Fri, 28 Aug 2026 21:03:05:   Suppressing the output of gene NonTargetingControlGuideForHuman_0905 since it is negative ontrol genes. 
INFO  @ Fri, 28 Aug 2026 21:03:05:   Suppressing the output of gene NonTargetingControlGuideForHuman_0020 since it is negative ontrol genes. 
INFO  @ Fri, 28 Aug 2026 21:03:05:   Suppressing the output of gene NonTargetingControlGuideForHuman_0322 since it is negative ontrol genes. 
INFO  @ Fri, 28 Aug 2026 21:03:05:   Suppressing the output of gene NonTargetingControlGuideForHuman_0341 since it is negative ontrol genes. 
INFO  @ Fri, 28 Aug 2026 21:03:05:   Suppressing the output of gene NonTargetingControlGuideForHuman_0693 since it is negative ontrol genes. 
INFO  @ Fri, 28 Aug 2026 21:03:05:   Suppressing the output of gene NonTargetingControlGuideForHuman_0179 since it is negative ontrol genes. 
INFO  @ Fri, 28 Aug 2026 21:03:05:   Suppressing the output of gene NonTargetingControlGuideForHuman_0790 since it is negative ontrol genes. 
INFO  @ Fri, 28 Aug 2026 21:03:05:   Suppressing the output of gene NonTargetingControlGuideForHuman_0544 since it is negative ontrol genes. 
INFO  @ Fri, 28 Aug 2026 21:03:05:   Suppressing the output of gene NonTargetingControlGuideForHuman_0123 since it is negative ontrol genes. 
INFO  @ Fri, 28 Aug 2026 21:03:05:   Suppressing the output of gene NonTargetingControlGuideForHuman_0167 since it is negative ontrol genes. 
INFO  @ Fri, 28 Aug 2026 21:03:05:   Suppressing the output of gene NonTargetingControlGuideForHuman_0254 since it is negative ontrol genes. 
INFO  @ Fri, 28 Aug 2026 21:03:05:   Suppressing the output of gene NonTargetingControlGuideForHuman_0848 since it is negative ontrol genes. 
INFO  @ Fri, 28 Aug 2026 21:03:05:   Suppressing the output of gene NonTargetingControlGuideForHuman_0015 since it is negative ontrol genes. 
INFO  @ Fri, 28 Aug 2026 21:03:05:   Suppressing the output of gene NonTargetingControlGuideForHuman_0665 since it is negative ontrol genes. 
INFO  @ Fri, 28 Aug 2026 21:03:05:   Suppressing the output of gene NonTargetingControlGuideForHuman_0710 since it is negative ontrol genes. 
INFO  @ Fri, 28 Aug 2026 21:03:05:   Suppressing the output of gene NonTargetingControlGuideForHuman_0621 since it is negative ontrol genes. 
INFO  @ Fri, 28 Aug 2026 21:03:05:   Suppressing the output of gene NonTargetingControlGuideForHuman_0950 since it is negative ontrol genes. 
INFO  @ Fri, 28 Aug 2026 21:03:05:   Suppressing the output of gene NonTargetingControlGuideForHuman_0017 since it is negative ontrol genes. 
INFO  @ Fri, 28 Aug 2026 21:03:05:   Suppressing the output of gene NonTargetingControlGuideForHuman_0090 since it is negative ontrol genes. 
INFO  @ Fri, 28 Aug 2026 21:03:05:   Suppressing the output of gene NonTargetingControlGuideForHuman_0427 since it is negative ontrol genes. 
INFO  @ Fri, 28 Aug 2026 21:03:05:   Suppressing the output of gene NonTargetingControlGuideForHuman_0686 since it is negative ontrol genes. 
INFO  @ Fri, 28 Aug 2026 21:03:05:   Suppressing the output of gene NonTargetingControlGuideForHuman_0989 since it is negative ontrol genes. 
INFO  @ Fri, 28 Aug 2026 21:03:05:   Suppressing the output of gene NonTargetingControlGuideForHuman_0384 since it is negative ontrol genes. 
INFO  @ Fri, 28 Aug 2026 21:03:05:   Suppressing the output of gene NonTargetingControlGuideForHuman_0981 since it is negative ontrol genes. 
INFO  @ Fri, 28 Aug 2026 21:03:05:   Suppressing the output of gene NonTargetingControlGuideForHuman_0490 since it is negative ontrol genes. 
INFO  @ Fri, 28 Aug 2026 21:03:05:   Suppressing the output of gene NonTargetingControlGuideForHuman_0143 since it is negative ontrol genes. 
INFO  @ Fri, 28 Aug 2026 21:03:05:   Suppressing the output of gene NonTargetingControlGuideForHuman_0110 since it is negative ontrol genes. 
INFO  @ Fri, 28 Aug 2026 21:03:05:   Suppressing the output of gene NonTargetingControlGuideForHuman_0639 since it is negative ontrol genes. 
INFO  @ Fri, 28 Aug 2026 21:03:05:   Suppressing the output of gene NonTargetingControlGuideForHuman_0356 since it is negative ontrol genes. 
INFO  @ Fri, 28 Aug 2026 21:03:05:   Suppressing the output of gene NonTargetingControlGuideForHuman_0380 since it is negative ontrol genes. 
INFO  @ Fri, 28 Aug 2026 21:03:05:   Suppressing the output of gene NonTargetingControlGuideForHuman_0111 since it is negative ontrol genes. 
INFO  @ Fri, 28 Aug 2026 21:03:05:   Suppressing the output of gene NonTargetingControlGuideForHuman_0726 since it is negative ontrol genes. 
INFO  @ Fri, 28 Aug 2026 21:03:05:   Suppressing the output of gene NonTargetingControlGuideForHuman_0120 since it is negative ontrol genes. 
INFO  @ Fri, 28 Aug 2026 21:03:05:   Suppressing the output of gene NonTargetingControlGuideForHuman_0115 since it is negative ontrol genes. 
INFO  @ Fri, 28 Aug 2026 21:03:05:   Suppressing the output of gene NonTargetingControlGuideForHuman_0147 since it is negative ontrol genes. 
INFO  @ Fri, 28 Aug 2026 21:03:05:   Suppressing the output of gene NonTargetingControlGuideForHuman_0001 since it is negative ontrol genes. 
INFO  @ Fri, 28 Aug 2026 21:03:05:   Suppressing the output of gene NonTargetingControlGuideForHuman_0504 since it is negative ontrol genes. 
INFO  @ Fri, 28 Aug 2026 21:03:05:   Suppressing the output of gene NonTargetingControlGuideForHuman_0701 since it is negative ontrol genes. 
INFO  @ Fri, 28 Aug 2026 21:03:05:   Suppressing the output of gene NonTargetingControlGuideForHuman_0301 since it is negative ontrol genes. 
INFO  @ Fri, 28 Aug 2026 21:03:05:   Suppressing the output of gene NonTargetingControlGuideForHuman_0071 since it is negative ontrol genes. 
INFO  @ Fri, 28 Aug 2026 21:03:05:   Suppressing the output of gene NonTargetingControlGuideForHuman_0124 since it is negative ontrol genes. 
INFO  @ Fri, 28 Aug 2026 21:03:05:   Suppressing the output of gene NonTargetingControlGuideForHuman_0572 since it is negative ontrol genes. 
INFO  @ Fri, 28 Aug 2026 21:03:05:   Suppressing the output of gene NonTargetingControlGuideForHuman_0592 since it is negative ontrol genes. 
INFO  @ Fri, 28 Aug 2026 21:03:05:   Suppressing the output of gene NonTargetingControlGuideForHuman_0294 since it is negative ontrol genes. 
INFO  @ Fri, 28 Aug 2026 21:03:05:   Suppressing the output of gene NonTargetingControlGuideForHuman_0496 since it is negative ontrol genes. 
INFO  @ Fri, 28 Aug 2026 21:03:05:   Suppressing the output of gene NonTargetingControlGuideForHuman_0555 since it is negative ontrol genes. 
INFO  @ Fri, 28 Aug 2026 21:03:05:   Suppressing the output of gene NonTargetingControlGuideForHuman_0733 since it is negative ontrol genes. 
INFO  @ Fri, 28 Aug 2026 21:03:05:   Suppressing the output of gene NonTargetingControlGuideForHuman_0479 since it is negative ontrol genes. 
INFO  @ Fri, 28 Aug 2026 21:03:05:   Suppressing the output of gene NonTargetingControlGuideForHuman_0721 since it is negative ontrol genes. 
INFO  @ Fri, 28 Aug 2026 21:03:05:   Suppressing the output of gene NonTargetingControlGuideForHuman_0172 since it is negative ontrol genes. 
INFO  @ Fri, 28 Aug 2026 21:03:05:   Suppressing the output of gene NonTargetingControlGuideForHuman_0396 since it is negative ontrol genes. 
INFO  @ Fri, 28 Aug 2026 21:03:05:   Suppressing the output of gene NonTargetingControlGuideForHuman_0912 since it is negative ontrol genes. 
INFO  @ Fri, 28 Aug 2026 21:03:05:   Suppressing the output of gene NonTargetingControlGuideForHuman_0527 since it is negative ontrol genes. 
INFO  @ Fri, 28 Aug 2026 21:03:05:   Suppressing the output of gene NonTargetingControlGuideForHuman_0781 since it is negative ontrol genes. 
INFO  @ Fri, 28 Aug 2026 21:03:05:   Suppressing the output of gene NonTargetingControlGuideForHuman_0844 since it is negative ontrol genes. 
INFO  @ Fri, 28 Aug 2026 21:03:05:   Suppressing the output of gene NonTargetingControlGuideForHuman_0433 since it is negative ontrol genes. 
INFO  @ Fri, 28 Aug 2026 21:03:05:   Suppressing the output of gene NonTargetingControlGuideForHuman_0323 since it is negative ontrol genes. 
INFO  @ Fri, 28 Aug 2026 21:03:05:   Suppressing the output of gene NonTargetingControlGuideForHuman_0455 since it is negative ontrol genes. 
INFO  @ Fri, 28 Aug 2026 21:03:05:   Suppressing the output of gene NonTargetingControlGuideForHuman_0723 since it is negative ontrol genes. 
INFO  @ Fri, 28 Aug 2026 21:03:05:   Suppressing the output of gene NonTargetingControlGuideForHuman_0246 since it is negative ontrol genes. 
INFO  @ Fri, 28 Aug 2026 21:03:05:   Suppressing the output of gene NonTargetingControlGuideForHuman_0946 since it is negative ontrol genes. 
INFO  @ Fri, 28 Aug 2026 21:03:05:   Suppressing the output of gene NonTargetingControlGuideForHuman_0371 since it is negative ontrol genes. 
INFO  @ Fri, 28 Aug 2026 21:03:05:   Suppressing the output of gene NonTargetingControlGuideForHuman_0903 since it is negative ontrol genes. 
INFO  @ Fri, 28 Aug 2026 21:03:05:   Suppressing the output of gene NonTargetingControlGuideForHuman_0148 since it is negative ontrol genes. 
INFO  @ Fri, 28 Aug 2026 21:03:05:   Suppressing the output of gene NonTargetingControlGuideForHuman_0602 since it is negative ontrol genes. 
INFO  @ Fri, 28 Aug 2026 21:03:05:   Suppressing the output of gene NonTargetingControlGuideForHuman_0631 since it is negative ontrol genes. 
INFO  @ Fri, 28 Aug 2026 21:03:05:   Suppressing the output of gene NonTargetingControlGuideForHuman_0966 since it is negative ontrol genes. 
INFO  @ Fri, 28 Aug 2026 21:03:05:   Suppressing the output of gene NonTargetingControlGuideForHuman_0703 since it is negative ontrol genes. 
INFO  @ Fri, 28 Aug 2026 21:03:05:   Suppressing the output of gene NonTargetingControlGuideForHuman_0019 since it is negative ontrol genes. 
INFO  @ Fri, 28 Aug 2026 21:03:05:   Suppressing the output of gene NonTargetingControlGuideForHuman_0534 since it is negative ontrol genes. 
INFO  @ Fri, 28 Aug 2026 21:03:05:   Suppressing the output of gene NonTargetingControlGuideForHuman_0515 since it is negative ontrol genes. 
INFO  @ Fri, 28 Aug 2026 21:03:05:   Suppressing the output of gene NonTargetingControlGuideForHuman_0690 since it is negative ontrol genes. 
INFO  @ Fri, 28 Aug 2026 21:03:05:   Suppressing the output of gene NonTargetingControlGuideForHuman_0879 since it is negative ontrol genes. 
INFO  @ Fri, 28 Aug 2026 21:03:05:   Suppressing the output of gene NonTargetingControlGuideForHuman_0638 since it is negative ontrol genes. 
INFO  @ Fri, 28 Aug 2026 21:03:05:   Suppressing the output of gene NonTargetingControlGuideForHuman_0654 since it is negative ontrol genes. 
INFO  @ Fri, 28 Aug 2026 21:03:05:   Suppressing the output of gene NonTargetingControlGuideForHuman_0392 since it is negative ontrol genes. 
INFO  @ Fri, 28 Aug 2026 21:03:05:   Suppressing the output of gene NonTargetingControlGuideForHuman_0215 since it is negative ontrol genes. 
INFO  @ Fri, 28 Aug 2026 21:03:05:   Suppressing the output of gene NonTargetingControlGuideForHuman_0267 since it is negative ontrol genes. 
INFO  @ Fri, 28 Aug 2026 21:03:05:   Suppressing the output of gene NonTargetingControlGuideForHuman_0734 since it is negative ontrol genes. 
INFO  @ Fri, 28 Aug 2026 21:03:05:   Suppressing the output of gene NonTargetingControlGuideForHuman_0093 since it is negative ontrol genes. 
INFO  @ Fri, 28 Aug 2026 21:03:05:   Suppressing the output of gene NonTargetingControlGuideForHuman_0830 since it is negative ontrol genes. 
INFO  @ Fri, 28 Aug 2026 21:03:05:   Suppressing the output of gene NonTargetingControlGuideForHuman_0567 since it is negative ontrol genes. 
INFO  @ Fri, 28 Aug 2026 21:03:05:   Suppressing the output of gene NonTargetingControlGuideForHuman_0947 since it is negative ontrol genes. 
INFO  @ Fri, 28 Aug 2026 21:03:05:   Suppressing the output of gene NonTargetingControlGuideForHuman_0986 since it is negative ontrol genes. 
INFO  @ Fri, 28 Aug 2026 21:03:05:   Suppressing the output of gene NonTargetingControlGuideForHuman_0559 since it is negative ontrol genes. 
INFO  @ Fri, 28 Aug 2026 21:03:05:   Suppressing the output of gene NonTargetingControlGuideForHuman_0425 since it is negative ontrol genes. 
INFO  @ Fri, 28 Aug 2026 21:03:05:   Suppressing the output of gene NonTargetingControlGuideForHuman_0281 since it is negative ontrol genes. 
INFO  @ Fri, 28 Aug 2026 21:03:05:   Suppressing the output of gene NonTargetingControlGuideForHuman_0578 since it is negative ontrol genes. 
INFO  @ Fri, 28 Aug 2026 21:03:05:   Suppressing the output of gene NonTargetingControlGuideForHuman_0083 since it is negative ontrol genes. 
INFO  @ Fri, 28 Aug 2026 21:03:05:   Suppressing the output of gene NonTargetingControlGuideForHuman_0808 since it is negative ontrol genes. 
INFO  @ Fri, 28 Aug 2026 21:03:05:   Suppressing the output of gene NonTargetingControlGuideForHuman_0585 since it is negative ontrol genes. 
INFO  @ Fri, 28 Aug 2026 21:03:05:   Suppressing the output of gene NonTargetingControlGuideForHuman_0860 since it is negative ontrol genes. 
INFO  @ Fri, 28 Aug 2026 21:03:05:   Suppressing the output of gene NonTargetingControlGuideForHuman_0605 since it is negative ontrol genes. 
INFO  @ Fri, 28 Aug 2026 21:03:05:   Suppressing the output of gene NonTargetingControlGuideForHuman_0474 since it is negative ontrol genes. 
INFO  @ Fri, 28 Aug 2026 21:03:05:   Suppressing the output of gene NonTargetingControlGuideForHuman_0403 since it is negative ontrol genes. 
INFO  @ Fri, 28 Aug 2026 21:03:05:   Suppressing the output of gene NonTargetingControlGuideForHuman_0959 since it is negative ontrol genes. 
INFO  @ Fri, 28 Aug 2026 21:03:05:   Suppressing the output of gene NonTargetingControlGuideForHuman_0573 since it is negative ontrol genes. 
INFO  @ Fri, 28 Aug 2026 21:03:05:   Suppressing the output of gene NonTargetingControlGuideForHuman_0287 since it is negative ontrol genes. 
INFO  @ Fri, 28 Aug 2026 21:03:05:   Suppressing the output of gene NonTargetingControlGuideForHuman_0680 since it is negative ontrol genes. 
INFO  @ Fri, 28 Aug 2026 21:03:05:   Suppressing the output of gene NonTargetingControlGuideForHuman_0943 since it is negative ontrol genes. 
INFO  @ Fri, 28 Aug 2026 21:03:05:   Suppressing the output of gene NonTargetingControlGuideForHuman_0324 since it is negative ontrol genes. 
INFO  @ Fri, 28 Aug 2026 21:03:05:   Suppressing the output of gene NonTargetingControlGuideForHuman_0823 since it is negative ontrol genes. 
INFO  @ Fri, 28 Aug 2026 21:03:05:   Suppressing the output of gene NonTargetingControlGuideForHuman_0865 since it is negative ontrol genes. 
INFO  @ Fri, 28 Aug 2026 21:03:05:   Suppressing the output of gene NonTargetingControlGuideForHuman_0227 since it is negative ontrol genes. 
INFO  @ Fri, 28 Aug 2026 21:03:05:   Suppressing the output of gene NonTargetingControlGuideForHuman_0855 since it is negative ontrol genes. 
INFO  @ Fri, 28 Aug 2026 21:03:05:   Suppressing the output of gene NonTargetingControlGuideForHuman_0972 since it is negative ontrol genes. 
INFO  @ Fri, 28 Aug 2026 21:03:05:   Suppressing the output of gene NonTargetingControlGuideForHuman_0379 since it is negative ontrol genes. 
INFO  @ Fri, 28 Aug 2026 21:03:05:   Suppressing the output of gene NonTargetingControlGuideForHuman_0312 since it is negative ontrol genes. 
INFO  @ Fri, 28 Aug 2026 21:03:05:   Suppressing the output of gene NonTargetingControlGuideForHuman_0018 since it is negative ontrol genes. 
INFO  @ Fri, 28 Aug 2026 21:03:05:   Suppressing the output of gene NonTargetingControlGuideForHuman_0205 since it is negative ontrol genes. 
INFO  @ Fri, 28 Aug 2026 21:03:05:   Suppressing the output of gene NonTargetingControlGuideForHuman_0880 since it is negative ontrol genes. 
INFO  @ Fri, 28 Aug 2026 21:03:05:   Suppressing the output of gene NonTargetingControlGuideForHuman_0060 since it is negative ontrol genes. 
INFO  @ Fri, 28 Aug 2026 21:03:05:   Suppressing the output of gene NonTargetingControlGuideForHuman_0854 since it is negative ontrol genes. 
INFO  @ Fri, 28 Aug 2026 21:03:05:   Suppressing the output of gene NonTargetingControlGuideForHuman_0971 since it is negative ontrol genes. 
INFO  @ Fri, 28 Aug 2026 21:03:05:   Suppressing the output of gene NonTargetingControlGuideForHuman_0807 since it is negative ontrol genes. 
INFO  @ Fri, 28 Aug 2026 21:03:05:   Suppressing the output of gene NonTargetingControlGuideForHuman_0995 since it is negative ontrol genes. 
INFO  @ Fri, 28 Aug 2026 21:03:05:   Suppressing the output of gene NonTargetingControlGuideForHuman_0116 since it is negative ontrol genes. 
INFO  @ Fri, 28 Aug 2026 21:03:05:   Suppressing the output of gene NonTargetingControlGuideForHuman_0306 since it is negative ontrol genes. 
INFO  @ Fri, 28 Aug 2026 21:03:05:   Suppressing the output of gene NonTargetingControlGuideForHuman_0429 since it is negative ontrol genes. 
INFO  @ Fri, 28 Aug 2026 21:03:05:   Suppressing the output of gene NonTargetingControlGuideForHuman_0935 since it is negative ontrol genes. 
INFO  @ Fri, 28 Aug 2026 21:03:05:   Suppressing the output of gene NonTargetingControlGuideForHuman_0044 since it is negative ontrol genes. 
INFO  @ Fri, 28 Aug 2026 21:03:05:   Suppressing the output of gene NonTargetingControlGuideForHuman_0395 since it is negative ontrol genes. 
INFO  @ Fri, 28 Aug 2026 21:03:05:   Suppressing the output of gene NonTargetingControlGuideForHuman_0641 since it is negative ontrol genes. 
INFO  @ Fri, 28 Aug 2026 21:03:05:   Suppressing the output of gene NonTargetingControlGuideForHuman_0239 since it is negative ontrol genes. 
INFO  @ Fri, 28 Aug 2026 21:03:05:   Suppressing the output of gene NonTargetingControlGuideForHuman_0303 since it is negative ontrol genes. 
INFO  @ Fri, 28 Aug 2026 21:03:05:   Suppressing the output of gene NonTargetingControlGuideForHuman_0169 since it is negative ontrol genes. 
INFO  @ Fri, 28 Aug 2026 21:03:05:   Suppressing the output of gene NonTargetingControlGuideForHuman_0014 since it is negative ontrol genes. 
INFO  @ Fri, 28 Aug 2026 21:03:05:   Suppressing the output of gene NonTargetingControlGuideForHuman_0961 since it is negative ontrol genes. 
INFO  @ Fri, 28 Aug 2026 21:03:05:   Suppressing the output of gene NonTargetingControlGuideForHuman_0154 since it is negative ontrol genes. 
INFO  @ Fri, 28 Aug 2026 21:03:05:   Suppressing the output of gene NonTargetingControlGuideForHuman_0892 since it is negative ontrol genes. 
INFO  @ Fri, 28 Aug 2026 21:03:05:   Suppressing the output of gene NonTargetingControlGuideForHuman_0634 since it is negative ontrol genes. 
INFO  @ Fri, 28 Aug 2026 21:03:05:   Suppressing the output of gene NonTargetingControlGuideForHuman_0775 since it is negative ontrol genes. 
INFO  @ Fri, 28 Aug 2026 21:03:05:   Suppressing the output of gene NonTargetingControlGuideForHuman_0276 since it is negative ontrol genes. 
INFO  @ Fri, 28 Aug 2026 21:03:05:   Suppressing the output of gene NonTargetingControlGuideForHuman_0408 since it is negative ontrol genes. 
INFO  @ Fri, 28 Aug 2026 21:03:05:   Suppressing the output of gene NonTargetingControlGuideForHuman_0563 since it is negative ontrol genes. 
INFO  @ Fri, 28 Aug 2026 21:03:05:   Suppressing the output of gene NonTargetingControlGuideForHuman_0750 since it is negative ontrol genes. 
INFO  @ Fri, 28 Aug 2026 21:03:05:   Suppressing the output of gene NonTargetingControlGuideForHuman_0801 since it is negative ontrol genes. 
INFO  @ Fri, 28 Aug 2026 21:03:05:   Suppressing the output of gene NonTargetingControlGuideForHuman_0166 since it is negative ontrol genes. 
INFO  @ Fri, 28 Aug 2026 21:03:05:   Suppressing the output of gene NonTargetingControlGuideForHuman_0632 since it is negative ontrol genes. 
INFO  @ Fri, 28 Aug 2026 21:03:05:   Suppressing the output of gene NonTargetingControlGuideForHuman_0836 since it is negative ontrol genes. 
INFO  @ Fri, 28 Aug 2026 21:03:05:   Suppressing the output of gene NonTargetingControlGuideForHuman_0661 since it is negative ontrol genes. 
INFO  @ Fri, 28 Aug 2026 21:03:05:   Suppressing the output of gene NonTargetingControlGuideForHuman_0349 since it is negative ontrol genes. 
INFO  @ Fri, 28 Aug 2026 21:03:05:   Suppressing the output of gene NonTargetingControlGuideForHuman_0359 since it is negative ontrol genes. 
INFO  @ Fri, 28 Aug 2026 21:03:05:   Suppressing the output of gene NonTargetingControlGuideForHuman_0549 since it is negative ontrol genes. 
INFO  @ Fri, 28 Aug 2026 21:03:05:   Suppressing the output of gene NonTargetingControlGuideForHuman_0366 since it is negative ontrol genes. 
INFO  @ Fri, 28 Aug 2026 21:03:05:   Suppressing the output of gene NonTargetingControlGuideForHuman_0449 since it is negative ontrol genes. 
INFO  @ Fri, 28 Aug 2026 21:03:05:   Suppressing the output of gene NonTargetingControlGuideForHuman_0662 since it is negative ontrol genes. 
INFO  @ Fri, 28 Aug 2026 21:03:05:   Suppressing the output of gene NonTargetingControlGuideForHuman_0595 since it is negative ontrol genes. 
INFO  @ Fri, 28 Aug 2026 21:03:05:   Suppressing the output of gene NonTargetingControlGuideForHuman_0911 since it is negative ontrol genes. 
INFO  @ Fri, 28 Aug 2026 21:03:05:   Suppressing the output of gene NonTargetingControlGuideForHuman_0924 since it is negative ontrol genes. 
INFO  @ Fri, 28 Aug 2026 21:03:05:   Suppressing the output of gene NonTargetingControlGuideForHuman_0586 since it is negative ontrol genes. 
INFO  @ Fri, 28 Aug 2026 21:03:05:   Suppressing the output of gene NonTargetingControlGuideForHuman_0462 since it is negative ontrol genes. 
INFO  @ Fri, 28 Aug 2026 21:03:05:   Suppressing the output of gene NonTargetingControlGuideForHuman_0121 since it is negative ontrol genes. 
INFO  @ Fri, 28 Aug 2026 21:03:05:   Suppressing the output of gene NonTargetingControlGuideForHuman_0153 since it is negative ontrol genes. 
INFO  @ Fri, 28 Aug 2026 21:03:05:   Suppressing the output of gene NonTargetingControlGuideForHuman_0208 since it is negative ontrol genes. 
INFO  @ Fri, 28 Aug 2026 21:03:05:   Suppressing the output of gene NonTargetingControlGuideForHuman_0678 since it is negative ontrol genes. 
INFO  @ Fri, 28 Aug 2026 21:03:05:   Suppressing the output of gene NonTargetingControlGuideForHuman_0467 since it is negative ontrol genes. 
INFO  @ Fri, 28 Aug 2026 21:03:05:   Suppressing the output of gene NonTargetingControlGuideForHuman_0517 since it is negative ontrol genes. 
INFO  @ Fri, 28 Aug 2026 21:03:05:   Suppressing the output of gene NonTargetingControlGuideForHuman_0819 since it is negative ontrol genes. 
INFO  @ Fri, 28 Aug 2026 21:03:05:   Suppressing the output of gene NonTargetingControlGuideForHuman_0953 since it is negative ontrol genes. 
INFO  @ Fri, 28 Aug 2026 21:03:05:   Suppressing the output of gene NonTargetingControlGuideForHuman_0858 since it is negative ontrol genes. 
INFO  @ Fri, 28 Aug 2026 21:03:05:   Suppressing the output of gene NonTargetingControlGuideForHuman_0145 since it is negative ontrol genes. 
INFO  @ Fri, 28 Aug 2026 21:03:05:   Suppressing the output of gene NonTargetingControlGuideForHuman_0092 since it is negative ontrol genes. 
INFO  @ Fri, 28 Aug 2026 21:03:05:   Suppressing the output of gene NonTargetingControlGuideForHuman_0102 since it is negative ontrol genes. 
INFO  @ Fri, 28 Aug 2026 21:03:05:   Suppressing the output of gene NonTargetingControlGuideForHuman_0580 since it is negative ontrol genes. 
INFO  @ Fri, 28 Aug 2026 21:03:05:   Suppressing the output of gene NonTargetingControlGuideForHuman_0789 since it is negative ontrol genes. 
INFO  @ Fri, 28 Aug 2026 21:03:05:   Suppressing the output of gene NonTargetingControlGuideForHuman_0928 since it is negative ontrol genes. 
INFO  @ Fri, 28 Aug 2026 21:03:05:   Suppressing the output of gene NonTargetingControlGuideForHuman_0913 since it is negative ontrol genes. 
INFO  @ Fri, 28 Aug 2026 21:03:05:   Suppressing the output of gene NonTargetingControlGuideForHuman_0364 since it is negative ontrol genes. 
INFO  @ Fri, 28 Aug 2026 21:03:05:   Suppressing the output of gene NonTargetingControlGuideForHuman_0685 since it is negative ontrol genes. 
INFO  @ Fri, 28 Aug 2026 21:03:05:   Suppressing the output of gene NonTargetingControlGuideForHuman_0422 since it is negative ontrol genes. 
INFO  @ Fri, 28 Aug 2026 21:03:05:   Suppressing the output of gene NonTargetingControlGuideForHuman_0535 since it is negative ontrol genes. 
INFO  @ Fri, 28 Aug 2026 21:03:05:   Suppressing the output of gene NonTargetingControlGuideForHuman_0617 since it is negative ontrol genes. 
INFO  @ Fri, 28 Aug 2026 21:03:05:   Suppressing the output of gene NonTargetingControlGuideForHuman_0768 since it is negative ontrol genes. 
INFO  @ Fri, 28 Aug 2026 21:03:05:   Suppressing the output of gene NonTargetingControlGuideForHuman_0787 since it is negative ontrol genes. 
INFO  @ Fri, 28 Aug 2026 21:03:05:   Suppressing the output of gene NonTargetingControlGuideForHuman_0996 since it is negative ontrol genes. 
INFO  @ Fri, 28 Aug 2026 21:03:05:   Suppressing the output of gene NonTargetingControlGuideForHuman_0657 since it is negative ontrol genes. 
INFO  @ Fri, 28 Aug 2026 21:03:05:   Suppressing the output of gene NonTargetingControlGuideForHuman_0419 since it is negative ontrol genes. 
INFO  @ Fri, 28 Aug 2026 21:03:05:   Suppressing the output of gene NonTargetingControlGuideForHuman_0432 since it is negative ontrol genes. 
INFO  @ Fri, 28 Aug 2026 21:03:05:   Suppressing the output of gene NonTargetingControlGuideForHuman_0050 since it is negative ontrol genes. 
INFO  @ Fri, 28 Aug 2026 21:03:05:   Suppressing the output of gene NonTargetingControlGuideForHuman_0457 since it is negative ontrol genes. 
INFO  @ Fri, 28 Aug 2026 21:03:05:   Suppressing the output of gene NonTargetingControlGuideForHuman_0416 since it is negative ontrol genes. 
INFO  @ Fri, 28 Aug 2026 21:03:05:   Suppressing the output of gene NonTargetingControlGuideForHuman_0089 since it is negative ontrol genes. 
INFO  @ Fri, 28 Aug 2026 21:03:05:   Suppressing the output of gene NonTargetingControlGuideForHuman_0130 since it is negative ontrol genes. 
INFO  @ Fri, 28 Aug 2026 21:03:05:   Suppressing the output of gene NonTargetingControlGuideForHuman_0292 since it is negative ontrol genes. 
INFO  @ Fri, 28 Aug 2026 21:03:05:   Suppressing the output of gene NonTargetingControlGuideForHuman_0417 since it is negative ontrol genes. 
INFO  @ Fri, 28 Aug 2026 21:03:05:   Suppressing the output of gene NonTargetingControlGuideForHuman_0651 since it is negative ontrol genes. 
INFO  @ Fri, 28 Aug 2026 21:03:05:   Suppressing the output of gene NonTargetingControlGuideForHuman_0112 since it is negative ontrol genes. 
INFO  @ Fri, 28 Aug 2026 21:03:05:   Suppressing the output of gene NonTargetingControlGuideForHuman_0188 since it is negative ontrol genes. 
INFO  @ Fri, 28 Aug 2026 21:03:05:   Suppressing the output of gene NonTargetingControlGuideForHuman_0759 since it is negative ontrol genes. 
INFO  @ Fri, 28 Aug 2026 21:03:05:   Suppressing the output of gene NonTargetingControlGuideForHuman_0788 since it is negative ontrol genes. 
INFO  @ Fri, 28 Aug 2026 21:03:05:   Suppressing the output of gene NonTargetingControlGuideForHuman_0749 since it is negative ontrol genes. 
INFO  @ Fri, 28 Aug 2026 21:03:05:   Suppressing the output of gene NonTargetingControlGuideForHuman_0561 since it is negative ontrol genes. 
INFO  @ Fri, 28 Aug 2026 21:03:05:   Suppressing the output of gene NonTargetingControlGuideForHuman_0218 since it is negative ontrol genes. 
INFO  @ Fri, 28 Aug 2026 21:03:05:   Suppressing the output of gene NonTargetingControlGuideForHuman_0990 since it is negative ontrol genes. 
INFO  @ Fri, 28 Aug 2026 21:03:05:   Suppressing the output of gene NonTargetingControlGuideForHuman_0927 since it is negative ontrol genes. 
INFO  @ Fri, 28 Aug 2026 21:03:05:   Suppressing the output of gene NonTargetingControlGuideForHuman_0692 since it is negative ontrol genes. 
INFO  @ Fri, 28 Aug 2026 21:03:05:   Suppressing the output of gene NonTargetingControlGuideForHuman_0176 since it is negative ontrol genes. 
INFO  @ Fri, 28 Aug 2026 21:03:05:   Suppressing the output of gene NonTargetingControlGuideForHuman_0729 since it is negative ontrol genes. 
INFO  @ Fri, 28 Aug 2026 21:03:05:   Suppressing the output of gene NonTargetingControlGuideForHuman_0375 since it is negative ontrol genes. 
INFO  @ Fri, 28 Aug 2026 21:03:05:   Suppressing the output of gene NonTargetingControlGuideForHuman_0829 since it is negative ontrol genes. 
INFO  @ Fri, 28 Aug 2026 21:03:05:   Suppressing the output of gene NonTargetingControlGuideForHuman_0645 since it is negative ontrol genes. 
INFO  @ Fri, 28 Aug 2026 21:03:05:   Suppressing the output of gene NonTargetingControlGuideForHuman_0606 since it is negative ontrol genes. 
INFO  @ Fri, 28 Aug 2026 21:03:05:   Suppressing the output of gene NonTargetingControlGuideForHuman_0045 since it is negative ontrol genes. 
INFO  @ Fri, 28 Aug 2026 21:03:05:   Suppressing the output of gene NonTargetingControlGuideForHuman_0831 since it is negative ontrol genes. 
INFO  @ Fri, 28 Aug 2026 21:03:05:   Suppressing the output of gene NonTargetingControlGuideForHuman_0128 since it is negative ontrol genes. 
INFO  @ Fri, 28 Aug 2026 21:03:05:   Suppressing the output of gene NonTargetingControlGuideForHuman_0910 since it is negative ontrol genes. 
INFO  @ Fri, 28 Aug 2026 21:03:05:   Suppressing the output of gene NonTargetingControlGuideForHuman_0581 since it is negative ontrol genes. 
INFO  @ Fri, 28 Aug 2026 21:03:05:   Suppressing the output of gene NonTargetingControlGuideForHuman_0063 since it is negative ontrol genes. 
INFO  @ Fri, 28 Aug 2026 21:03:05:   Suppressing the output of gene NonTargetingControlGuideForHuman_0748 since it is negative ontrol genes. 
INFO  @ Fri, 28 Aug 2026 21:03:05:   Suppressing the output of gene NonTargetingControlGuideForHuman_0350 since it is negative ontrol genes. 
INFO  @ Fri, 28 Aug 2026 21:03:05:   Suppressing the output of gene NonTargetingControlGuideForHuman_0762 since it is negative ontrol genes. 
INFO  @ Fri, 28 Aug 2026 21:03:05:   Suppressing the output of gene NonTargetingControlGuideForHuman_0418 since it is negative ontrol genes. 
INFO  @ Fri, 28 Aug 2026 21:03:05:   Suppressing the output of gene NonTargetingControlGuideForHuman_0824 since it is negative ontrol genes. 
INFO  @ Fri, 28 Aug 2026 21:03:05:   Suppressing the output of gene NonTargetingControlGuideForHuman_0909 since it is negative ontrol genes. 
INFO  @ Fri, 28 Aug 2026 21:03:05:   Suppressing the output of gene NonTargetingControlGuideForHuman_0046 since it is negative ontrol genes. 
INFO  @ Fri, 28 Aug 2026 21:03:05:   Suppressing the output of gene NonTargetingControlGuideForHuman_0612 since it is negative ontrol genes. 
INFO  @ Fri, 28 Aug 2026 21:03:05:   Suppressing the output of gene NonTargetingControlGuideForHuman_0284 since it is negative ontrol genes. 
INFO  @ Fri, 28 Aug 2026 21:03:05:   Suppressing the output of gene NonTargetingControlGuideForHuman_0269 since it is negative ontrol genes. 
INFO  @ Fri, 28 Aug 2026 21:03:05:   Suppressing the output of gene NonTargetingControlGuideForHuman_0275 since it is negative ontrol genes. 
INFO  @ Fri, 28 Aug 2026 21:03:05:   Suppressing the output of gene NonTargetingControlGuideForHuman_0498 since it is negative ontrol genes. 
INFO  @ Fri, 28 Aug 2026 21:03:05:   Suppressing the output of gene NonTargetingControlGuideForHuman_0683 since it is negative ontrol genes. 
INFO  @ Fri, 28 Aug 2026 21:03:05:   Suppressing the output of gene NonTargetingControlGuideForHuman_0313 since it is negative ontrol genes. 
INFO  @ Fri, 28 Aug 2026 21:03:05:   Suppressing the output of gene NonTargetingControlGuideForHuman_0085 since it is negative ontrol genes. 
INFO  @ Fri, 28 Aug 2026 21:03:05:   Suppressing the output of gene NonTargetingControlGuideForHuman_0363 since it is negative ontrol genes. 
INFO  @ Fri, 28 Aug 2026 21:03:05:   Suppressing the output of gene NonTargetingControlGuideForHuman_0362 since it is negative ontrol genes. 
INFO  @ Fri, 28 Aug 2026 21:03:05:   Suppressing the output of gene NonTargetingControlGuideForHuman_0934 since it is negative ontrol genes. 
INFO  @ Fri, 28 Aug 2026 21:03:05:   Suppressing the output of gene NonTargetingControlGuideForHuman_0373 since it is negative ontrol genes. 
INFO  @ Fri, 28 Aug 2026 21:03:05:   Suppressing the output of gene NonTargetingControlGuideForHuman_0565 since it is negative ontrol genes. 
INFO  @ Fri, 28 Aug 2026 21:03:05:   Suppressing the output of gene NonTargetingControlGuideForHuman_0524 since it is negative ontrol genes. 
INFO  @ Fri, 28 Aug 2026 21:03:05:   Suppressing the output of gene NonTargetingControlGuideForHuman_0151 since it is negative ontrol genes. 
INFO  @ Fri, 28 Aug 2026 21:03:05:   Suppressing the output of gene NonTargetingControlGuideForHuman_0106 since it is negative ontrol genes. 
INFO  @ Fri, 28 Aug 2026 21:03:05:   Suppressing the output of gene NonTargetingControlGuideForHuman_0243 since it is negative ontrol genes. 
INFO  @ Fri, 28 Aug 2026 21:03:05:   Suppressing the output of gene NonTargetingControlGuideForHuman_0904 since it is negative ontrol genes. 
INFO  @ Fri, 28 Aug 2026 21:03:05:   Suppressing the output of gene NonTargetingControlGuideForHuman_0409 since it is negative ontrol genes. 
INFO  @ Fri, 28 Aug 2026 21:03:05:   Suppressing the output of gene NonTargetingControlGuideForHuman_0720 since it is negative ontrol genes. 
INFO  @ Fri, 28 Aug 2026 21:03:05:   Suppressing the output of gene NonTargetingControlGuideForHuman_0984 since it is negative ontrol genes. 
INFO  @ Fri, 28 Aug 2026 21:03:05:   Suppressing the output of gene NonTargetingControlGuideForHuman_0430 since it is negative ontrol genes. 
INFO  @ Fri, 28 Aug 2026 21:03:05:   Suppressing the output of gene NonTargetingControlGuideForHuman_0477 since it is negative ontrol genes. 
INFO  @ Fri, 28 Aug 2026 21:03:05:   Suppressing the output of gene NonTargetingControlGuideForHuman_0642 since it is negative ontrol genes. 
INFO  @ Fri, 28 Aug 2026 21:03:05:   Suppressing the output of gene NonTargetingControlGuideForHuman_0196 since it is negative ontrol genes. 
INFO  @ Fri, 28 Aug 2026 21:03:05:   Suppressing the output of gene NonTargetingControlGuideForHuman_0719 since it is negative ontrol genes. 
INFO  @ Fri, 28 Aug 2026 21:03:05:   Suppressing the output of gene NonTargetingControlGuideForHuman_0406 since it is negative ontrol genes. 
INFO  @ Fri, 28 Aug 2026 21:03:05:   Suppressing the output of gene NonTargetingControlGuideForHuman_0203 since it is negative ontrol genes. 
INFO  @ Fri, 28 Aug 2026 21:03:05:   Suppressing the output of gene NonTargetingControlGuideForHuman_0931 since it is negative ontrol genes. 
INFO  @ Fri, 28 Aug 2026 21:03:05:   Suppressing the output of gene NonTargetingControlGuideForHuman_0330 since it is negative ontrol genes. 
INFO  @ Fri, 28 Aug 2026 21:03:05:   Suppressing the output of gene NonTargetingControlGuideForHuman_0896 since it is negative ontrol genes. 
INFO  @ Fri, 28 Aug 2026 21:03:05:   Suppressing the output of gene NonTargetingControlGuideForHuman_0583 since it is negative ontrol genes. 
INFO  @ Fri, 28 Aug 2026 21:03:05:   Suppressing the output of gene NonTargetingControlGuideForHuman_0629 since it is negative ontrol genes. 
INFO  @ Fri, 28 Aug 2026 21:03:05:   Suppressing the output of gene NonTargetingControlGuideForHuman_0273 since it is negative ontrol genes. 
INFO  @ Fri, 28 Aug 2026 21:03:05:   Suppressing the output of gene NonTargetingControlGuideForHuman_0777 since it is negative ontrol genes. 
INFO  @ Fri, 28 Aug 2026 21:03:05:   Suppressing the output of gene NonTargetingControlGuideForHuman_0095 since it is negative ontrol genes. 
INFO  @ Fri, 28 Aug 2026 21:03:05:   Suppressing the output of gene NonTargetingControlGuideForHuman_0818 since it is negative ontrol genes. 
INFO  @ Fri, 28 Aug 2026 21:03:05:   Suppressing the output of gene NonTargetingControlGuideForHuman_0652 since it is negative ontrol genes. 
INFO  @ Fri, 28 Aug 2026 21:03:05:   Suppressing the output of gene NonTargetingControlGuideForHuman_0648 since it is negative ontrol genes. 
INFO  @ Fri, 28 Aug 2026 21:03:05:   Suppressing the output of gene NonTargetingControlGuideForHuman_0315 since it is negative ontrol genes. 
INFO  @ Fri, 28 Aug 2026 21:03:05:   Suppressing the output of gene NonTargetingControlGuideForHuman_0976 since it is negative ontrol genes. 
INFO  @ Fri, 28 Aug 2026 21:03:05:   Suppressing the output of gene NonTargetingControlGuideForHuman_0997 since it is negative ontrol genes. 
INFO  @ Fri, 28 Aug 2026 21:03:05:   Suppressing the output of gene NonTargetingControlGuideForHuman_0214 since it is negative ontrol genes. 
INFO  @ Fri, 28 Aug 2026 21:03:05:   Suppressing the output of gene NonTargetingControlGuideForHuman_0117 since it is negative ontrol genes. 
INFO  @ Fri, 28 Aug 2026 21:03:05:   Suppressing the output of gene NonTargetingControlGuideForHuman_0546 since it is negative ontrol genes. 
INFO  @ Fri, 28 Aug 2026 21:03:05:   Suppressing the output of gene NonTargetingControlGuideForHuman_0297 since it is negative ontrol genes. 
INFO  @ Fri, 28 Aug 2026 21:03:05:   Suppressing the output of gene NonTargetingControlGuideForHuman_0235 since it is negative ontrol genes. 
INFO  @ Fri, 28 Aug 2026 21:03:05:   Suppressing the output of gene NonTargetingControlGuideForHuman_0472 since it is negative ontrol genes. 
INFO  @ Fri, 28 Aug 2026 21:03:05:   Suppressing the output of gene NonTargetingControlGuideForHuman_0078 since it is negative ontrol genes. 
INFO  @ Fri, 28 Aug 2026 21:03:05:   Suppressing the output of gene NonTargetingControlGuideForHuman_0816 since it is negative ontrol genes. 
INFO  @ Fri, 28 Aug 2026 21:03:05:   Suppressing the output of gene NonTargetingControlGuideForHuman_0962 since it is negative ontrol genes. 
INFO  @ Fri, 28 Aug 2026 21:03:05:   Suppressing the output of gene NonTargetingControlGuideForHuman_0774 since it is negative ontrol genes. 
INFO  @ Fri, 28 Aug 2026 21:03:05:   Suppressing the output of gene NonTargetingControlGuideForHuman_0540 since it is negative ontrol genes. 
INFO  @ Fri, 28 Aug 2026 21:03:05:   Suppressing the output of gene NonTargetingControlGuideForHuman_0894 since it is negative ontrol genes. 
INFO  @ Fri, 28 Aug 2026 21:03:05:   Suppressing the output of gene NonTargetingControlGuideForHuman_0714 since it is negative ontrol genes. 
INFO  @ Fri, 28 Aug 2026 21:03:05:   Suppressing the output of gene NonTargetingControlGuideForHuman_0794 since it is negative ontrol genes. 
INFO  @ Fri, 28 Aug 2026 21:03:05:   Suppressing the output of gene NonTargetingControlGuideForHuman_0107 since it is negative ontrol genes. 
INFO  @ Fri, 28 Aug 2026 21:03:05:   Suppressing the output of gene NonTargetingControlGuideForHuman_0311 since it is negative ontrol genes. 
INFO  @ Fri, 28 Aug 2026 21:03:05:   Suppressing the output of gene NonTargetingControlGuideForHuman_0207 since it is negative ontrol genes. 
INFO  @ Fri, 28 Aug 2026 21:03:05:   Suppressing the output of gene NonTargetingControlGuideForHuman_0039 since it is negative ontrol genes. 
INFO  @ Fri, 28 Aug 2026 21:03:05:   Suppressing the output of gene NonTargetingControlGuideForHuman_0920 since it is negative ontrol genes. 
INFO  @ Fri, 28 Aug 2026 21:03:05:   Suppressing the output of gene NonTargetingControlGuideForHuman_0331 since it is negative ontrol genes. 
INFO  @ Fri, 28 Aug 2026 21:03:05:   Suppressing the output of gene NonTargetingControlGuideForHuman_0056 since it is negative ontrol genes. 
INFO  @ Fri, 28 Aug 2026 21:03:05:   Suppressing the output of gene NonTargetingControlGuideForHuman_0098 since it is negative ontrol genes. 
INFO  @ Fri, 28 Aug 2026 21:03:05:   Suppressing the output of gene NonTargetingControlGuideForHuman_0383 since it is negative ontrol genes. 
INFO  @ Fri, 28 Aug 2026 21:03:05:   Suppressing the output of gene NonTargetingControlGuideForHuman_0191 since it is negative ontrol genes. 
INFO  @ Fri, 28 Aug 2026 21:03:05:   Suppressing the output of gene NonTargetingControlGuideForHuman_0773 since it is negative ontrol genes. 
INFO  @ Fri, 28 Aug 2026 21:03:05:   Suppressing the output of gene NonTargetingControlGuideForHuman_0547 since it is negative ontrol genes. 
INFO  @ Fri, 28 Aug 2026 21:03:05:   Suppressing the output of gene NonTargetingControlGuideForHuman_0841 since it is negative ontrol genes. 
INFO  @ Fri, 28 Aug 2026 21:03:05:   Suppressing the output of gene NonTargetingControlGuideForHuman_0895 since it is negative ontrol genes. 
INFO  @ Fri, 28 Aug 2026 21:03:05:   Suppressing the output of gene NonTargetingControlGuideForHuman_0337 since it is negative ontrol genes. 
INFO  @ Fri, 28 Aug 2026 21:03:05:   Suppressing the output of gene NonTargetingControlGuideForHuman_0510 since it is negative ontrol genes. 
INFO  @ Fri, 28 Aug 2026 21:03:05:   Suppressing the output of gene NonTargetingControlGuideForHuman_0688 since it is negative ontrol genes. 
INFO  @ Fri, 28 Aug 2026 21:03:05:   Suppressing the output of gene NonTargetingControlGuideForHuman_0809 since it is negative ontrol genes. 
INFO  @ Fri, 28 Aug 2026 21:03:05:   Suppressing the output of gene NonTargetingControlGuideForHuman_0923 since it is negative ontrol genes. 
INFO  @ Fri, 28 Aug 2026 21:03:05:   Suppressing the output of gene NonTargetingControlGuideForHuman_0400 since it is negative ontrol genes. 
INFO  @ Fri, 28 Aug 2026 21:03:05:   Suppressing the output of gene NonTargetingControlGuideForHuman_0072 since it is negative ontrol genes. 
INFO  @ Fri, 28 Aug 2026 21:03:05:   Suppressing the output of gene NonTargetingControlGuideForHuman_0747 since it is negative ontrol genes. 
INFO  @ Fri, 28 Aug 2026 21:03:05:   Suppressing the output of gene NonTargetingControlGuideForHuman_0062 since it is negative ontrol genes. 
INFO  @ Fri, 28 Aug 2026 21:03:05:   Suppressing the output of gene NonTargetingControlGuideForHuman_0987 since it is negative ontrol genes. 
INFO  @ Fri, 28 Aug 2026 21:03:05:   Suppressing the output of gene NonTargetingControlGuideForHuman_0803 since it is negative ontrol genes. 
INFO  @ Fri, 28 Aug 2026 21:03:05:   Suppressing the output of gene NonTargetingControlGuideForHuman_0520 since it is negative ontrol genes. 
INFO  @ Fri, 28 Aug 2026 21:03:05:   Suppressing the output of gene NonTargetingControlGuideForHuman_0746 since it is negative ontrol genes. 
INFO  @ Fri, 28 Aug 2026 21:03:05:   Suppressing the output of gene NonTargetingControlGuideForHuman_0401 since it is negative ontrol genes. 
INFO  @ Fri, 28 Aug 2026 21:03:05:   Suppressing the output of gene NonTargetingControlGuideForHuman_0114 since it is negative ontrol genes. 
INFO  @ Fri, 28 Aug 2026 21:03:05:   Suppressing the output of gene NonTargetingControlGuideForHuman_0437 since it is negative ontrol genes. 
INFO  @ Fri, 28 Aug 2026 21:03:05:   Suppressing the output of gene NonTargetingControlGuideForHuman_0900 since it is negative ontrol genes. 
INFO  @ Fri, 28 Aug 2026 21:03:05:   Suppressing the output of gene NonTargetingControlGuideForHuman_0059 since it is negative ontrol genes. 
INFO  @ Fri, 28 Aug 2026 21:03:05:   Suppressing the output of gene NonTargetingControlGuideForHuman_0351 since it is negative ontrol genes. 
INFO  @ Fri, 28 Aug 2026 21:03:05:   Suppressing the output of gene NonTargetingControlGuideForHuman_0889 since it is negative ontrol genes. 
INFO  @ Fri, 28 Aug 2026 21:03:05:   Suppressing the output of gene NonTargetingControlGuideForHuman_0268 since it is negative ontrol genes. 
INFO  @ Fri, 28 Aug 2026 21:03:05:   Suppressing the output of gene NonTargetingControlGuideForHuman_0155 since it is negative ontrol genes. 
INFO  @ Fri, 28 Aug 2026 21:03:05:   Suppressing the output of gene NonTargetingControlGuideForHuman_0041 since it is negative ontrol genes. 
INFO  @ Fri, 28 Aug 2026 21:03:05:   Suppressing the output of gene NonTargetingControlGuideForHuman_0439 since it is negative ontrol genes. 
INFO  @ Fri, 28 Aug 2026 21:03:05:   Suppressing the output of gene NonTargetingControlGuideForHuman_0757 since it is negative ontrol genes. 
INFO  @ Fri, 28 Aug 2026 21:03:05:   Suppressing the output of gene NonTargetingControlGuideForHuman_0811 since it is negative ontrol genes. 
INFO  @ Fri, 28 Aug 2026 21:03:05:   Suppressing the output of gene NonTargetingControlGuideForHuman_0247 since it is negative ontrol genes. 
INFO  @ Fri, 28 Aug 2026 21:03:05:   Suppressing the output of gene NonTargetingControlGuideForHuman_0969 since it is negative ontrol genes. 
INFO  @ Fri, 28 Aug 2026 21:03:05:   Suppressing the output of gene NonTargetingControlGuideForHuman_0476 since it is negative ontrol genes. 
INFO  @ Fri, 28 Aug 2026 21:03:05:   Suppressing the output of gene NonTargetingControlGuideForHuman_0404 since it is negative ontrol genes. 
INFO  @ Fri, 28 Aug 2026 21:03:05:   Suppressing the output of gene NonTargetingControlGuideForHuman_0009 since it is negative ontrol genes. 
INFO  @ Fri, 28 Aug 2026 21:03:05:   Suppressing the output of gene NonTargetingControlGuideForHuman_0402 since it is negative ontrol genes. 
INFO  @ Fri, 28 Aug 2026 21:03:05:   Suppressing the output of gene NonTargetingControlGuideForHuman_0940 since it is negative ontrol genes. 
INFO  @ Fri, 28 Aug 2026 21:03:05:   Suppressing the output of gene NonTargetingControlGuideForHuman_0988 since it is negative ontrol genes. 
INFO  @ Fri, 28 Aug 2026 21:03:05:   Suppressing the output of gene NonTargetingControlGuideForHuman_0552 since it is negative ontrol genes. 
INFO  @ Fri, 28 Aug 2026 21:03:05:   Suppressing the output of gene NonTargetingControlGuideForHuman_0453 since it is negative ontrol genes. 
INFO  @ Fri, 28 Aug 2026 21:03:05:   Suppressing the output of gene NonTargetingControlGuideForHuman_0199 since it is negative ontrol genes. 
INFO  @ Fri, 28 Aug 2026 21:03:05:   Suppressing the output of gene NonTargetingControlGuideForHuman_0614 since it is negative ontrol genes. 
INFO  @ Fri, 28 Aug 2026 21:03:05:   Suppressing the output of gene NonTargetingControlGuideForHuman_0507 since it is negative ontrol genes. 
INFO  @ Fri, 28 Aug 2026 21:03:05:   Suppressing the output of gene NonTargetingControlGuideForHuman_0610 since it is negative ontrol genes. 
INFO  @ Fri, 28 Aug 2026 21:03:05:   Suppressing the output of gene NonTargetingControlGuideForHuman_0964 since it is negative ontrol genes. 
INFO  @ Fri, 28 Aug 2026 21:03:05:   Suppressing the output of gene NonTargetingControlGuideForHuman_0822 since it is negative ontrol genes. 
INFO  @ Fri, 28 Aug 2026 21:03:05:   Suppressing the output of gene NonTargetingControlGuideForHuman_0727 since it is negative ontrol genes. 
INFO  @ Fri, 28 Aug 2026 21:03:05:   Suppressing the output of gene NonTargetingControlGuideForHuman_0488 since it is negative ontrol genes. 
INFO  @ Fri, 28 Aug 2026 21:03:05:   Suppressing the output of gene NonTargetingControlGuideForHuman_0302 since it is negative ontrol genes. 
INFO  @ Fri, 28 Aug 2026 21:03:05:   Suppressing the output of gene NonTargetingControlGuideForHuman_0454 since it is negative ontrol genes. 
INFO  @ Fri, 28 Aug 2026 21:03:05:   Suppressing the output of gene NonTargetingControlGuideForHuman_0253 since it is negative ontrol genes. 
INFO  @ Fri, 28 Aug 2026 21:03:05:   Suppressing the output of gene NonTargetingControlGuideForHuman_0626 since it is negative ontrol genes. 
INFO  @ Fri, 28 Aug 2026 21:03:05:   Suppressing the output of gene NonTargetingControlGuideForHuman_0028 since it is negative ontrol genes. 
INFO  @ Fri, 28 Aug 2026 21:03:05:   Suppressing the output of gene NonTargetingControlGuideForHuman_0378 since it is negative ontrol genes. 
INFO  @ Fri, 28 Aug 2026 21:03:05:   Suppressing the output of gene NonTargetingControlGuideForHuman_0925 since it is negative ontrol genes. 
INFO  @ Fri, 28 Aug 2026 21:03:05:   Suppressing the output of gene NonTargetingControlGuideForHuman_0443 since it is negative ontrol genes. 
INFO  @ Fri, 28 Aug 2026 21:03:05:   Suppressing the output of gene NonTargetingControlGuideForHuman_0187 since it is negative ontrol genes. 
INFO  @ Fri, 28 Aug 2026 21:03:05:   Suppressing the output of gene NonTargetingControlGuideForHuman_0385 since it is negative ontrol genes. 
INFO  @ Fri, 28 Aug 2026 21:03:05:   Suppressing the output of gene NonTargetingControlGuideForHuman_0260 since it is negative ontrol genes. 
INFO  @ Fri, 28 Aug 2026 21:03:05:   Suppressing the output of gene NonTargetingControlGuideForHuman_0271 since it is negative ontrol genes. 
INFO  @ Fri, 28 Aug 2026 21:03:05:   Suppressing the output of gene NonTargetingControlGuideForHuman_0144 since it is negative ontrol genes. 
INFO  @ Fri, 28 Aug 2026 21:03:05:   Suppressing the output of gene NonTargetingControlGuideForHuman_0180 since it is negative ontrol genes. 
INFO  @ Fri, 28 Aug 2026 21:03:05:   Suppressing the output of gene NonTargetingControlGuideForHuman_0852 since it is negative ontrol genes. 
INFO  @ Fri, 28 Aug 2026 21:03:05:   Suppressing the output of gene NonTargetingControlGuideForHuman_0929 since it is negative ontrol genes. 
INFO  @ Fri, 28 Aug 2026 21:03:05:   Suppressing the output of gene NonTargetingControlGuideForHuman_0160 since it is negative ontrol genes. 
INFO  @ Fri, 28 Aug 2026 21:03:05:   Suppressing the output of gene NonTargetingControlGuideForHuman_0744 since it is negative ontrol genes. 
INFO  @ Fri, 28 Aug 2026 21:03:05:   Suppressing the output of gene NonTargetingControlGuideForHuman_0942 since it is negative ontrol genes. 
INFO  @ Fri, 28 Aug 2026 21:03:05:   Suppressing the output of gene NonTargetingControlGuideForHuman_0485 since it is negative ontrol genes. 
INFO  @ Fri, 28 Aug 2026 21:03:05:   Suppressing the output of gene NonTargetingControlGuideForHuman_0499 since it is negative ontrol genes. 
INFO  @ Fri, 28 Aug 2026 21:03:05:   Suppressing the output of gene NonTargetingControlGuideForHuman_0760 since it is negative ontrol genes. 
INFO  @ Fri, 28 Aug 2026 21:03:05:   Suppressing the output of gene NonTargetingControlGuideForHuman_0952 since it is negative ontrol genes. 
INFO  @ Fri, 28 Aug 2026 21:03:05:   Suppressing the output of gene NonTargetingControlGuideForHuman_0249 since it is negative ontrol genes. 
INFO  @ Fri, 28 Aug 2026 21:03:05:   Suppressing the output of gene NonTargetingControlGuideForHuman_0828 since it is negative ontrol genes. 
INFO  @ Fri, 28 Aug 2026 21:03:05:   Suppressing the output of gene NonTargetingControlGuideForHuman_0553 since it is negative ontrol genes. 
INFO  @ Fri, 28 Aug 2026 21:03:05:   Suppressing the output of gene NonTargetingControlGuideForHuman_0458 since it is negative ontrol genes. 
INFO  @ Fri, 28 Aug 2026 21:03:05:   Suppressing the output of gene NonTargetingControlGuideForHuman_0914 since it is negative ontrol genes. 
INFO  @ Fri, 28 Aug 2026 21:03:05:   Suppressing the output of gene NonTargetingControlGuideForHuman_0737 since it is negative ontrol genes. 
INFO  @ Fri, 28 Aug 2026 21:03:05:   Suppressing the output of gene NonTargetingControlGuideForHuman_0978 since it is negative ontrol genes. 
INFO  @ Fri, 28 Aug 2026 21:03:05:   Suppressing the output of gene NonTargetingControlGuideForHuman_0584 since it is negative ontrol genes. 
INFO  @ Fri, 28 Aug 2026 21:03:05:   Suppressing the output of gene NonTargetingControlGuideForHuman_0993 since it is negative ontrol genes. 
INFO  @ Fri, 28 Aug 2026 21:03:05:   Suppressing the output of gene NonTargetingControlGuideForHuman_0055 since it is negative ontrol genes. 
INFO  @ Fri, 28 Aug 2026 21:03:05:   Suppressing the output of gene NonTargetingControlGuideForHuman_0649 since it is negative ontrol genes. 
INFO  @ Fri, 28 Aug 2026 21:03:05:   Suppressing the output of gene NonTargetingControlGuideForHuman_0438 since it is negative ontrol genes. 
INFO  @ Fri, 28 Aug 2026 21:03:05:   Suppressing the output of gene NonTargetingControlGuideForHuman_0856 since it is negative ontrol genes. 
INFO  @ Fri, 28 Aug 2026 21:03:05:   Suppressing the output of gene NonTargetingControlGuideForHuman_0244 since it is negative ontrol genes. 
INFO  @ Fri, 28 Aug 2026 21:03:05:   Suppressing the output of gene NonTargetingControlGuideForHuman_0977 since it is negative ontrol genes. 
INFO  @ Fri, 28 Aug 2026 21:03:05:   Suppressing the output of gene NonTargetingControlGuideForHuman_0353 since it is negative ontrol genes. 
INFO  @ Fri, 28 Aug 2026 21:03:05:   Suppressing the output of gene NonTargetingControlGuideForHuman_0820 since it is negative ontrol genes. 
INFO  @ Fri, 28 Aug 2026 21:03:05:   Suppressing the output of gene NonTargetingControlGuideForHuman_0137 since it is negative ontrol genes. 
INFO  @ Fri, 28 Aug 2026 21:03:05:   Suppressing the output of gene NonTargetingControlGuideForHuman_0252 since it is negative ontrol genes. 
INFO  @ Fri, 28 Aug 2026 21:03:05:   Suppressing the output of gene NonTargetingControlGuideForHuman_0088 since it is negative ontrol genes. 
INFO  @ Fri, 28 Aug 2026 21:03:05:   Suppressing the output of gene NonTargetingControlGuideForHuman_0186 since it is negative ontrol genes. 
INFO  @ Fri, 28 Aug 2026 21:03:05:   Suppressing the output of gene NonTargetingControlGuideForHuman_0054 since it is negative ontrol genes. 
INFO  @ Fri, 28 Aug 2026 21:03:05:   Suppressing the output of gene NonTargetingControlGuideForHuman_0042 since it is negative ontrol genes. 
INFO  @ Fri, 28 Aug 2026 21:03:05:   Suppressing the output of gene NonTargetingControlGuideForHuman_0288 since it is negative ontrol genes. 
INFO  @ Fri, 28 Aug 2026 21:03:05:   Suppressing the output of gene NonTargetingControlGuideForHuman_0272 since it is negative ontrol genes. 
INFO  @ Fri, 28 Aug 2026 21:03:05:   Suppressing the output of gene NonTargetingControlGuideForHuman_0407 since it is negative ontrol genes. 
INFO  @ Fri, 28 Aug 2026 21:03:05:   Suppressing the output of gene NonTargetingControlGuideForHuman_0177 since it is negative ontrol genes. 
INFO  @ Fri, 28 Aug 2026 21:03:05:   Suppressing the output of gene NonTargetingControlGuideForHuman_0232 since it is negative ontrol genes. 
INFO  @ Fri, 28 Aug 2026 21:03:05:   Suppressing the output of gene NonTargetingControlGuideForHuman_0308 since it is negative ontrol genes. 
INFO  @ Fri, 28 Aug 2026 21:03:05:   Suppressing the output of gene NonTargetingControlGuideForHuman_0918 since it is negative ontrol genes. 
INFO  @ Fri, 28 Aug 2026 21:03:05:   Suppressing the output of gene NonTargetingControlGuideForHuman_0530 since it is negative ontrol genes. 
INFO  @ Fri, 28 Aug 2026 21:03:05:   Suppressing the output of gene NonTargetingControlGuideForHuman_0426 since it is negative ontrol genes. 
INFO  @ Fri, 28 Aug 2026 21:03:05:   Suppressing the output of gene NonTargetingControlGuideForHuman_0004 since it is negative ontrol genes. 
INFO  @ Fri, 28 Aug 2026 21:03:05:   Suppressing the output of gene NonTargetingControlGuideForHuman_0032 since it is negative ontrol genes. 
INFO  @ Fri, 28 Aug 2026 21:03:05:   Suppressing the output of gene NonTargetingControlGuideForHuman_0192 since it is negative ontrol genes. 
INFO  @ Fri, 28 Aug 2026 21:03:05:   Suppressing the output of gene NonTargetingControlGuideForHuman_0864 since it is negative ontrol genes. 
INFO  @ Fri, 28 Aug 2026 21:03:05:   Suppressing the output of gene NonTargetingControlGuideForHuman_0851 since it is negative ontrol genes. 
INFO  @ Fri, 28 Aug 2026 21:03:05:   Suppressing the output of gene NonTargetingControlGuideForHuman_0597 since it is negative ontrol genes. 
INFO  @ Fri, 28 Aug 2026 21:03:05:   Suppressing the output of gene NonTargetingControlGuideForHuman_0190 since it is negative ontrol genes. 
INFO  @ Fri, 28 Aug 2026 21:03:05:   Suppressing the output of gene NonTargetingControlGuideForHuman_0011 since it is negative ontrol genes. 
INFO  @ Fri, 28 Aug 2026 21:03:05:   Suppressing the output of gene NonTargetingControlGuideForHuman_0545 since it is negative ontrol genes. 
INFO  @ Fri, 28 Aug 2026 21:03:05:   Suppressing the output of gene NonTargetingControlGuideForHuman_0080 since it is negative ontrol genes. 
INFO  @ Fri, 28 Aug 2026 21:03:05:   Suppressing the output of gene NonTargetingControlGuideForHuman_0659 since it is negative ontrol genes. 
INFO  @ Fri, 28 Aug 2026 21:03:05:   Suppressing the output of gene NonTargetingControlGuideForHuman_0679 since it is negative ontrol genes. 
INFO  @ Fri, 28 Aug 2026 21:03:05:   Suppressing the output of gene NonTargetingControlGuideForHuman_0184 since it is negative ontrol genes. 
INFO  @ Fri, 28 Aug 2026 21:03:05:   Suppressing the output of gene NonTargetingControlGuideForHuman_0825 since it is negative ontrol genes. 
INFO  @ Fri, 28 Aug 2026 21:03:05:   Suppressing the output of gene NonTargetingControlGuideForHuman_0376 since it is negative ontrol genes. 
INFO  @ Fri, 28 Aug 2026 21:03:05:   Suppressing the output of gene NonTargetingControlGuideForHuman_0266 since it is negative ontrol genes. 
INFO  @ Fri, 28 Aug 2026 21:03:05:   Suppressing the output of gene NonTargetingControlGuideForHuman_0109 since it is negative ontrol genes. 
INFO  @ Fri, 28 Aug 2026 21:03:05:   Suppressing the output of gene NonTargetingControlGuideForHuman_0444 since it is negative ontrol genes. 
INFO  @ Fri, 28 Aug 2026 21:03:05:   Suppressing the output of gene NonTargetingControlGuideForHuman_0237 since it is negative ontrol genes. 
INFO  @ Fri, 28 Aug 2026 21:03:05:   Suppressing the output of gene NonTargetingControlGuideForHuman_0741 since it is negative ontrol genes. 
INFO  @ Fri, 28 Aug 2026 21:03:05:   Suppressing the output of gene NonTargetingControlGuideForHuman_0052 since it is negative ontrol genes. 
INFO  @ Fri, 28 Aug 2026 21:03:05:   Suppressing the output of gene NonTargetingControlGuideForHuman_0951 since it is negative ontrol genes. 
INFO  @ Fri, 28 Aug 2026 21:03:05:   Suppressing the output of gene NonTargetingControlGuideForHuman_0447 since it is negative ontrol genes. 
INFO  @ Fri, 28 Aug 2026 21:03:05:   Suppressing the output of gene NonTargetingControlGuideForHuman_0689 since it is negative ontrol genes. 
INFO  @ Fri, 28 Aug 2026 21:03:05:   Suppressing the output of gene NonTargetingControlGuideForHuman_0960 since it is negative ontrol genes. 
INFO  @ Fri, 28 Aug 2026 21:03:05:   Suppressing the output of gene NonTargetingControlGuideForHuman_0338 since it is negative ontrol genes. 
INFO  @ Fri, 28 Aug 2026 21:03:05:   Suppressing the output of gene NonTargetingControlGuideForHuman_0660 since it is negative ontrol genes. 
INFO  @ Fri, 28 Aug 2026 21:03:05:   Suppressing the output of gene NonTargetingControlGuideForHuman_0484 since it is negative ontrol genes. 
INFO  @ Fri, 28 Aug 2026 21:03:05:   Suppressing the output of gene NonTargetingControlGuideForHuman_0907 since it is negative ontrol genes. 
INFO  @ Fri, 28 Aug 2026 21:03:05:   Suppressing the output of gene NonTargetingControlGuideForHuman_0523 since it is negative ontrol genes. 
INFO  @ Fri, 28 Aug 2026 21:03:05:   Suppressing the output of gene NonTargetingControlGuideForHuman_0603 since it is negative ontrol genes. 
INFO  @ Fri, 28 Aug 2026 21:03:05:   Suppressing the output of gene NonTargetingControlGuideForHuman_0074 since it is negative ontrol genes. 
INFO  @ Fri, 28 Aug 2026 21:03:05:   Suppressing the output of gene NonTargetingControlGuideForHuman_0002 since it is negative ontrol genes. 
INFO  @ Fri, 28 Aug 2026 21:03:05:   Suppressing the output of gene NonTargetingControlGuideForHuman_0902 since it is negative ontrol genes. 
INFO  @ Fri, 28 Aug 2026 21:03:05:   Suppressing the output of gene NonTargetingControlGuideForHuman_0319 since it is negative ontrol genes. 
INFO  @ Fri, 28 Aug 2026 21:03:05:   Suppressing the output of gene NonTargetingControlGuideForHuman_0173 since it is negative ontrol genes. 
INFO  @ Fri, 28 Aug 2026 21:03:05:   Suppressing the output of gene NonTargetingControlGuideForHuman_0625 since it is negative ontrol genes. 
INFO  @ Fri, 28 Aug 2026 21:03:05:   Suppressing the output of gene NonTargetingControlGuideForHuman_0998 since it is negative ontrol genes. 
INFO  @ Fri, 28 Aug 2026 21:03:05:   Suppressing the output of gene NonTargetingControlGuideForHuman_0936 since it is negative ontrol genes. 
INFO  @ Fri, 28 Aug 2026 21:03:05:   Suppressing the output of gene NonTargetingControlGuideForHuman_0793 since it is negative ontrol genes. 
INFO  @ Fri, 28 Aug 2026 21:03:05:   Suppressing the output of gene NonTargetingControlGuideForHuman_0461 since it is negative ontrol genes. 
INFO  @ Fri, 28 Aug 2026 21:03:05:   Suppressing the output of gene NonTargetingControlGuideForHuman_0736 since it is negative ontrol genes. 
INFO  @ Fri, 28 Aug 2026 21:03:05:   Suppressing the output of gene NonTargetingControlGuideForHuman_0804 since it is negative ontrol genes. 
INFO  @ Fri, 28 Aug 2026 21:03:05:   Suppressing the output of gene NonTargetingControlGuideForHuman_0178 since it is negative ontrol genes. 
INFO  @ Fri, 28 Aug 2026 21:03:05:   Suppressing the output of gene NonTargetingControlGuideForHuman_0667 since it is negative ontrol genes. 
INFO  @ Fri, 28 Aug 2026 21:03:05:   Suppressing the output of gene NonTargetingControlGuideForHuman_0211 since it is negative ontrol genes. 
INFO  @ Fri, 28 Aug 2026 21:03:05:   Suppressing the output of gene NonTargetingControlGuideForHuman_0647 since it is negative ontrol genes. 
INFO  @ Fri, 28 Aug 2026 21:03:05:   Suppressing the output of gene NonTargetingControlGuideForHuman_0136 since it is negative ontrol genes. 
INFO  @ Fri, 28 Aug 2026 21:03:05:   Suppressing the output of gene NonTargetingControlGuideForHuman_0468 since it is negative ontrol genes. 
INFO  @ Fri, 28 Aug 2026 21:03:05:   Suppressing the output of gene NonTargetingControlGuideForHuman_0299 since it is negative ontrol genes. 
INFO  @ Fri, 28 Aug 2026 21:03:05:   Suppressing the output of gene NonTargetingControlGuideForHuman_0779 since it is negative ontrol genes. 
INFO  @ Fri, 28 Aug 2026 21:03:05:   Suppressing the output of gene NonTargetingControlGuideForHuman_0459 since it is negative ontrol genes. 
INFO  @ Fri, 28 Aug 2026 21:03:05:   Suppressing the output of gene NonTargetingControlGuideForHuman_0481 since it is negative ontrol genes. 
INFO  @ Fri, 28 Aug 2026 21:03:05:   Suppressing the output of gene NonTargetingControlGuideForHuman_0066 since it is negative ontrol genes. 
INFO  @ Fri, 28 Aug 2026 21:03:05:   Suppressing the output of gene NonTargetingControlGuideForHuman_0843 since it is negative ontrol genes. 
INFO  @ Fri, 28 Aug 2026 21:03:05:   Suppressing the output of gene NonTargetingControlGuideForHuman_0475 since it is negative ontrol genes. 
INFO  @ Fri, 28 Aug 2026 21:03:05:   Suppressing the output of gene NonTargetingControlGuideForHuman_0131 since it is negative ontrol genes. 
INFO  @ Fri, 28 Aug 2026 21:03:05:   Suppressing the output of gene NonTargetingControlGuideForHuman_0332 since it is negative ontrol genes. 
INFO  @ Fri, 28 Aug 2026 21:03:05:   Suppressing the output of gene NonTargetingControlGuideForHuman_0084 since it is negative ontrol genes. 
INFO  @ Fri, 28 Aug 2026 21:03:05:   Suppressing the output of gene NonTargetingControlGuideForHuman_0932 since it is negative ontrol genes. 
INFO  @ Fri, 28 Aug 2026 21:03:05:   Suppressing the output of gene NonTargetingControlGuideForHuman_0827 since it is negative ontrol genes. 
INFO  @ Fri, 28 Aug 2026 21:03:05:   Suppressing the output of gene NonTargetingControlGuideForHuman_0575 since it is negative ontrol genes. 
INFO  @ Fri, 28 Aug 2026 21:03:05:   Suppressing the output of gene NonTargetingControlGuideForHuman_0473 since it is negative ontrol genes. 
INFO  @ Fri, 28 Aug 2026 21:03:05:   Suppressing the output of gene NonTargetingControlGuideForHuman_0008 since it is negative ontrol genes. 
INFO  @ Fri, 28 Aug 2026 21:03:05:   Suppressing the output of gene NonTargetingControlGuideForHuman_0992 since it is negative ontrol genes. 
INFO  @ Fri, 28 Aug 2026 21:03:05:   Suppressing the output of gene NonTargetingControlGuideForHuman_0650 since it is negative ontrol genes. 
INFO  @ Fri, 28 Aug 2026 21:03:05:   Suppressing the output of gene NonTargetingControlGuideForHuman_0949 since it is negative ontrol genes. 
INFO  @ Fri, 28 Aug 2026 21:03:05:   Suppressing the output of gene NonTargetingControlGuideForHuman_0682 since it is negative ontrol genes. 
INFO  @ Fri, 28 Aug 2026 21:03:05:   Suppressing the output of gene NonTargetingControlGuideForHuman_0897 since it is negative ontrol genes. 
INFO  @ Fri, 28 Aug 2026 21:03:05:   Suppressing the output of gene NonTargetingControlGuideForHuman_0876 since it is negative ontrol genes. 
INFO  @ Fri, 28 Aug 2026 21:03:05:   Suppressing the output of gene NonTargetingControlGuideForHuman_0141 since it is negative ontrol genes. 
INFO  @ Fri, 28 Aug 2026 21:03:05:   Suppressing the output of gene NonTargetingControlGuideForHuman_0006 since it is negative ontrol genes. 
INFO  @ Fri, 28 Aug 2026 21:03:05:   Suppressing the output of gene NonTargetingControlGuideForHuman_0446 since it is negative ontrol genes. 
INFO  @ Fri, 28 Aug 2026 21:03:05:   Suppressing the output of gene NonTargetingControlGuideForHuman_0944 since it is negative ontrol genes. 
INFO  @ Fri, 28 Aug 2026 21:03:05:   Suppressing the output of gene NonTargetingControlGuideForHuman_0377 since it is negative ontrol genes. 
INFO  @ Fri, 28 Aug 2026 21:03:05:   Suppressing the output of gene NonTargetingControlGuideForHuman_0850 since it is negative ontrol genes. 
INFO  @ Fri, 28 Aug 2026 21:03:05:   Suppressing the output of gene NonTargetingControlGuideForHuman_0554 since it is negative ontrol genes. 
INFO  @ Fri, 28 Aug 2026 21:03:05:   Suppressing the output of gene NonTargetingControlGuideForHuman_0975 since it is negative ontrol genes. 
INFO  @ Fri, 28 Aug 2026 21:03:05:   Suppressing the output of gene NonTargetingControlGuideForHuman_0624 since it is negative ontrol genes. 
INFO  @ Fri, 28 Aug 2026 21:03:05:   Suppressing the output of gene NonTargetingControlGuideForHuman_0899 since it is negative ontrol genes. 
INFO  @ Fri, 28 Aug 2026 21:03:05:   Suppressing the output of gene NonTargetingControlGuideForHuman_0201 since it is negative ontrol genes. 
INFO  @ Fri, 28 Aug 2026 21:03:05:   Suppressing the output of gene NonTargetingControlGuideForHuman_0483 since it is negative ontrol genes. 
INFO  @ Fri, 28 Aug 2026 21:03:05:   Suppressing the output of gene NonTargetingControlGuideForHuman_0853 since it is negative ontrol genes. 
INFO  @ Fri, 28 Aug 2026 21:03:05:   Suppressing the output of gene NonTargetingControlGuideForHuman_0906 since it is negative ontrol genes. 
INFO  @ Fri, 28 Aug 2026 21:03:05:   Suppressing the output of gene NonTargetingControlGuideForHuman_0231 since it is negative ontrol genes. 
INFO  @ Fri, 28 Aug 2026 21:03:05:   Suppressing the output of gene NonTargetingControlGuideForHuman_0282 since it is negative ontrol genes. 
INFO  @ Fri, 28 Aug 2026 21:03:05:   Suppressing the output of gene NonTargetingControlGuideForHuman_0118 since it is negative ontrol genes. 
INFO  @ Fri, 28 Aug 2026 21:03:05:   Suppressing the output of gene NonTargetingControlGuideForHuman_0241 since it is negative ontrol genes. 
INFO  @ Fri, 28 Aug 2026 21:03:05:   Suppressing the output of gene NonTargetingControlGuideForHuman_0355 since it is negative ontrol genes. 
INFO  @ Fri, 28 Aug 2026 21:03:05:   Suppressing the output of gene NonTargetingControlGuideForHuman_0185 since it is negative ontrol genes. 
INFO  @ Fri, 28 Aug 2026 21:03:05:   Suppressing the output of gene NonTargetingControlGuideForHuman_0753 since it is negative ontrol genes. 
INFO  @ Fri, 28 Aug 2026 21:03:05:   Suppressing the output of gene NonTargetingControlGuideForHuman_0663 since it is negative ontrol genes. 
INFO  @ Fri, 28 Aug 2026 21:03:05:   Suppressing the output of gene NonTargetingControlGuideForHuman_0994 since it is negative ontrol genes. 
INFO  @ Fri, 28 Aug 2026 21:03:05:   Suppressing the output of gene NonTargetingControlGuideForHuman_0766 since it is negative ontrol genes. 
INFO  @ Fri, 28 Aug 2026 21:03:05:   Suppressing the output of gene NonTargetingControlGuideForHuman_0731 since it is negative ontrol genes. 
INFO  @ Fri, 28 Aug 2026 21:03:05:   Suppressing the output of gene NonTargetingControlGuideForHuman_0081 since it is negative ontrol genes. 
INFO  @ Fri, 28 Aug 2026 21:03:05:   Suppressing the output of gene NonTargetingControlGuideForHuman_0511 since it is negative ontrol genes. 
INFO  @ Fri, 28 Aug 2026 21:03:05:   Suppressing the output of gene NonTargetingControlGuideForHuman_0274 since it is negative ontrol genes. 
INFO  @ Fri, 28 Aug 2026 21:03:05:   Suppressing the output of gene NonTargetingControlGuideForHuman_0717 since it is negative ontrol genes. 
INFO  @ Fri, 28 Aug 2026 21:03:05:   Suppressing the output of gene NonTargetingControlGuideForHuman_0908 since it is negative ontrol genes. 
INFO  @ Fri, 28 Aug 2026 21:03:05:   Suppressing the output of gene NonTargetingControlGuideForHuman_0138 since it is negative ontrol genes. 
INFO  @ Fri, 28 Aug 2026 21:03:05:   Suppressing the output of gene NonTargetingControlGuideForHuman_0013 since it is negative ontrol genes. 
INFO  @ Fri, 28 Aug 2026 21:03:05:   Suppressing the output of gene NonTargetingControlGuideForHuman_0421 since it is negative ontrol genes. 
INFO  @ Fri, 28 Aug 2026 21:03:05:   Suppressing the output of gene NonTargetingControlGuideForHuman_0623 since it is negative ontrol genes. 
INFO  @ Fri, 28 Aug 2026 21:03:05:   Suppressing the output of gene NonTargetingControlGuideForHuman_0670 since it is negative ontrol genes. 
INFO  @ Fri, 28 Aug 2026 21:03:05:   Suppressing the output of gene NonTargetingControlGuideForHuman_0228 since it is negative ontrol genes. 
INFO  @ Fri, 28 Aug 2026 21:03:05:   Suppressing the output of gene NonTargetingControlGuideForHuman_0295 since it is negative ontrol genes. 
INFO  @ Fri, 28 Aug 2026 21:03:05:   Suppressing the output of gene NonTargetingControlGuideForHuman_0365 since it is negative ontrol genes. 
INFO  @ Fri, 28 Aug 2026 21:03:05:   Suppressing the output of gene NonTargetingControlGuideForHuman_0538 since it is negative ontrol genes. 
INFO  @ Fri, 28 Aug 2026 21:03:05:   Suppressing the output of gene NonTargetingControlGuideForHuman_0452 since it is negative ontrol genes. 
INFO  @ Fri, 28 Aug 2026 21:03:05:   Suppressing the output of gene NonTargetingControlGuideForHuman_0493 since it is negative ontrol genes. 
INFO  @ Fri, 28 Aug 2026 21:03:05:   Suppressing the output of gene NonTargetingControlGuideForHuman_0242 since it is negative ontrol genes. 
INFO  @ Fri, 28 Aug 2026 21:03:05:   Suppressing the output of gene NonTargetingControlGuideForHuman_0945 since it is negative ontrol genes. 
INFO  @ Fri, 28 Aug 2026 21:03:05:   Suppressing the output of gene NonTargetingControlGuideForHuman_0532 since it is negative ontrol genes. 
INFO  @ Fri, 28 Aug 2026 21:03:05:   Suppressing the output of gene NonTargetingControlGuideForHuman_0329 since it is negative ontrol genes. 
INFO  @ Fri, 28 Aug 2026 21:03:05:   Suppressing the output of gene NonTargetingControlGuideForHuman_0755 since it is negative ontrol genes. 
INFO  @ Fri, 28 Aug 2026 21:03:05:   Suppressing the output of gene NonTargetingControlGuideForHuman_0525 since it is negative ontrol genes. 
INFO  @ Fri, 28 Aug 2026 21:03:05:   Suppressing the output of gene NonTargetingControlGuideForHuman_0076 since it is negative ontrol genes. 
INFO  @ Fri, 28 Aug 2026 21:03:05:   Suppressing the output of gene NonTargetingControlGuideForHuman_0508 since it is negative ontrol genes. 
INFO  @ Fri, 28 Aug 2026 21:03:05:   Suppressing the output of gene NonTargetingControlGuideForHuman_0226 since it is negative ontrol genes. 
INFO  @ Fri, 28 Aug 2026 21:03:05:   Suppressing the output of gene NonTargetingControlGuideForHuman_0738 since it is negative ontrol genes. 
INFO  @ Fri, 28 Aug 2026 21:03:05:   Suppressing the output of gene NonTargetingControlGuideForHuman_0224 since it is negative ontrol genes. 
INFO  @ Fri, 28 Aug 2026 21:03:05:   Suppressing the output of gene NonTargetingControlGuideForHuman_0316 since it is negative ontrol genes. 
INFO  @ Fri, 28 Aug 2026 21:03:05:   Suppressing the output of gene NonTargetingControlGuideForHuman_0687 since it is negative ontrol genes. 
INFO  @ Fri, 28 Aug 2026 21:03:05:   Suppressing the output of gene NonTargetingControlGuideForHuman_0849 since it is negative ontrol genes. 
INFO  @ Fri, 28 Aug 2026 21:03:05:   Suppressing the output of gene NonTargetingControlGuideForHuman_0502 since it is negative ontrol genes. 
INFO  @ Fri, 28 Aug 2026 21:03:05:   Suppressing the output of gene NonTargetingControlGuideForHuman_0668 since it is negative ontrol genes. 
INFO  @ Fri, 28 Aug 2026 21:03:05:   Suppressing the output of gene NonTargetingControlGuideForHuman_0261 since it is negative ontrol genes. 
INFO  @ Fri, 28 Aug 2026 21:03:05:   Suppressing the output of gene NonTargetingControlGuideForHuman_0628 since it is negative ontrol genes. 
INFO  @ Fri, 28 Aug 2026 21:03:05:   Suppressing the output of gene NonTargetingControlGuideForHuman_0872 since it is negative ontrol genes. 
INFO  @ Fri, 28 Aug 2026 21:03:05:   Suppressing the output of gene NonTargetingControlGuideForHuman_0230 since it is negative ontrol genes. 
INFO  @ Fri, 28 Aug 2026 21:03:05:   Suppressing the output of gene NonTargetingControlGuideForHuman_0878 since it is negative ontrol genes. 
INFO  @ Fri, 28 Aug 2026 21:03:05:   Suppressing the output of gene NonTargetingControlGuideForHuman_0539 since it is negative ontrol genes. 
INFO  @ Fri, 28 Aug 2026 21:03:05:   RRA completed. 
INFO  @ Fri, 28 Aug 2026 21:03:05:   Groups deletion complete. 
INFO  @ Fri, 28 Aug 2026 21:03:05:   Lists deletion complete. 
INFO  @ Fri, 28 Aug 2026 21:03:05:   ControlSeqPercentile deletion complete. 
INFO  @ Fri, 28 Aug 2026 21:03:05:    
INFO  @ Fri, 28 Aug 2026 21:03:05: End command message. 
INFO  @ Fri, 28 Aug 2026 21:03:05: Running command: RRA -i low_rra_ctrlnorm.phigh.txt -o low_rra_ctrlnorm.gene.high.txt -p 0.35271678529808764 --control low_rra_ctrlnorm.negctrl_ids.txt --skip-gene NA --skip-gene na  
INFO  @ Fri, 28 Aug 2026 21:03:15: Command message: 
INFO  @ Fri, 28 Aug 2026 21:03:15:   Welcome to RRA v 0.5.9. 
INFO  @ Fri, 28 Aug 2026 21:03:15:   2001 control sequences loaded. 
INFO  @ Fri, 28 Aug 2026 21:03:15:   Skipping gene NA for permutation ... 
INFO  @ Fri, 28 Aug 2026 21:03:15:   Skipping gene na for permutation ... 
INFO  @ Fri, 28 Aug 2026 21:03:15:   Reading input file... 
INFO  @ Fri, 28 Aug 2026 21:03:15:   Summary: 238554 sgRNAs, 21697 genes, 1 lists; skipped sgRNAs:0 
INFO  @ Fri, 28 Aug 2026 21:03:15:   Computing lo-values for each group... 
INFO  @ Fri, 28 Aug 2026 21:03:15:   Skipping gene NonTargetingControlGuideForHuman_0626 for permutation ... 
INFO  @ Fri, 28 Aug 2026 21:03:15:   Skipping gene NonTargetingControlGuideForHuman_0906 for permutation ... 
INFO  @ Fri, 28 Aug 2026 21:03:15:   Skipping gene NonTargetingControlGuideForHuman_0539 for permutation ... 
INFO  @ Fri, 28 Aug 2026 21:03:15:   Skipping gene NonTargetingControlGuideForHuman_0173 for permutation ... 
INFO  @ Fri, 28 Aug 2026 21:03:15:   Skipping gene NonTargetingControlGuideForHuman_0844 for permutation ... 
INFO  @ Fri, 28 Aug 2026 21:03:15:   Skipping gene NonTargetingControlGuideForHuman_0731 for permutation ... 
INFO  @ Fri, 28 Aug 2026 21:03:15:   Skipping gene NonTargetingControlGuideForHuman_0247 for permutation ... 
INFO  @ Fri, 28 Aug 2026 21:03:15:   Skipping gene NonTargetingControlGuideForHuman_0235 for permutation ... 
INFO  @ Fri, 28 Aug 2026 21:03:15:   Skipping gene NonTargetingControlGuideForHuman_0438 for permutation ... 
INFO  @ Fri, 28 Aug 2026 21:03:15:   Skipping gene NonTargetingControlGuideForHuman_0591 for permutation ... 
INFO  @ Fri, 28 Aug 2026 21:03:15:   Skipping gene NonTargetingControlGuideForHuman_0040 for permutation ... 
INFO  @ Fri, 28 Aug 2026 21:03:15:   Skipping gene NonTargetingControlGuideForHuman_0526 for permutation ... 
INFO  @ Fri, 28 Aug 2026 21:03:15:   Skipping gene NonTargetingControlGuideForHuman_0196 for permutation ... 
INFO  @ Fri, 28 Aug 2026 21:03:15:   Skipping gene NonTargetingControlGuideForHuman_0904 for permutation ... 
INFO  @ Fri, 28 Aug 2026 21:03:15:   Skipping gene NonTargetingControlGuideForHuman_0231 for permutation ... 
INFO  @ Fri, 28 Aug 2026 21:03:15:   Skipping gene NonTargetingControlGuideForHuman_0554 for permutation ... 
INFO  @ Fri, 28 Aug 2026 21:03:15:   Skipping gene NonTargetingControlGuideForHuman_0141 for permutation ... 
INFO  @ Fri, 28 Aug 2026 21:03:15:   Skipping gene NonTargetingControlGuideForHuman_0228 for permutation ... 
INFO  @ Fri, 28 Aug 2026 21:03:15:   Skipping gene NonTargetingControlGuideForHuman_0411 for permutation ... 
INFO  @ Fri, 28 Aug 2026 21:03:15:   Skipping gene NonTargetingControlGuideForHuman_0493 for permutation ... 
INFO  @ Fri, 28 Aug 2026 21:03:15:   Skipping gene NonTargetingControlGuideForHuman_0470 for permutation ... 
INFO  @ Fri, 28 Aug 2026 21:03:15:   Skipping gene NonTargetingControlGuideForHuman_0759 for permutation ... 
INFO  @ Fri, 28 Aug 2026 21:03:15:   Skipping gene NonTargetingControlGuideForHuman_0920 for permutation ... 
INFO  @ Fri, 28 Aug 2026 21:03:15:   Skipping gene NonTargetingControlGuideForHuman_0960 for permutation ... 
INFO  @ Fri, 28 Aug 2026 21:03:15:   Skipping gene NonTargetingControlGuideForHuman_0482 for permutation ... 
INFO  @ Fri, 28 Aug 2026 21:03:15:   Skipping gene NonTargetingControlGuideForHuman_0431 for permutation ... 
INFO  @ Fri, 28 Aug 2026 21:03:15:   Skipping gene NonTargetingControlGuideForHuman_0081 for permutation ... 
INFO  @ Fri, 28 Aug 2026 21:03:15:   Skipping gene NonTargetingControlGuideForHuman_0897 for permutation ... 
INFO  @ Fri, 28 Aug 2026 21:03:15:   Skipping gene NonTargetingControlGuideForHuman_0622 for permutation ... 
INFO  @ Fri, 28 Aug 2026 21:03:15:   Skipping gene NonTargetingControlGuideForHuman_0908 for permutation ... 
INFO  @ Fri, 28 Aug 2026 21:03:15:   Skipping gene NonTargetingControlGuideForHuman_0051 for permutation ... 
INFO  @ Fri, 28 Aug 2026 21:03:15:   Skipping gene NonTargetingControlGuideForHuman_0288 for permutation ... 
INFO  @ Fri, 28 Aug 2026 21:03:15:   Skipping gene NonTargetingControlGuideForHuman_0567 for permutation ... 
INFO  @ Fri, 28 Aug 2026 21:03:15:   Skipping gene NonTargetingControlGuideForHuman_0163 for permutation ... 
INFO  @ Fri, 28 Aug 2026 21:03:15:   Skipping gene NonTargetingControlGuideForHuman_0230 for permutation ... 
INFO  @ Fri, 28 Aug 2026 21:03:15:   Skipping gene NonTargetingControlGuideForHuman_0042 for permutation ... 
INFO  @ Fri, 28 Aug 2026 21:03:15:   Skipping gene NonTargetingControlGuideForHuman_0242 for permutation ... 
INFO  @ Fri, 28 Aug 2026 21:03:15:   Skipping gene NonTargetingControlGuideForHuman_0976 for permutation ... 
INFO  @ Fri, 28 Aug 2026 21:03:15:   Skipping gene NonTargetingControlGuideForHuman_0380 for permutation ... 
INFO  @ Fri, 28 Aug 2026 21:03:15:   Skipping gene NonTargetingControlGuideForHuman_0224 for permutation ... 
INFO  @ Fri, 28 Aug 2026 21:03:15:   Skipping gene NonTargetingControlGuideForHuman_0572 for permutation ... 
INFO  @ Fri, 28 Aug 2026 21:03:15:   Skipping gene NonTargetingControlGuideForHuman_0525 for permutation ... 
INFO  @ Fri, 28 Aug 2026 21:03:15:   Skipping gene NonTargetingControlGuideForHuman_0882 for permutation ... 
INFO  @ Fri, 28 Aug 2026 21:03:15:   Skipping gene NonTargetingControlGuideForHuman_0344 for permutation ... 
INFO  @ Fri, 28 Aug 2026 21:03:15:   Skipping gene NonTargetingControlGuideForHuman_0227 for permutation ... 
INFO  @ Fri, 28 Aug 2026 21:03:15:   Skipping gene NonTargetingControlGuideForHuman_0878 for permutation ... 
INFO  @ Fri, 28 Aug 2026 21:03:15:   Skipping gene NonTargetingControlGuideForHuman_0563 for permutation ... 
INFO  @ Fri, 28 Aug 2026 21:03:15:   Skipping gene NonTargetingControlGuideForHuman_0772 for permutation ... 
INFO  @ Fri, 28 Aug 2026 21:03:15:   Skipping gene NonTargetingControlGuideForHuman_0981 for permutation ... 
INFO  @ Fri, 28 Aug 2026 21:03:15:   Skipping gene NonTargetingControlGuideForHuman_0507 for permutation ... 
INFO  @ Fri, 28 Aug 2026 21:03:15:   Skipping gene NonTargetingControlGuideForHuman_0504 for permutation ... 
INFO  @ Fri, 28 Aug 2026 21:03:15:   Skipping gene NonTargetingControlGuideForHuman_0850 for permutation ... 
INFO  @ Fri, 28 Aug 2026 21:03:15:   Skipping gene NonTargetingControlGuideForHuman_0629 for permutation ... 
INFO  @ Fri, 28 Aug 2026 21:03:15:   Skipping gene NonTargetingControlGuideForHuman_0703 for permutation ... 
INFO  @ Fri, 28 Aug 2026 21:03:15:   Skipping gene NonTargetingControlGuideForHuman_0106 for permutation ... 
INFO  @ Fri, 28 Aug 2026 21:03:15:   Skipping gene NonTargetingControlGuideForHuman_0171 for permutation ... 
INFO  @ Fri, 28 Aug 2026 21:03:15:   Skipping gene NonTargetingControlGuideForHuman_0937 for permutation ... 
INFO  @ Fri, 28 Aug 2026 21:03:15:   Skipping gene NonTargetingControlGuideForHuman_0624 for permutation ... 
INFO  @ Fri, 28 Aug 2026 21:03:15:   Skipping gene NonTargetingControlGuideForHuman_0663 for permutation ... 
INFO  @ Fri, 28 Aug 2026 21:03:15:   Skipping gene NonTargetingControlGuideForHuman_0428 for permutation ... 
INFO  @ Fri, 28 Aug 2026 21:03:15:   Skipping gene NonTargetingControlGuideForHuman_0100 for permutation ... 
INFO  @ Fri, 28 Aug 2026 21:03:15:   Skipping gene NonTargetingControlGuideForHuman_0447 for permutation ... 
INFO  @ Fri, 28 Aug 2026 21:03:15:   Skipping gene NonTargetingControlGuideForHuman_0117 for permutation ... 
INFO  @ Fri, 28 Aug 2026 21:03:15:   Skipping gene NonTargetingControlGuideForHuman_0551 for permutation ... 
INFO  @ Fri, 28 Aug 2026 21:03:15:   Skipping gene NonTargetingControlGuideForHuman_0345 for permutation ... 
INFO  @ Fri, 28 Aug 2026 21:03:15:   Skipping gene NonTargetingControlGuideForHuman_0192 for permutation ... 
INFO  @ Fri, 28 Aug 2026 21:03:15:   Skipping gene NonTargetingControlGuideForHuman_0029 for permutation ... 
INFO  @ Fri, 28 Aug 2026 21:03:15:   Skipping gene NonTargetingControlGuideForHuman_0456 for permutation ... 
INFO  @ Fri, 28 Aug 2026 21:03:15:   Skipping gene NonTargetingControlGuideForHuman_0804 for permutation ... 
INFO  @ Fri, 28 Aug 2026 21:03:15:   Skipping gene NonTargetingControlGuideForHuman_0226 for permutation ... 
INFO  @ Fri, 28 Aug 2026 21:03:15:   Skipping gene NonTargetingControlGuideForHuman_0895 for permutation ... 
INFO  @ Fri, 28 Aug 2026 21:03:15:   Skipping gene NonTargetingControlGuideForHuman_0016 for permutation ... 
INFO  @ Fri, 28 Aug 2026 21:03:15:   Skipping gene NonTargetingControlGuideForHuman_0628 for permutation ... 
INFO  @ Fri, 28 Aug 2026 21:03:15:   Skipping gene NonTargetingControlGuideForHuman_0425 for permutation ... 
INFO  @ Fri, 28 Aug 2026 21:03:15:   Skipping gene NonTargetingControlGuideForHuman_0302 for permutation ... 
INFO  @ Fri, 28 Aug 2026 21:03:15:   Skipping gene NonTargetingControlGuideForHuman_0260 for permutation ... 
INFO  @ Fri, 28 Aug 2026 21:03:15:   Skipping gene NonTargetingControlGuideForHuman_0475 for permutation ... 
INFO  @ Fri, 28 Aug 2026 21:03:15:   Skipping gene NonTargetingControlGuideForHuman_0048 for permutation ... 
INFO  @ Fri, 28 Aug 2026 21:03:15:   Skipping gene NonTargetingControlGuideForHuman_0187 for permutation ... 
INFO  @ Fri, 28 Aug 2026 21:03:15:   Skipping gene NonTargetingControlGuideForHuman_0272 for permutation ... 
INFO  @ Fri, 28 Aug 2026 21:03:15:   Skipping gene NonTargetingControlGuideForHuman_0023 for permutation ... 
INFO  @ Fri, 28 Aug 2026 21:03:15:   Skipping gene NonTargetingControlGuideForHuman_0886 for permutation ... 
INFO  @ Fri, 28 Aug 2026 21:03:15:   Skipping gene NonTargetingControlGuideForHuman_0265 for permutation ... 
INFO  @ Fri, 28 Aug 2026 21:03:15:   Skipping gene NonTargetingControlGuideForHuman_0465 for permutation ... 
INFO  @ Fri, 28 Aug 2026 21:03:15:   Skipping gene NonTargetingControlGuideForHuman_0997 for permutation ... 
INFO  @ Fri, 28 Aug 2026 21:03:15:   Skipping gene NonTargetingControlGuideForHuman_0945 for permutation ... 
INFO  @ Fri, 28 Aug 2026 21:03:15:   Skipping gene NonTargetingControlGuideForHuman_0642 for permutation ... 
INFO  @ Fri, 28 Aug 2026 21:03:15:   Skipping gene NonTargetingControlGuideForHuman_0355 for permutation ... 
INFO  @ Fri, 28 Aug 2026 21:03:15:   Skipping gene NonTargetingControlGuideForHuman_0872 for permutation ... 
INFO  @ Fri, 28 Aug 2026 21:03:15:   Skipping gene NonTargetingControlGuideForHuman_0057 for permutation ... 
INFO  @ Fri, 28 Aug 2026 21:03:15:   Skipping gene NonTargetingControlGuideForHuman_0214 for permutation ... 
INFO  @ Fri, 28 Aug 2026 21:03:15:   Skipping gene NonTargetingControlGuideForHuman_0137 for permutation ... 
INFO  @ Fri, 28 Aug 2026 21:03:15:   Skipping gene NonTargetingControlGuideForHuman_0140 for permutation ... 
INFO  @ Fri, 28 Aug 2026 21:03:15:   Skipping gene NonTargetingControlGuideForHuman_0831 for permutation ... 
INFO  @ Fri, 28 Aug 2026 21:03:15:   Skipping gene NonTargetingControlGuideForHuman_0017 for permutation ... 
INFO  @ Fri, 28 Aug 2026 21:03:15:   Skipping gene NonTargetingControlGuideForHuman_0363 for permutation ... 
INFO  @ Fri, 28 Aug 2026 21:03:15:   Skipping gene NonTargetingControlGuideForHuman_0287 for permutation ... 
INFO  @ Fri, 28 Aug 2026 21:03:15:   Skipping gene NonTargetingControlGuideForHuman_0481 for permutation ... 
INFO  @ Fri, 28 Aug 2026 21:03:15:   Skipping gene NonTargetingControlGuideForHuman_0118 for permutation ... 
INFO  @ Fri, 28 Aug 2026 21:03:15:   Skipping gene NonTargetingControlGuideForHuman_0969 for permutation ... 
INFO  @ Fri, 28 Aug 2026 21:03:15:   Skipping gene NonTargetingControlGuideForHuman_0827 for permutation ... 
INFO  @ Fri, 28 Aug 2026 21:03:15:   Skipping gene NonTargetingControlGuideForHuman_0907 for permutation ... 
INFO  @ Fri, 28 Aug 2026 21:03:15:   Skipping gene NonTargetingControlGuideForHuman_0900 for permutation ... 
INFO  @ Fri, 28 Aug 2026 21:03:15:   Skipping gene NonTargetingControlGuideForHuman_0412 for permutation ... 
INFO  @ Fri, 28 Aug 2026 21:03:15:   Skipping gene NonTargetingControlGuideForHuman_0701 for permutation ... 
INFO  @ Fri, 28 Aug 2026 21:03:15:   Skipping gene NonTargetingControlGuideForHuman_0161 for permutation ... 
INFO  @ Fri, 28 Aug 2026 21:03:15:   Skipping gene NonTargetingControlGuideForHuman_0841 for permutation ... 
INFO  @ Fri, 28 Aug 2026 21:03:15:   Skipping gene NonTargetingControlGuideForHuman_0508 for permutation ... 
INFO  @ Fri, 28 Aug 2026 21:03:15:   Skipping gene NonTargetingControlGuideForHuman_0271 for permutation ... 
INFO  @ Fri, 28 Aug 2026 21:03:15:   Skipping gene NonTargetingControlGuideForHuman_0929 for permutation ... 
INFO  @ Fri, 28 Aug 2026 21:03:15:   Skipping gene NonTargetingControlGuideForHuman_0510 for permutation ... 
INFO  @ Fri, 28 Aug 2026 21:03:15:   Skipping gene NonTargetingControlGuideForHuman_0451 for permutation ... 
INFO  @ Fri, 28 Aug 2026 21:03:15:   Skipping gene NonTargetingControlGuideForHuman_0899 for permutation ... 
INFO  @ Fri, 28 Aug 2026 21:03:15:   Skipping gene NonTargetingControlGuideForHuman_0055 for permutation ... 
INFO  @ Fri, 28 Aug 2026 21:03:15:   Skipping gene NonTargetingControlGuideForHuman_0261 for permutation ... 
INFO  @ Fri, 28 Aug 2026 21:03:15:   Skipping gene NonTargetingControlGuideForHuman_0934 for permutation ... 
INFO  @ Fri, 28 Aug 2026 21:03:15:   Skipping gene NonTargetingControlGuideForHuman_0170 for permutation ... 
INFO  @ Fri, 28 Aug 2026 21:03:15:   Skipping gene NonTargetingControlGuideForHuman_0608 for permutation ... 
INFO  @ Fri, 28 Aug 2026 21:03:15:   Skipping gene NonTargetingControlGuideForHuman_0962 for permutation ... 
INFO  @ Fri, 28 Aug 2026 21:03:15:   Skipping gene NonTargetingControlGuideForHuman_0028 for permutation ... 
INFO  @ Fri, 28 Aug 2026 21:03:15:   Skipping gene NonTargetingControlGuideForHuman_0131 for permutation ... 
INFO  @ Fri, 28 Aug 2026 21:03:15:   Skipping gene NonTargetingControlGuideForHuman_0787 for permutation ... 
INFO  @ Fri, 28 Aug 2026 21:03:15:   Skipping gene NonTargetingControlGuideForHuman_0649 for permutation ... 
INFO  @ Fri, 28 Aug 2026 21:03:15:   Skipping gene NonTargetingControlGuideForHuman_0128 for permutation ... 
INFO  @ Fri, 28 Aug 2026 21:03:15:   Skipping gene NonTargetingControlGuideForHuman_0814 for permutation ... 
INFO  @ Fri, 28 Aug 2026 21:03:15:   Skipping gene NonTargetingControlGuideForHuman_0120 for permutation ... 
INFO  @ Fri, 28 Aug 2026 21:03:15:   Skipping gene NonTargetingControlGuideForHuman_0459 for permutation ... 
INFO  @ Fri, 28 Aug 2026 21:03:15:   Skipping gene NonTargetingControlGuideForHuman_0329 for permutation ... 
INFO  @ Fri, 28 Aug 2026 21:03:15:   Skipping gene NonTargetingControlGuideForHuman_0502 for permutation ... 
INFO  @ Fri, 28 Aug 2026 21:03:15:   Skipping gene NonTargetingControlGuideForHuman_0590 for permutation ... 
INFO  @ Fri, 28 Aug 2026 21:03:15:   Skipping gene NonTargetingControlGuideForHuman_0211 for permutation ... 
INFO  @ Fri, 28 Aug 2026 21:03:15:   Skipping gene NonTargetingControlGuideForHuman_0776 for permutation ... 
INFO  @ Fri, 28 Aug 2026 21:03:15:   Skipping gene NonTargetingControlGuideForHuman_0461 for permutation ... 
INFO  @ Fri, 28 Aug 2026 21:03:15:   Skipping gene NonTargetingControlGuideForHuman_0724 for permutation ... 
INFO  @ Fri, 28 Aug 2026 21:03:15:   Skipping gene NonTargetingControlGuideForHuman_0186 for permutation ... 
INFO  @ Fri, 28 Aug 2026 21:03:15:   Skipping gene NonTargetingControlGuideForHuman_0977 for permutation ... 
INFO  @ Fri, 28 Aug 2026 21:03:15:   Skipping gene NonTargetingControlGuideForHuman_0485 for permutation ... 
INFO  @ Fri, 28 Aug 2026 21:03:15:   Skipping gene NonTargetingControlGuideForHuman_0545 for permutation ... 
INFO  @ Fri, 28 Aug 2026 21:03:15:   Skipping gene NonTargetingControlGuideForHuman_0026 for permutation ... 
INFO  @ Fri, 28 Aug 2026 21:03:15:   Skipping gene NonTargetingControlGuideForHuman_0282 for permutation ... 
INFO  @ Fri, 28 Aug 2026 21:03:15:   Skipping gene NonTargetingControlGuideForHuman_0047 for permutation ... 
INFO  @ Fri, 28 Aug 2026 21:03:15:   Skipping gene NonTargetingControlGuideForHuman_0244 for permutation ... 
INFO  @ Fri, 28 Aug 2026 21:03:15:   Skipping gene NonTargetingControlGuideForHuman_0849 for permutation ... 
INFO  @ Fri, 28 Aug 2026 21:03:15:   Skipping gene NonTargetingControlGuideForHuman_0623 for permutation ... 
INFO  @ Fri, 28 Aug 2026 21:03:15:   Skipping gene NonTargetingControlGuideForHuman_0659 for permutation ... 
INFO  @ Fri, 28 Aug 2026 21:03:15:   Skipping gene NonTargetingControlGuideForHuman_0670 for permutation ... 
INFO  @ Fri, 28 Aug 2026 21:03:15:   Skipping gene NonTargetingControlGuideForHuman_0805 for permutation ... 
INFO  @ Fri, 28 Aug 2026 21:03:15:   Skipping gene NonTargetingControlGuideForHuman_0248 for permutation ... 
INFO  @ Fri, 28 Aug 2026 21:03:15:   Skipping gene NonTargetingControlGuideForHuman_0347 for permutation ... 
INFO  @ Fri, 28 Aug 2026 21:03:15:   Skipping gene NonTargetingControlGuideForHuman_0304 for permutation ... 
INFO  @ Fri, 28 Aug 2026 21:03:15:   Skipping gene NonTargetingControlGuideForHuman_0820 for permutation ... 
INFO  @ Fri, 28 Aug 2026 21:03:15:   Skipping gene NonTargetingControlGuideForHuman_0668 for permutation ... 
INFO  @ Fri, 28 Aug 2026 21:03:15:   Skipping gene NonTargetingControlGuideForHuman_0115 for permutation ... 
INFO  @ Fri, 28 Aug 2026 21:03:15:   Skipping gene NonTargetingControlGuideForHuman_0538 for permutation ... 
INFO  @ Fri, 28 Aug 2026 21:03:15:   Skipping gene NonTargetingControlGuideForHuman_0243 for permutation ... 
INFO  @ Fri, 28 Aug 2026 21:03:15:   Skipping gene NonTargetingControlGuideForHuman_0316 for permutation ... 
INFO  @ Fri, 28 Aug 2026 21:03:15:   Skipping gene NonTargetingControlGuideForHuman_0024 for permutation ... 
INFO  @ Fri, 28 Aug 2026 21:03:15:   Skipping gene NonTargetingControlGuideForHuman_0522 for permutation ... 
INFO  @ Fri, 28 Aug 2026 21:03:15:   Skipping gene NonTargetingControlGuideForHuman_0766 for permutation ... 
INFO  @ Fri, 28 Aug 2026 21:03:15:   Skipping gene NonTargetingControlGuideForHuman_0353 for permutation ... 
INFO  @ Fri, 28 Aug 2026 21:03:15:   Skipping gene NonTargetingControlGuideForHuman_0687 for permutation ... 
INFO  @ Fri, 28 Aug 2026 21:03:15:   Skipping gene NonTargetingControlGuideForHuman_0266 for permutation ... 
INFO  @ Fri, 28 Aug 2026 21:03:15:   Skipping gene NonTargetingControlGuideForHuman_0788 for permutation ... 
INFO  @ Fri, 28 Aug 2026 21:03:15:   Skipping gene NonTargetingControlGuideForHuman_0210 for permutation ... 
INFO  @ Fri, 28 Aug 2026 21:03:15:   Skipping gene NonTargetingControlGuideForHuman_0532 for permutation ... 
INFO  @ Fri, 28 Aug 2026 21:03:15:   Skipping gene NonTargetingControlGuideForHuman_0004 for permutation ... 
INFO  @ Fri, 28 Aug 2026 21:03:15:   Skipping gene NonTargetingControlGuideForHuman_0530 for permutation ... 
INFO  @ Fri, 28 Aug 2026 21:03:15:   Skipping gene NonTargetingControlGuideForHuman_0351 for permutation ... 
INFO  @ Fri, 28 Aug 2026 21:03:15:   Skipping gene NonTargetingControlGuideForHuman_0283 for permutation ... 
INFO  @ Fri, 28 Aug 2026 21:03:15:   Skipping gene NonTargetingControlGuideForHuman_0531 for permutation ... 
INFO  @ Fri, 28 Aug 2026 21:03:15:   Skipping gene NonTargetingControlGuideForHuman_0398 for permutation ... 
INFO  @ Fri, 28 Aug 2026 21:03:15:   Skipping gene NonTargetingControlGuideForHuman_0415 for permutation ... 
INFO  @ Fri, 28 Aug 2026 21:03:15:   Skipping gene NonTargetingControlGuideForHuman_0110 for permutation ... 
INFO  @ Fri, 28 Aug 2026 21:03:15:   Skipping gene NonTargetingControlGuideForHuman_0112 for permutation ... 
INFO  @ Fri, 28 Aug 2026 21:03:15:   Skipping gene NonTargetingControlGuideForHuman_0404 for permutation ... 
INFO  @ Fri, 28 Aug 2026 21:03:15:   Skipping gene NonTargetingControlGuideForHuman_0736 for permutation ... 
INFO  @ Fri, 28 Aug 2026 21:03:15:   Skipping gene NonTargetingControlGuideForHuman_0672 for permutation ... 
INFO  @ Fri, 28 Aug 2026 21:03:15:   Skipping gene NonTargetingControlGuideForHuman_0998 for permutation ... 
INFO  @ Fri, 28 Aug 2026 21:03:15:   Skipping gene NonTargetingControlGuideForHuman_0207 for permutation ... 
INFO  @ Fri, 28 Aug 2026 21:03:15:   Skipping gene NonTargetingControlGuideForHuman_0147 for permutation ... 
INFO  @ Fri, 28 Aug 2026 21:03:15:   Skipping gene NonTargetingControlGuideForHuman_0241 for permutation ... 
INFO  @ Fri, 28 Aug 2026 21:03:15:   Skipping gene NonTargetingControlGuideForHuman_0932 for permutation ... 
INFO  @ Fri, 28 Aug 2026 21:03:15:   Skipping gene NonTargetingControlGuideForHuman_0458 for permutation ... 
INFO  @ Fri, 28 Aug 2026 21:03:15:   Skipping gene NonTargetingControlGuideForHuman_0052 for permutation ... 
INFO  @ Fri, 28 Aug 2026 21:03:15:   Skipping gene NonTargetingControlGuideForHuman_0727 for permutation ... 
INFO  @ Fri, 28 Aug 2026 21:03:15:   Skipping gene NonTargetingControlGuideForHuman_0975 for permutation ... 
INFO  @ Fri, 28 Aug 2026 21:03:15:   Skipping gene NonTargetingControlGuideForHuman_0723 for permutation ... 
INFO  @ Fri, 28 Aug 2026 21:03:15:   Skipping gene NonTargetingControlGuideForHuman_0754 for permutation ... 
INFO  @ Fri, 28 Aug 2026 21:03:15:   Skipping gene NonTargetingControlGuideForHuman_0738 for permutation ... 
INFO  @ Fri, 28 Aug 2026 21:03:15:   Skipping gene NonTargetingControlGuideForHuman_0153 for permutation ... 
INFO  @ Fri, 28 Aug 2026 21:03:15:   Skipping gene NonTargetingControlGuideForHuman_0786 for permutation ... 
INFO  @ Fri, 28 Aug 2026 21:03:15:   Skipping gene NonTargetingControlGuideForHuman_0634 for permutation ... 
INFO  @ Fri, 28 Aug 2026 21:03:15:   Skipping gene NonTargetingControlGuideForHuman_0391 for permutation ... 
INFO  @ Fri, 28 Aug 2026 21:03:15:   Skipping gene NonTargetingControlGuideForHuman_0755 for permutation ... 
INFO  @ Fri, 28 Aug 2026 21:03:15:   Skipping gene NonTargetingControlGuideForHuman_0903 for permutation ... 
INFO  @ Fri, 28 Aug 2026 21:03:15:   Skipping gene NonTargetingControlGuideForHuman_0768 for permutation ... 
INFO  @ Fri, 28 Aug 2026 21:03:15:   Skipping gene NonTargetingControlGuideForHuman_0421 for permutation ... 
INFO  @ Fri, 28 Aug 2026 21:03:15:   Skipping gene NonTargetingControlGuideForHuman_0722 for permutation ... 
INFO  @ Fri, 28 Aug 2026 21:03:15:   Skipping gene NonTargetingControlGuideForHuman_0076 for permutation ... 
INFO  @ Fri, 28 Aug 2026 21:03:15:   Skipping gene NonTargetingControlGuideForHuman_0951 for permutation ... 
INFO  @ Fri, 28 Aug 2026 21:03:15:   Skipping gene NonTargetingControlGuideForHuman_0476 for permutation ... 
INFO  @ Fri, 28 Aug 2026 21:03:15:   Skipping gene NonTargetingControlGuideForHuman_0552 for permutation ... 
INFO  @ Fri, 28 Aug 2026 21:03:15:   Skipping gene NonTargetingControlGuideForHuman_0175 for permutation ... 
INFO  @ Fri, 28 Aug 2026 21:03:15:   Skipping gene NonTargetingControlGuideForHuman_0984 for permutation ... 
INFO  @ Fri, 28 Aug 2026 21:03:15:   Skipping gene NonTargetingControlGuideForHuman_0013 for permutation ... 
INFO  @ Fri, 28 Aug 2026 21:03:15:   Skipping gene NonTargetingControlGuideForHuman_0144 for permutation ... 
INFO  @ Fri, 28 Aug 2026 21:03:15:   Skipping gene NonTargetingControlGuideForHuman_0466 for permutation ... 
INFO  @ Fri, 28 Aug 2026 21:03:15:   Skipping gene NonTargetingControlGuideForHuman_0125 for permutation ... 
INFO  @ Fri, 28 Aug 2026 21:03:15:   Skipping gene NonTargetingControlGuideForHuman_0744 for permutation ... 
INFO  @ Fri, 28 Aug 2026 21:03:15:   Skipping gene NonTargetingControlGuideForHuman_0365 for permutation ... 
INFO  @ Fri, 28 Aug 2026 21:03:15:   Skipping gene NonTargetingControlGuideForHuman_0715 for permutation ... 
INFO  @ Fri, 28 Aug 2026 21:03:15:   Skipping gene NonTargetingControlGuideForHuman_0964 for permutation ... 
INFO  @ Fri, 28 Aug 2026 21:03:15:   Skipping gene NonTargetingControlGuideForHuman_0452 for permutation ... 
INFO  @ Fri, 28 Aug 2026 21:03:15:   Skipping gene NonTargetingControlGuideForHuman_0758 for permutation ... 
INFO  @ Fri, 28 Aug 2026 21:03:15:   Skipping gene NonTargetingControlGuideForHuman_0190 for permutation ... 
INFO  @ Fri, 28 Aug 2026 21:03:15:   Skipping gene NonTargetingControlGuideForHuman_0101 for permutation ... 
INFO  @ Fri, 28 Aug 2026 21:03:15:   Skipping gene NonTargetingControlGuideForHuman_0645 for permutation ... 
INFO  @ Fri, 28 Aug 2026 21:03:15:   Skipping gene NonTargetingControlGuideForHuman_0743 for permutation ... 
INFO  @ Fri, 28 Aug 2026 21:03:15:   Skipping gene NonTargetingControlGuideForHuman_0842 for permutation ... 
INFO  @ Fri, 28 Aug 2026 21:03:15:   Skipping gene NonTargetingControlGuideForHuman_0426 for permutation ... 
INFO  @ Fri, 28 Aug 2026 21:03:15:   Skipping gene NonTargetingControlGuideForHuman_0760 for permutation ... 
INFO  @ Fri, 28 Aug 2026 21:03:15:   Skipping gene NonTargetingControlGuideForHuman_0791 for permutation ... 
INFO  @ Fri, 28 Aug 2026 21:03:15:   Skipping gene NonTargetingControlGuideForHuman_0824 for permutation ... 
INFO  @ Fri, 28 Aug 2026 21:03:15:   Skipping gene NonTargetingControlGuideForHuman_0213 for permutation ... 
INFO  @ Fri, 28 Aug 2026 21:03:15:   Skipping gene NonTargetingControlGuideForHuman_0050 for permutation ... 
INFO  @ Fri, 28 Aug 2026 21:03:15:   Skipping gene NonTargetingControlGuideForHuman_0883 for permutation ... 
INFO  @ Fri, 28 Aug 2026 21:03:15:   Skipping gene NonTargetingControlGuideForHuman_0007 for permutation ... 
INFO  @ Fri, 28 Aug 2026 21:03:15:   Skipping gene NonTargetingControlGuideForHuman_0913 for permutation ... 
INFO  @ Fri, 28 Aug 2026 21:03:15:   Skipping gene NonTargetingControlGuideForHuman_0386 for permutation ... 
INFO  @ Fri, 28 Aug 2026 21:03:15:   Skipping gene NonTargetingControlGuideForHuman_0378 for permutation ... 
INFO  @ Fri, 28 Aug 2026 21:03:15:   Skipping gene NonTargetingControlGuideForHuman_0978 for permutation ... 
INFO  @ Fri, 28 Aug 2026 21:03:15:   Skipping gene NonTargetingControlGuideForHuman_0381 for permutation ... 
INFO  @ Fri, 28 Aug 2026 21:03:15:   Skipping gene NonTargetingControlGuideForHuman_0281 for permutation ... 
INFO  @ Fri, 28 Aug 2026 21:03:15:   Skipping gene NonTargetingControlGuideForHuman_0274 for permutation ... 
INFO  @ Fri, 28 Aug 2026 21:03:15:   Skipping gene NonTargetingControlGuideForHuman_0443 for permutation ... 
INFO  @ Fri, 28 Aug 2026 21:03:15:   Skipping gene NonTargetingControlGuideForHuman_0643 for permutation ... 
INFO  @ Fri, 28 Aug 2026 21:03:15:   Skipping gene NonTargetingControlGuideForHuman_0083 for permutation ... 
INFO  @ Fri, 28 Aug 2026 21:03:15:   Skipping gene NonTargetingControlGuideForHuman_0753 for permutation ... 
INFO  @ Fri, 28 Aug 2026 21:03:15:   Skipping gene NonTargetingControlGuideForHuman_0285 for permutation ... 
INFO  @ Fri, 28 Aug 2026 21:03:15:   Skipping gene NonTargetingControlGuideForHuman_0095 for permutation ... 
INFO  @ Fri, 28 Aug 2026 21:03:15:   Skipping gene NonTargetingControlGuideForHuman_0762 for permutation ... 
INFO  @ Fri, 28 Aug 2026 21:03:15:   Skipping gene NonTargetingControlGuideForHuman_0647 for permutation ... 
INFO  @ Fri, 28 Aug 2026 21:03:15:   Skipping gene NonTargetingControlGuideForHuman_0654 for permutation ... 
INFO  @ Fri, 28 Aug 2026 21:03:15:   Skipping gene NonTargetingControlGuideForHuman_0484 for permutation ... 
INFO  @ Fri, 28 Aug 2026 21:03:15:   Skipping gene NonTargetingControlGuideForHuman_0122 for permutation ... 
INFO  @ Fri, 28 Aug 2026 21:03:15:   Skipping gene NonTargetingControlGuideForHuman_0151 for permutation ... 
INFO  @ Fri, 28 Aug 2026 21:03:15:   Skipping gene NonTargetingControlGuideForHuman_0486 for permutation ... 
INFO  @ Fri, 28 Aug 2026 21:03:15:   Skipping gene NonTargetingControlGuideForHuman_0501 for permutation ... 
INFO  @ Fri, 28 Aug 2026 21:03:15:   Skipping gene NonTargetingControlGuideForHuman_0360 for permutation ... 
INFO  @ Fri, 28 Aug 2026 21:03:15:   Skipping gene NonTargetingControlGuideForHuman_0952 for permutation ... 
INFO  @ Fri, 28 Aug 2026 21:03:15:   Skipping gene NonTargetingControlGuideForHuman_0209 for permutation ... 
INFO  @ Fri, 28 Aug 2026 21:03:15:   Skipping gene NonTargetingControlGuideForHuman_0944 for permutation ... 
INFO  @ Fri, 28 Aug 2026 21:03:15:   Skipping gene NonTargetingControlGuideForHuman_0082 for permutation ... 
INFO  @ Fri, 28 Aug 2026 21:03:15:   Skipping gene NonTargetingControlGuideForHuman_0858 for permutation ... 
INFO  @ Fri, 28 Aug 2026 21:03:15:   Skipping gene NonTargetingControlGuideForHuman_0716 for permutation ... 
INFO  @ Fri, 28 Aug 2026 21:03:15:   Skipping gene NonTargetingControlGuideForHuman_0135 for permutation ... 
INFO  @ Fri, 28 Aug 2026 21:03:15:   Skipping gene NonTargetingControlGuideForHuman_0044 for permutation ... 
INFO  @ Fri, 28 Aug 2026 21:03:15:   Skipping gene NonTargetingControlGuideForHuman_0922 for permutation ... 
INFO  @ Fri, 28 Aug 2026 21:03:15:   Skipping gene NonTargetingControlGuideForHuman_0534 for permutation ... 
INFO  @ Fri, 28 Aug 2026 21:03:15:   Skipping gene NonTargetingControlGuideForHuman_0356 for permutation ... 
INFO  @ Fri, 28 Aug 2026 21:03:15:   Skipping gene NonTargetingControlGuideForHuman_0515 for permutation ... 
INFO  @ Fri, 28 Aug 2026 21:03:15:   Skipping gene NonTargetingControlGuideForHuman_0558 for permutation ... 
INFO  @ Fri, 28 Aug 2026 21:03:15:   Skipping gene NonTargetingControlGuideForHuman_0088 for permutation ... 
INFO  @ Fri, 28 Aug 2026 21:03:15:   Skipping gene NonTargetingControlGuideForHuman_0009 for permutation ... 
INFO  @ Fri, 28 Aug 2026 21:03:15:   Skipping gene NonTargetingControlGuideForHuman_0063 for permutation ... 
INFO  @ Fri, 28 Aug 2026 21:03:15:   Skipping gene NonTargetingControlGuideForHuman_0376 for permutation ... 
INFO  @ Fri, 28 Aug 2026 21:03:15:   Skipping gene NonTargetingControlGuideForHuman_0130 for permutation ... 
INFO  @ Fri, 28 Aug 2026 21:03:15:   Skipping gene NonTargetingControlGuideForHuman_0785 for permutation ... 
INFO  @ Fri, 28 Aug 2026 21:03:15:   Skipping gene NonTargetingControlGuideForHuman_0741 for permutation ... 
INFO  @ Fri, 28 Aug 2026 21:03:15:   Skipping gene NonTargetingControlGuideForHuman_0254 for permutation ... 
INFO  @ Fri, 28 Aug 2026 21:03:15:   Skipping gene NonTargetingControlGuideForHuman_0367 for permutation ... 
INFO  @ Fri, 28 Aug 2026 21:03:15:   Skipping gene NonTargetingControlGuideForHuman_0199 for permutation ... 
INFO  @ Fri, 28 Aug 2026 21:03:15:   Skipping gene NonTargetingControlGuideForHuman_0597 for permutation ... 
INFO  @ Fri, 28 Aug 2026 21:03:15:   Skipping gene NonTargetingControlGuideForHuman_0887 for permutation ... 
INFO  @ Fri, 28 Aug 2026 21:03:15:   Skipping gene NonTargetingControlGuideForHuman_0478 for permutation ... 
INFO  @ Fri, 28 Aug 2026 21:03:15:   Skipping gene NonTargetingControlGuideForHuman_0060 for permutation ... 
INFO  @ Fri, 28 Aug 2026 21:03:15:   Skipping gene NonTargetingControlGuideForHuman_0422 for permutation ... 
INFO  @ Fri, 28 Aug 2026 21:03:15:   Skipping gene NonTargetingControlGuideForHuman_0138 for permutation ... 
INFO  @ Fri, 28 Aug 2026 21:03:15:   Skipping gene NonTargetingControlGuideForHuman_0441 for permutation ... 
INFO  @ Fri, 28 Aug 2026 21:03:15:   Skipping gene NonTargetingControlGuideForHuman_0680 for permutation ... 
INFO  @ Fri, 28 Aug 2026 21:03:15:   Skipping gene NonTargetingControlGuideForHuman_0156 for permutation ... 
INFO  @ Fri, 28 Aug 2026 21:03:15:   Skipping gene NonTargetingControlGuideForHuman_0066 for permutation ... 
INFO  @ Fri, 28 Aug 2026 21:03:15:   Skipping gene NonTargetingControlGuideForHuman_0818 for permutation ... 
INFO  @ Fri, 28 Aug 2026 21:03:15:   Skipping gene NonTargetingControlGuideForHuman_0068 for permutation ... 
INFO  @ Fri, 28 Aug 2026 21:03:15:   Skipping gene NonTargetingControlGuideForHuman_0837 for permutation ... 
INFO  @ Fri, 28 Aug 2026 21:03:15:   Skipping gene NonTargetingControlGuideForHuman_0910 for permutation ... 
INFO  @ Fri, 28 Aug 2026 21:03:15:   Skipping gene NonTargetingControlGuideForHuman_0682 for permutation ... 
INFO  @ Fri, 28 Aug 2026 21:03:15:   Skipping gene NonTargetingControlGuideForHuman_0573 for permutation ... 
INFO  @ Fri, 28 Aug 2026 21:03:15:   Skipping gene NonTargetingControlGuideForHuman_0547 for permutation ... 
INFO  @ Fri, 28 Aug 2026 21:03:15:   Skipping gene NonTargetingControlGuideForHuman_0078 for permutation ... 
INFO  @ Fri, 28 Aug 2026 21:03:15:   Skipping gene NonTargetingControlGuideForHuman_0109 for permutation ... 
INFO  @ Fri, 28 Aug 2026 21:03:15:   Skipping gene NonTargetingControlGuideForHuman_0056 for permutation ... 
INFO  @ Fri, 28 Aug 2026 21:03:15:   Skipping gene NonTargetingControlGuideForHuman_0931 for permutation ... 
INFO  @ Fri, 28 Aug 2026 21:03:15:   Skipping gene NonTargetingControlGuideForHuman_0603 for permutation ... 
INFO  @ Fri, 28 Aug 2026 21:03:15:   Skipping gene NonTargetingControlGuideForHuman_0535 for permutation ... 
INFO  @ Fri, 28 Aug 2026 21:03:15:   Skipping gene NonTargetingControlGuideForHuman_0605 for permutation ... 
INFO  @ Fri, 28 Aug 2026 21:03:15:   Skipping gene NonTargetingControlGuideForHuman_0002 for permutation ... 
INFO  @ Fri, 28 Aug 2026 21:03:15:   Skipping gene NonTargetingControlGuideForHuman_0457 for permutation ... 
INFO  @ Fri, 28 Aug 2026 21:03:15:   Skipping gene NonTargetingControlGuideForHuman_0429 for permutation ... 
INFO  @ Fri, 28 Aug 2026 21:03:15:   Skipping gene NonTargetingControlGuideForHuman_0332 for permutation ... 
INFO  @ Fri, 28 Aug 2026 21:03:15:   Skipping gene NonTargetingControlGuideForHuman_0188 for permutation ... 
INFO  @ Fri, 28 Aug 2026 21:03:15:   Skipping gene NonTargetingControlGuideForHuman_0479 for permutation ... 
INFO  @ Fri, 28 Aug 2026 21:03:15:   Skipping gene NonTargetingControlGuideForHuman_0160 for permutation ... 
INFO  @ Fri, 28 Aug 2026 21:03:15:   Skipping gene NonTargetingControlGuideForHuman_0324 for permutation ... 
INFO  @ Fri, 28 Aug 2026 21:03:15:   Skipping gene NonTargetingControlGuideForHuman_0497 for permutation ... 
INFO  @ Fri, 28 Aug 2026 21:03:15:   Skipping gene NonTargetingControlGuideForHuman_0295 for permutation ... 
INFO  @ Fri, 28 Aug 2026 21:03:15:   Skipping gene NonTargetingControlGuideForHuman_0851 for permutation ... 
INFO  @ Fri, 28 Aug 2026 21:03:15:   Skipping gene NonTargetingControlGuideForHuman_0607 for permutation ... 
INFO  @ Fri, 28 Aug 2026 21:03:15:   Skipping gene NonTargetingControlGuideForHuman_0385 for permutation ... 
INFO  @ Fri, 28 Aug 2026 21:03:15:   Skipping gene NonTargetingControlGuideForHuman_0717 for permutation ... 
INFO  @ Fri, 28 Aug 2026 21:03:15:   Skipping gene NonTargetingControlGuideForHuman_0333 for permutation ... 
INFO  @ Fri, 28 Aug 2026 21:03:15:   Skipping gene NonTargetingControlGuideForHuman_0323 for permutation ... 
INFO  @ Fri, 28 Aug 2026 21:03:15:   Skipping gene NonTargetingControlGuideForHuman_0511 for permutation ... 
INFO  @ Fri, 28 Aug 2026 21:03:15:   Skipping gene NonTargetingControlGuideForHuman_0992 for permutation ... 
INFO  @ Fri, 28 Aug 2026 21:03:15:   Skipping gene NonTargetingControlGuideForHuman_0183 for permutation ... 
INFO  @ Fri, 28 Aug 2026 21:03:15:   Skipping gene NonTargetingControlGuideForHuman_0911 for permutation ... 
INFO  @ Fri, 28 Aug 2026 21:03:15:   Skipping gene NonTargetingControlGuideForHuman_0114 for permutation ... 
INFO  @ Fri, 28 Aug 2026 21:03:15:   Skipping gene NonTargetingControlGuideForHuman_0757 for permutation ... 
INFO  @ Fri, 28 Aug 2026 21:03:15:   Skipping gene NonTargetingControlGuideForHuman_0449 for permutation ... 
INFO  @ Fri, 28 Aug 2026 21:03:15:   Skipping gene NonTargetingControlGuideForHuman_0006 for permutation ... 
INFO  @ Fri, 28 Aug 2026 21:03:15:   Skipping gene NonTargetingControlGuideForHuman_0136 for permutation ... 
INFO  @ Fri, 28 Aug 2026 21:03:15:   Skipping gene NonTargetingControlGuideForHuman_0417 for permutation ... 
INFO  @ Fri, 28 Aug 2026 21:03:15:   Skipping gene NonTargetingControlGuideForHuman_0972 for permutation ... 
INFO  @ Fri, 28 Aug 2026 21:03:15:   Skipping gene NonTargetingControlGuideForHuman_0307 for permutation ... 
INFO  @ Fri, 28 Aug 2026 21:03:15:   Skipping gene NonTargetingControlGuideForHuman_0777 for permutation ... 
INFO  @ Fri, 28 Aug 2026 21:03:15:   Skipping gene NonTargetingControlGuideForHuman_0268 for permutation ... 
INFO  @ Fri, 28 Aug 2026 21:03:15:   Skipping gene NonTargetingControlGuideForHuman_0794 for permutation ... 
INFO  @ Fri, 28 Aug 2026 21:03:15:   Skipping gene NonTargetingControlGuideForHuman_0015 for permutation ... 
INFO  @ Fri, 28 Aug 2026 21:03:15:   Skipping gene NonTargetingControlGuideForHuman_0698 for permutation ... 
INFO  @ Fri, 28 Aug 2026 21:03:15:   Skipping gene NonTargetingControlGuideForHuman_0957 for permutation ... 
INFO  @ Fri, 28 Aug 2026 21:03:15:   Skipping gene NonTargetingControlGuideForHuman_0222 for permutation ... 
INFO  @ Fri, 28 Aug 2026 21:03:15:   Skipping gene NonTargetingControlGuideForHuman_0924 for permutation ... 
INFO  @ Fri, 28 Aug 2026 21:03:15:   Skipping gene NonTargetingControlGuideForHuman_0662 for permutation ... 
INFO  @ Fri, 28 Aug 2026 21:03:15:   Skipping gene NonTargetingControlGuideForHuman_0121 for permutation ... 
INFO  @ Fri, 28 Aug 2026 21:03:15:   Skipping gene NonTargetingControlGuideForHuman_0782 for permutation ... 
INFO  @ Fri, 28 Aug 2026 21:03:15:   Skipping gene NonTargetingControlGuideForHuman_0433 for permutation ... 
INFO  @ Fri, 28 Aug 2026 21:03:15:   Skipping gene NonTargetingControlGuideForHuman_0267 for permutation ... 
INFO  @ Fri, 28 Aug 2026 21:03:15:   Skipping gene NonTargetingControlGuideForHuman_0520 for permutation ... 
INFO  @ Fri, 28 Aug 2026 21:03:15:   Skipping gene NonTargetingControlGuideForHuman_0239 for permutation ... 
INFO  @ Fri, 28 Aug 2026 21:03:15:   Skipping gene NonTargetingControlGuideForHuman_0697 for permutation ... 
INFO  @ Fri, 28 Aug 2026 21:03:15:   Skipping gene NonTargetingControlGuideForHuman_0116 for permutation ... 
INFO  @ Fri, 28 Aug 2026 21:03:15:   Skipping gene NonTargetingControlGuideForHuman_0462 for permutation ... 
INFO  @ Fri, 28 Aug 2026 21:03:15:   Skipping gene NonTargetingControlGuideForHuman_0708 for permutation ... 
INFO  @ Fri, 28 Aug 2026 21:03:15:   Skipping gene NonTargetingControlGuideForHuman_0784 for permutation ... 
INFO  @ Fri, 28 Aug 2026 21:03:15:   Skipping gene NonTargetingControlGuideForHuman_0407 for permutation ... 
INFO  @ Fri, 28 Aug 2026 21:03:15:   Skipping gene NonTargetingControlGuideForHuman_0994 for permutation ... 
INFO  @ Fri, 28 Aug 2026 21:03:15:   Skipping gene NonTargetingControlGuideForHuman_0392 for permutation ... 
INFO  @ Fri, 28 Aug 2026 21:03:15:   Skipping gene NonTargetingControlGuideForHuman_0660 for permutation ... 
INFO  @ Fri, 28 Aug 2026 21:03:15:   Skipping gene NonTargetingControlGuideForHuman_0667 for permutation ... 
INFO  @ Fri, 28 Aug 2026 21:03:15:   Skipping gene NonTargetingControlGuideForHuman_0058 for permutation ... 
INFO  @ Fri, 28 Aug 2026 21:03:15:   Skipping gene NonTargetingControlGuideForHuman_0825 for permutation ... 
INFO  @ Fri, 28 Aug 2026 21:03:15:   Skipping gene NonTargetingControlGuideForHuman_0382 for permutation ... 
INFO  @ Fri, 28 Aug 2026 21:03:15:   Skipping gene NonTargetingControlGuideForHuman_0746 for permutation ... 
INFO  @ Fri, 28 Aug 2026 21:03:15:   Skipping gene NonTargetingControlGuideForHuman_0514 for permutation ... 
INFO  @ Fri, 28 Aug 2026 21:03:15:   Skipping gene NonTargetingControlGuideForHuman_0218 for permutation ... 
INFO  @ Fri, 28 Aug 2026 21:03:15:   Skipping gene NonTargetingControlGuideForHuman_0416 for permutation ... 
INFO  @ Fri, 28 Aug 2026 21:03:15:   Skipping gene NonTargetingControlGuideForHuman_0586 for permutation ... 
INFO  @ Fri, 28 Aug 2026 21:03:15:   Skipping gene NonTargetingControlGuideForHuman_0278 for permutation ... 
INFO  @ Fri, 28 Aug 2026 21:03:15:   Skipping gene NonTargetingControlGuideForHuman_0503 for permutation ... 
INFO  @ Fri, 28 Aug 2026 21:03:15:   Skipping gene NonTargetingControlGuideForHuman_0284 for permutation ... 
INFO  @ Fri, 28 Aug 2026 21:03:15:   Skipping gene NonTargetingControlGuideForHuman_0720 for permutation ... 
INFO  @ Fri, 28 Aug 2026 21:03:15:   Skipping gene NonTargetingControlGuideForHuman_0619 for permutation ... 
INFO  @ Fri, 28 Aug 2026 21:03:15:   Skipping gene NonTargetingControlGuideForHuman_0483 for permutation ... 
INFO  @ Fri, 28 Aug 2026 21:03:15:   Skipping gene NonTargetingControlGuideForHuman_0185 for permutation ... 
INFO  @ Fri, 28 Aug 2026 21:03:15:   Skipping gene NonTargetingControlGuideForHuman_0921 for permutation ... 
INFO  @ Fri, 28 Aug 2026 21:03:15:   Skipping gene NonTargetingControlGuideForHuman_0557 for permutation ... 
INFO  @ Fri, 28 Aug 2026 21:03:15:   Skipping gene NonTargetingControlGuideForHuman_0936 for permutation ... 
INFO  @ Fri, 28 Aug 2026 21:03:15:   Skipping gene NonTargetingControlGuideForHuman_0748 for permutation ... 
INFO  @ Fri, 28 Aug 2026 21:03:15:   Skipping gene NonTargetingControlGuideForHuman_0446 for permutation ... 
INFO  @ Fri, 28 Aug 2026 21:03:15:   Skipping gene NonTargetingControlGuideForHuman_0609 for permutation ... 
INFO  @ Fri, 28 Aug 2026 21:03:15:   Skipping gene NonTargetingControlGuideForHuman_0679 for permutation ... 
INFO  @ Fri, 28 Aug 2026 21:03:15:   Skipping gene NonTargetingControlGuideForHuman_0074 for permutation ... 
INFO  @ Fri, 28 Aug 2026 21:03:15:   Skipping gene NonTargetingControlGuideForHuman_0499 for permutation ... 
INFO  @ Fri, 28 Aug 2026 21:03:15:   Skipping gene NonTargetingControlGuideForHuman_0732 for permutation ... 
INFO  @ Fri, 28 Aug 2026 21:03:15:   Skipping gene NonTargetingControlGuideForHuman_0651 for permutation ... 
INFO  @ Fri, 28 Aug 2026 21:03:15:   Skipping gene NonTargetingControlGuideForHuman_0471 for permutation ... 
INFO  @ Fri, 28 Aug 2026 21:03:15:   Skipping gene NonTargetingControlGuideForHuman_0902 for permutation ... 
INFO  @ Fri, 28 Aug 2026 21:03:15:   Skipping gene NonTargetingControlGuideForHuman_0521 for permutation ... 
INFO  @ Fri, 28 Aug 2026 21:03:15:   Skipping gene NonTargetingControlGuideForHuman_0734 for permutation ... 
INFO  @ Fri, 28 Aug 2026 21:03:15:   Skipping gene NonTargetingControlGuideForHuman_0571 for permutation ... 
INFO  @ Fri, 28 Aug 2026 21:03:15:   Skipping gene NonTargetingControlGuideForHuman_0377 for permutation ... 
INFO  @ Fri, 28 Aug 2026 21:03:15:   Skipping gene NonTargetingControlGuideForHuman_0853 for permutation ... 
INFO  @ Fri, 28 Aug 2026 21:03:15:   Skipping gene NonTargetingControlGuideForHuman_0401 for permutation ... 
INFO  @ Fri, 28 Aug 2026 21:03:15:   Skipping gene NonTargetingControlGuideForHuman_0273 for permutation ... 
INFO  @ Fri, 28 Aug 2026 21:03:15:   Skipping gene NonTargetingControlGuideForHuman_0467 for permutation ... 
INFO  @ Fri, 28 Aug 2026 21:03:15:   Skipping gene NonTargetingControlGuideForHuman_0383 for permutation ... 
INFO  @ Fri, 28 Aug 2026 21:03:15:   Skipping gene NonTargetingControlGuideForHuman_0953 for permutation ... 
INFO  @ Fri, 28 Aug 2026 21:03:15:   Skipping gene NonTargetingControlGuideForHuman_0666 for permutation ... 
INFO  @ Fri, 28 Aug 2026 21:03:15:   Skipping gene NonTargetingControlGuideForHuman_0569 for permutation ... 
INFO  @ Fri, 28 Aug 2026 21:03:15:   Skipping gene NonTargetingControlGuideForHuman_0454 for permutation ... 
INFO  @ Fri, 28 Aug 2026 21:03:15:   Skipping gene NonTargetingControlGuideForHuman_0650 for permutation ... 
INFO  @ Fri, 28 Aug 2026 21:03:15:   Skipping gene NonTargetingControlGuideForHuman_0039 for permutation ... 
INFO  @ Fri, 28 Aug 2026 21:03:15:   Skipping gene NonTargetingControlGuideForHuman_0473 for permutation ... 
INFO  @ Fri, 28 Aug 2026 21:03:15:   Skipping gene NonTargetingControlGuideForHuman_0189 for permutation ... 
INFO  @ Fri, 28 Aug 2026 21:03:15:   Skipping gene NonTargetingControlGuideForHuman_0498 for permutation ... 
INFO  @ Fri, 28 Aug 2026 21:03:15:   Skipping gene NonTargetingControlGuideForHuman_0489 for permutation ... 
INFO  @ Fri, 28 Aug 2026 21:03:15:   Skipping gene NonTargetingControlGuideForHuman_0402 for permutation ... 
INFO  @ Fri, 28 Aug 2026 21:03:15:   Skipping gene NonTargetingControlGuideForHuman_0778 for permutation ... 
INFO  @ Fri, 28 Aug 2026 21:03:15:   Skipping gene NonTargetingControlGuideForHuman_0614 for permutation ... 
INFO  @ Fri, 28 Aug 2026 21:03:15:   Skipping gene NonTargetingControlGuideForHuman_0094 for permutation ... 
INFO  @ Fri, 28 Aug 2026 21:03:15:   Skipping gene NonTargetingControlGuideForHuman_0923 for permutation ... 
INFO  @ Fri, 28 Aug 2026 21:03:15:   Skipping gene NonTargetingControlGuideForHuman_0258 for permutation ... 
INFO  @ Fri, 28 Aug 2026 21:03:15:   Skipping gene NonTargetingControlGuideForHuman_0477 for permutation ... 
INFO  @ Fri, 28 Aug 2026 21:03:15:   Skipping gene NonTargetingControlGuideForHuman_0638 for permutation ... 
INFO  @ Fri, 28 Aug 2026 21:03:15:   Skipping gene NonTargetingControlGuideForHuman_0581 for permutation ... 
INFO  @ Fri, 28 Aug 2026 21:03:15:   Skipping gene NonTargetingControlGuideForHuman_0821 for permutation ... 
INFO  @ Fri, 28 Aug 2026 21:03:15:   Skipping gene NonTargetingControlGuideForHuman_0303 for permutation ... 
INFO  @ Fri, 28 Aug 2026 21:03:15:   Skipping gene NonTargetingControlGuideForHuman_0201 for permutation ... 
INFO  @ Fri, 28 Aug 2026 21:03:15:   Skipping gene NonTargetingControlGuideForHuman_0229 for permutation ... 
INFO  @ Fri, 28 Aug 2026 21:03:15:   Skipping gene NonTargetingControlGuideForHuman_0337 for permutation ... 
INFO  @ Fri, 28 Aug 2026 21:03:15:   Skipping gene NonTargetingControlGuideForHuman_0054 for permutation ... 
INFO  @ Fri, 28 Aug 2026 21:03:15:   Skipping gene NonTargetingControlGuideForHuman_0855 for permutation ... 
INFO  @ Fri, 28 Aug 2026 21:03:15:   Skipping gene NonTargetingControlGuideForHuman_0113 for permutation ... 
INFO  @ Fri, 28 Aug 2026 21:03:15:   Skipping gene NonTargetingControlGuideForHuman_0523 for permutation ... 
INFO  @ Fri, 28 Aug 2026 21:03:15:   Skipping gene NonTargetingControlGuideForHuman_0938 for permutation ... 
INFO  @ Fri, 28 Aug 2026 21:03:15:   Skipping gene NonTargetingControlGuideForHuman_0124 for permutation ... 
INFO  @ Fri, 28 Aug 2026 21:03:15:   Skipping gene NonTargetingControlGuideForHuman_0562 for permutation ... 
INFO  @ Fri, 28 Aug 2026 21:03:15:   Skipping gene NonTargetingControlGuideForHuman_0444 for permutation ... 
INFO  @ Fri, 28 Aug 2026 21:03:15:   Skipping gene NonTargetingControlGuideForHuman_0854 for permutation ... 
INFO  @ Fri, 28 Aug 2026 21:03:15:   Skipping gene NonTargetingControlGuideForHuman_0950 for permutation ... 
INFO  @ Fri, 28 Aug 2026 21:03:15:   Skipping gene NonTargetingControlGuideForHuman_0280 for permutation ... 
INFO  @ Fri, 28 Aug 2026 21:03:15:   Skipping gene NonTargetingControlGuideForHuman_0949 for permutation ... 
INFO  @ Fri, 28 Aug 2026 21:03:15:   Skipping gene NonTargetingControlGuideForHuman_0816 for permutation ... 
INFO  @ Fri, 28 Aug 2026 21:03:15:   Skipping gene NonTargetingControlGuideForHuman_0168 for permutation ... 
INFO  @ Fri, 28 Aug 2026 21:03:15:   Skipping gene NonTargetingControlGuideForHuman_0610 for permutation ... 
INFO  @ Fri, 28 Aug 2026 21:03:15:   Skipping gene NonTargetingControlGuideForHuman_0635 for permutation ... 
INFO  @ Fri, 28 Aug 2026 21:03:15:   Skipping gene NonTargetingControlGuideForHuman_0249 for permutation ... 
INFO  @ Fri, 28 Aug 2026 21:03:15:   Skipping gene NonTargetingControlGuideForHuman_0089 for permutation ... 
INFO  @ Fri, 28 Aug 2026 21:03:15:   Skipping gene NonTargetingControlGuideForHuman_0276 for permutation ... 
INFO  @ Fri, 28 Aug 2026 21:03:15:   Skipping gene NonTargetingControlGuideForHuman_0065 for permutation ... 
INFO  @ Fri, 28 Aug 2026 21:03:15:   Skipping gene NonTargetingControlGuideForHuman_0625 for permutation ... 
INFO  @ Fri, 28 Aug 2026 21:03:15:   Skipping gene NonTargetingControlGuideForHuman_0313 for permutation ... 
INFO  @ Fri, 28 Aug 2026 21:03:15:   Skipping gene NonTargetingControlGuideForHuman_0546 for permutation ... 
INFO  @ Fri, 28 Aug 2026 21:03:15:   Skipping gene NonTargetingControlGuideForHuman_0862 for permutation ... 
INFO  @ Fri, 28 Aug 2026 21:03:15:   Skipping gene NonTargetingControlGuideForHuman_0158 for permutation ... 
INFO  @ Fri, 28 Aug 2026 21:03:15:   Skipping gene NonTargetingControlGuideForHuman_0090 for permutation ... 
INFO  @ Fri, 28 Aug 2026 21:03:15:   Skipping gene NonTargetingControlGuideForHuman_0756 for permutation ... 
INFO  @ Fri, 28 Aug 2026 21:03:15:   Skipping gene NonTargetingControlGuideForHuman_0674 for permutation ... 
INFO  @ Fri, 28 Aug 2026 21:03:15:   Skipping gene NonTargetingControlGuideForHuman_0103 for permutation ... 
INFO  @ Fri, 28 Aug 2026 21:03:15:   Skipping gene NonTargetingControlGuideForHuman_0225 for permutation ... 
INFO  @ Fri, 28 Aug 2026 21:03:15:   Skipping gene NonTargetingControlGuideForHuman_0019 for permutation ... 
INFO  @ Fri, 28 Aug 2026 21:03:15:   Skipping gene NonTargetingControlGuideForHuman_0102 for permutation ... 
INFO  @ Fri, 28 Aug 2026 21:03:15:   Skipping gene NonTargetingControlGuideForHuman_0366 for permutation ... 
INFO  @ Fri, 28 Aug 2026 21:03:15:   Skipping gene NonTargetingControlGuideForHuman_0181 for permutation ... 
INFO  @ Fri, 28 Aug 2026 21:03:15:   Skipping gene NonTargetingControlGuideForHuman_0297 for permutation ... 
INFO  @ Fri, 28 Aug 2026 21:03:15:   Skipping gene NonTargetingControlGuideForHuman_0038 for permutation ... 
INFO  @ Fri, 28 Aug 2026 21:03:15:   Skipping gene NonTargetingControlGuideForHuman_0843 for permutation ... 
INFO  @ Fri, 28 Aug 2026 21:03:15:   Skipping gene NonTargetingControlGuideForHuman_0970 for permutation ... 
INFO  @ Fri, 28 Aug 2026 21:03:15:   Skipping gene NonTargetingControlGuideForHuman_0823 for permutation ... 
INFO  @ Fri, 28 Aug 2026 21:03:15:   Skipping gene NonTargetingControlGuideForHuman_0704 for permutation ... 
INFO  @ Fri, 28 Aug 2026 21:03:15:   Skipping gene NonTargetingControlGuideForHuman_0014 for permutation ... 
INFO  @ Fri, 28 Aug 2026 21:03:15:   Skipping gene NonTargetingControlGuideForHuman_0087 for permutation ... 
INFO  @ Fri, 28 Aug 2026 21:03:15:   Skipping gene NonTargetingControlGuideForHuman_0237 for permutation ... 
INFO  @ Fri, 28 Aug 2026 21:03:15:   Skipping gene NonTargetingControlGuideForHuman_0527 for permutation ... 
INFO  @ Fri, 28 Aug 2026 21:03:15:   Skipping gene NonTargetingControlGuideForHuman_0311 for permutation ... 
INFO  @ Fri, 28 Aug 2026 21:03:15:   Skipping gene NonTargetingControlGuideForHuman_0368 for permutation ... 
INFO  @ Fri, 28 Aug 2026 21:03:15:   Skipping gene NonTargetingControlGuideForHuman_0706 for permutation ... 
INFO  @ Fri, 28 Aug 2026 21:03:15:   Skipping gene NonTargetingControlGuideForHuman_0876 for permutation ... 
INFO  @ Fri, 28 Aug 2026 21:03:15:   Skipping gene NonTargetingControlGuideForHuman_0987 for permutation ... 
INFO  @ Fri, 28 Aug 2026 21:03:15:   Skipping gene NonTargetingControlGuideForHuman_0327 for permutation ... 
INFO  @ Fri, 28 Aug 2026 21:03:15:   Skipping gene NonTargetingControlGuideForHuman_0172 for permutation ... 
INFO  @ Fri, 28 Aug 2026 21:03:15:   Skipping gene NonTargetingControlGuideForHuman_0770 for permutation ... 
INFO  @ Fri, 28 Aug 2026 21:03:15:   Skipping gene NonTargetingControlGuideForHuman_0395 for permutation ... 
INFO  @ Fri, 28 Aug 2026 21:03:15:   Skipping gene NonTargetingControlGuideForHuman_0661 for permutation ... 
INFO  @ Fri, 28 Aug 2026 21:03:15:   Skipping gene NonTargetingControlGuideForHuman_0331 for permutation ... 
INFO  @ Fri, 28 Aug 2026 21:03:15:   Skipping gene NonTargetingControlGuideForHuman_0588 for permutation ... 
INFO  @ Fri, 28 Aug 2026 21:03:15:   Skipping gene NonTargetingControlGuideForHuman_0373 for permutation ... 
INFO  @ Fri, 28 Aug 2026 21:03:15:   Skipping gene NonTargetingControlGuideForHuman_0301 for permutation ... 
INFO  @ Fri, 28 Aug 2026 21:03:15:   Skipping gene NonTargetingControlGuideForHuman_0693 for permutation ... 
INFO  @ Fri, 28 Aug 2026 21:03:15:   Skipping gene NonTargetingControlGuideForHuman_0134 for permutation ... 
INFO  @ Fri, 28 Aug 2026 21:03:15:   Skipping gene NonTargetingControlGuideForHuman_0726 for permutation ... 
INFO  @ Fri, 28 Aug 2026 21:03:15:   Skipping gene NonTargetingControlGuideForHuman_0203 for permutation ... 
INFO  @ Fri, 28 Aug 2026 21:03:15:   Skipping gene NonTargetingControlGuideForHuman_0027 for permutation ... 
INFO  @ Fri, 28 Aug 2026 21:03:15:   Skipping gene NonTargetingControlGuideForHuman_0008 for permutation ... 
INFO  @ Fri, 28 Aug 2026 21:03:15:   Skipping gene NonTargetingControlGuideForHuman_0104 for permutation ... 
INFO  @ Fri, 28 Aug 2026 21:03:15:   Skipping gene NonTargetingControlGuideForHuman_0719 for permutation ... 
INFO  @ Fri, 28 Aug 2026 21:03:15:   Skipping gene NonTargetingControlGuideForHuman_0043 for permutation ... 
INFO  @ Fri, 28 Aug 2026 21:03:15:   Skipping gene NonTargetingControlGuideForHuman_0808 for permutation ... 
INFO  @ Fri, 28 Aug 2026 21:03:15:   Skipping gene NonTargetingControlGuideForHuman_0240 for permutation ... 
INFO  @ Fri, 28 Aug 2026 21:03:15:   Skipping gene NonTargetingControlGuideForHuman_0918 for permutation ... 
INFO  @ Fri, 28 Aug 2026 21:03:15:   Skipping gene NonTargetingControlGuideForHuman_0238 for permutation ... 
INFO  @ Fri, 28 Aug 2026 21:03:15:   Skipping gene NonTargetingControlGuideForHuman_0856 for permutation ... 
INFO  @ Fri, 28 Aug 2026 21:03:15:   Skipping gene NonTargetingControlGuideForHuman_0152 for permutation ... 
INFO  @ Fri, 28 Aug 2026 21:03:15:   Skipping gene NonTargetingControlGuideForHuman_0575 for permutation ... 
INFO  @ Fri, 28 Aug 2026 21:03:15:   Skipping gene NonTargetingControlGuideForHuman_0737 for permutation ... 
INFO  @ Fri, 28 Aug 2026 21:03:15:   Skipping gene NonTargetingControlGuideForHuman_0765 for permutation ... 
INFO  @ Fri, 28 Aug 2026 21:03:15:   Skipping gene NonTargetingControlGuideForHuman_0317 for permutation ... 
INFO  @ Fri, 28 Aug 2026 21:03:15:   Skipping gene NonTargetingControlGuideForHuman_0675 for permutation ... 
INFO  @ Fri, 28 Aug 2026 21:03:15:   Skipping gene NonTargetingControlGuideForHuman_0678 for permutation ... 
INFO  @ Fri, 28 Aug 2026 21:03:15:   Skipping gene NonTargetingControlGuideForHuman_0691 for permutation ... 
INFO  @ Fri, 28 Aug 2026 21:03:15:   Skipping gene NonTargetingControlGuideForHuman_0799 for permutation ... 
INFO  @ Fri, 28 Aug 2026 21:03:15:   Skipping gene NonTargetingControlGuideForHuman_0256 for permutation ... 
INFO  @ Fri, 28 Aug 2026 21:03:15:   Skipping gene NonTargetingControlGuideForHuman_0600 for permutation ... 
INFO  @ Fri, 28 Aug 2026 21:03:15:   Skipping gene NonTargetingControlGuideForHuman_0299 for permutation ... 
INFO  @ Fri, 28 Aug 2026 21:03:15:   Skipping gene NonTargetingControlGuideForHuman_0080 for permutation ... 
INFO  @ Fri, 28 Aug 2026 21:03:15:   Skipping gene NonTargetingControlGuideForHuman_0084 for permutation ... 
INFO  @ Fri, 28 Aug 2026 21:03:15:   Skipping gene NonTargetingControlGuideForHuman_0543 for permutation ... 
INFO  @ Fri, 28 Aug 2026 21:03:15:   Skipping gene NonTargetingControlGuideForHuman_0641 for permutation ... 
INFO  @ Fri, 28 Aug 2026 21:03:15:   Skipping gene NonTargetingControlGuideForHuman_0419 for permutation ... 
INFO  @ Fri, 28 Aug 2026 21:03:15:   Skipping gene NonTargetingControlGuideForHuman_0941 for permutation ... 
INFO  @ Fri, 28 Aug 2026 21:03:15:   Skipping gene NonTargetingControlGuideForHuman_0379 for permutation ... 
INFO  @ Fri, 28 Aug 2026 21:03:15:   Skipping gene NonTargetingControlGuideForHuman_0184 for permutation ... 
INFO  @ Fri, 28 Aug 2026 21:03:15:   Skipping gene NonTargetingControlGuideForHuman_0262 for permutation ... 
INFO  @ Fri, 28 Aug 2026 21:03:15:   Skipping gene NonTargetingControlGuideForHuman_0689 for permutation ... 
INFO  @ Fri, 28 Aug 2026 21:03:15:   Skipping gene NonTargetingControlGuideForHuman_0253 for permutation ... 
INFO  @ Fri, 28 Aug 2026 21:03:15:   Skipping gene NonTargetingControlGuideForHuman_0330 for permutation ... 
INFO  @ Fri, 28 Aug 2026 21:03:15:   Skipping gene NonTargetingControlGuideForHuman_0673 for permutation ... 
INFO  @ Fri, 28 Aug 2026 21:03:15:   Skipping gene NonTargetingControlGuideForHuman_0315 for permutation ... 
INFO  @ Fri, 28 Aug 2026 21:03:15:   Skipping gene NonTargetingControlGuideForHuman_0512 for permutation ... 
INFO  @ Fri, 28 Aug 2026 21:03:15:   Skipping gene NonTargetingControlGuideForHuman_0108 for permutation ... 
INFO  @ Fri, 28 Aug 2026 21:03:15:   Skipping gene NonTargetingControlGuideForHuman_0618 for permutation ... 
INFO  @ Fri, 28 Aug 2026 21:03:15:   Skipping gene NonTargetingControlGuideForHuman_0985 for permutation ... 
INFO  @ Fri, 28 Aug 2026 21:03:15:   Skipping gene NonTargetingControlGuideForHuman_0742 for permutation ... 
INFO  @ Fri, 28 Aug 2026 21:03:15:   Skipping gene NonTargetingControlGuideForHuman_0468 for permutation ... 
INFO  @ Fri, 28 Aug 2026 21:03:15:   Skipping gene NonTargetingControlGuideForHuman_0536 for permutation ... 
INFO  @ Fri, 28 Aug 2026 21:03:15:   Skipping gene NonTargetingControlGuideForHuman_0793 for permutation ... 
INFO  @ Fri, 28 Aug 2026 21:03:15:   Skipping gene NonTargetingControlGuideForHuman_0533 for permutation ... 
INFO  @ Fri, 28 Aug 2026 21:03:15:   Skipping gene NonTargetingControlGuideForHuman_0828 for permutation ... 
INFO  @ Fri, 28 Aug 2026 21:03:15:   Skipping gene NonTargetingControlGuideForHuman_0427 for permutation ... 
INFO  @ Fri, 28 Aug 2026 21:03:15:   Skipping gene NonTargetingControlGuideForHuman_0644 for permutation ... 
INFO  @ Fri, 28 Aug 2026 21:03:15:   Skipping gene NonTargetingControlGuideForHuman_0839 for permutation ... 
INFO  @ Fri, 28 Aug 2026 21:03:15:   Skipping gene NonTargetingControlGuideForHuman_0221 for permutation ... 
INFO  @ Fri, 28 Aug 2026 21:03:15:   Skipping gene NonTargetingControlGuideForHuman_0769 for permutation ... 
INFO  @ Fri, 28 Aug 2026 21:03:15:   Skipping gene NonTargetingControlGuideForHuman_0011 for permutation ... 
INFO  @ Fri, 28 Aug 2026 21:03:15:   Skipping gene NonTargetingControlGuideForHuman_0439 for permutation ... 
INFO  @ Fri, 28 Aug 2026 21:03:15:   Skipping gene NonTargetingControlGuideForHuman_0561 for permutation ... 
INFO  @ Fri, 28 Aug 2026 21:03:15:   Skipping gene NonTargetingControlGuideForHuman_0041 for permutation ... 
INFO  @ Fri, 28 Aug 2026 21:03:15:   Skipping gene NonTargetingControlGuideForHuman_0986 for permutation ... 
INFO  @ Fri, 28 Aug 2026 21:03:15:   Skipping gene NonTargetingControlGuideForHuman_0779 for permutation ... 
INFO  @ Fri, 28 Aug 2026 21:03:15:   Skipping gene NonTargetingControlGuideForHuman_0990 for permutation ... 
INFO  @ Fri, 28 Aug 2026 21:03:15:   Skipping gene NonTargetingControlGuideForHuman_0319 for permutation ... 
INFO  @ Fri, 28 Aug 2026 21:03:15:   Skipping gene NonTargetingControlGuideForHuman_0925 for permutation ... 
INFO  @ Fri, 28 Aug 2026 21:03:15:   Skipping gene NonTargetingControlGuideForHuman_0178 for permutation ... 
INFO  @ Fri, 28 Aug 2026 21:03:15:   Skipping gene NonTargetingControlGuideForHuman_0437 for permutation ... 
INFO  @ Fri, 28 Aug 2026 21:03:15:   Skipping gene NonTargetingControlGuideForHuman_0596 for permutation ... 
INFO  @ Fri, 28 Aug 2026 21:03:15:   Skipping gene NonTargetingControlGuideForHuman_0177 for permutation ... 
INFO  @ Fri, 28 Aug 2026 21:03:15:   Skipping gene NonTargetingControlGuideForHuman_0336 for permutation ... 
INFO  @ Fri, 28 Aug 2026 21:03:15:   Skipping gene NonTargetingControlGuideForHuman_0375 for permutation ... 
INFO  @ Fri, 28 Aug 2026 21:03:15:   Skipping gene NonTargetingControlGuideForHuman_0942 for permutation ... 
INFO  @ Fri, 28 Aug 2026 21:03:15:   Skipping gene NonTargetingControlGuideForHuman_0891 for permutation ... 
INFO  @ Fri, 28 Aug 2026 21:03:15:   Skipping gene NonTargetingControlGuideForHuman_0633 for permutation ... 
INFO  @ Fri, 28 Aug 2026 21:03:15:   Skipping gene NonTargetingControlGuideForHuman_0339 for permutation ... 
INFO  @ Fri, 28 Aug 2026 21:03:15:   Skipping gene NonTargetingControlGuideForHuman_0875 for permutation ... 
INFO  @ Fri, 28 Aug 2026 21:03:15:   Skipping gene NonTargetingControlGuideForHuman_0091 for permutation ... 
INFO  @ Fri, 28 Aug 2026 21:03:15:   Skipping gene NonTargetingControlGuideForHuman_0692 for permutation ... 
INFO  @ Fri, 28 Aug 2026 21:03:15:   Skipping gene NonTargetingControlGuideForHuman_0165 for permutation ... 
INFO  @ Fri, 28 Aug 2026 21:03:15:   Skipping gene NonTargetingControlGuideForHuman_0252 for permutation ... 
INFO  @ Fri, 28 Aug 2026 21:03:15:   Skipping gene NonTargetingControlGuideForHuman_0072 for permutation ... 
INFO  @ Fri, 28 Aug 2026 21:03:15:   Skipping gene NonTargetingControlGuideForHuman_0606 for permutation ... 
INFO  @ Fri, 28 Aug 2026 21:03:15:   Skipping gene NonTargetingControlGuideForHuman_0894 for permutation ... 
INFO  @ Fri, 28 Aug 2026 21:03:15:   Skipping gene NonTargetingControlGuideForHuman_0852 for permutation ... 
INFO  @ Fri, 28 Aug 2026 21:03:15:   Skipping gene NonTargetingControlGuideForHuman_0232 for permutation ... 
INFO  @ Fri, 28 Aug 2026 21:03:15:   Skipping gene NonTargetingControlGuideForHuman_0865 for permutation ... 
INFO  @ Fri, 28 Aug 2026 21:03:15:   Skipping gene NonTargetingControlGuideForHuman_0418 for permutation ... 
INFO  @ Fri, 28 Aug 2026 21:03:15:   Skipping gene NonTargetingControlGuideForHuman_0829 for permutation ... 
INFO  @ Fri, 28 Aug 2026 21:03:15:   Skipping gene NonTargetingControlGuideForHuman_0790 for permutation ... 
INFO  @ Fri, 28 Aug 2026 21:03:15:   Skipping gene NonTargetingControlGuideForHuman_0864 for permutation ... 
INFO  @ Fri, 28 Aug 2026 21:03:15:   Skipping gene NonTargetingControlGuideForHuman_0861 for permutation ... 
INFO  @ Fri, 28 Aug 2026 21:03:15:   Skipping gene NonTargetingControlGuideForHuman_0963 for permutation ... 
INFO  @ Fri, 28 Aug 2026 21:03:15:   Skipping gene NonTargetingControlGuideForHuman_0695 for permutation ... 
INFO  @ Fri, 28 Aug 2026 21:03:15:   Skipping gene NonTargetingControlGuideForHuman_0933 for permutation ... 
INFO  @ Fri, 28 Aug 2026 21:03:15:   Skipping gene NonTargetingControlGuideForHuman_0453 for permutation ... 
INFO  @ Fri, 28 Aug 2026 21:03:15:   Skipping gene NonTargetingControlGuideForHuman_0322 for permutation ... 
INFO  @ Fri, 28 Aug 2026 21:03:15:   Skipping gene NonTargetingControlGuideForHuman_0490 for permutation ... 
INFO  @ Fri, 28 Aug 2026 21:03:15:   Skipping gene NonTargetingControlGuideForHuman_0995 for permutation ... 
INFO  @ Fri, 28 Aug 2026 21:03:15:   Skipping gene NonTargetingControlGuideForHuman_0652 for permutation ... 
INFO  @ Fri, 28 Aug 2026 21:03:15:   Skipping gene NonTargetingControlGuideForHuman_0549 for permutation ... 
INFO  @ Fri, 28 Aug 2026 21:03:15:   Skipping gene NonTargetingControlGuideForHuman_0308 for permutation ... 
INFO  @ Fri, 28 Aug 2026 21:03:15:   Skipping gene NonTargetingControlGuideForHuman_0018 for permutation ... 
INFO  @ Fri, 28 Aug 2026 21:03:15:   Skipping gene NonTargetingControlGuideForHuman_0338 for permutation ... 
INFO  @ Fri, 28 Aug 2026 21:03:15:   Skipping gene NonTargetingControlGuideForHuman_0086 for permutation ... 
INFO  @ Fri, 28 Aug 2026 21:03:15:   Skipping gene NonTargetingControlGuideForHuman_0685 for permutation ... 
INFO  @ Fri, 28 Aug 2026 21:03:15:   Skipping gene NonTargetingControlGuideForHuman_0067 for permutation ... 
INFO  @ Fri, 28 Aug 2026 21:03:15:   Skipping gene NonTargetingControlGuideForHuman_0830 for permutation ... 
INFO  @ Fri, 28 Aug 2026 21:03:15:   Skipping gene NonTargetingControlGuideForHuman_0032 for permutation ... 
INFO  @ Fri, 28 Aug 2026 21:03:15:   Skipping gene NonTargetingControlGuideForHuman_0064 for permutation ... 
INFO  @ Fri, 28 Aug 2026 21:03:15:   Skipping gene NonTargetingControlGuideForHuman_0077 for permutation ... 
INFO  @ Fri, 28 Aug 2026 21:03:15:   Skipping gene NonTargetingControlGuideForHuman_0020 for permutation ... 
INFO  @ Fri, 28 Aug 2026 21:03:15:   Skipping gene NonTargetingControlGuideForHuman_0155 for permutation ... 
INFO  @ Fri, 28 Aug 2026 21:03:15:   Skipping gene NonTargetingControlGuideForHuman_0359 for permutation ... 
INFO  @ Fri, 28 Aug 2026 21:03:15:   Skipping gene NonTargetingControlGuideForHuman_0889 for permutation ... 
INFO  @ Fri, 28 Aug 2026 21:03:15:   Skipping gene NonTargetingControlGuideForHuman_0406 for permutation ... 
INFO  @ Fri, 28 Aug 2026 21:03:15:   Skipping gene NonTargetingControlGuideForHuman_0771 for permutation ... 
INFO  @ Fri, 28 Aug 2026 21:03:15:   Skipping gene NonTargetingControlGuideForHuman_0871 for permutation ... 
INFO  @ Fri, 28 Aug 2026 21:03:15:   Skipping gene NonTargetingControlGuideForHuman_0003 for permutation ... 
INFO  @ Fri, 28 Aug 2026 21:03:15:   Skipping gene NonTargetingControlGuideForHuman_0613 for permutation ... 
INFO  @ Fri, 28 Aug 2026 21:03:15:   Skipping gene NonTargetingControlGuideForHuman_0292 for permutation ... 
INFO  @ Fri, 28 Aug 2026 21:03:15:   Skipping gene NonTargetingControlGuideForHuman_0093 for permutation ... 
INFO  @ Fri, 28 Aug 2026 21:03:15:   Skipping gene NonTargetingControlGuideForHuman_0694 for permutation ... 
INFO  @ Fri, 28 Aug 2026 21:03:15:   Skipping gene NonTargetingControlGuideForHuman_0166 for permutation ... 
INFO  @ Fri, 28 Aug 2026 21:03:15:   Skipping gene NonTargetingControlGuideForHuman_0148 for permutation ... 
INFO  @ Fri, 28 Aug 2026 21:03:15:   Skipping gene NonTargetingControlGuideForHuman_0798 for permutation ... 
INFO  @ Fri, 28 Aug 2026 21:03:15:   Skipping gene NonTargetingControlGuideForHuman_0246 for permutation ... 
INFO  @ Fri, 28 Aug 2026 21:03:15:   Skipping gene NonTargetingControlGuideForHuman_0098 for permutation ... 
INFO  @ Fri, 28 Aug 2026 21:03:15:   Skipping gene NonTargetingControlGuideForHuman_0811 for permutation ... 
INFO  @ Fri, 28 Aug 2026 21:03:15:   Skipping gene NonTargetingControlGuideForHuman_0346 for permutation ... 
INFO  @ Fri, 28 Aug 2026 21:03:15:   Skipping gene NonTargetingControlGuideForHuman_0912 for permutation ... 
INFO  @ Fri, 28 Aug 2026 21:03:15:   Skipping gene NonTargetingControlGuideForHuman_0580 for permutation ... 
INFO  @ Fri, 28 Aug 2026 21:03:15:   Skipping gene NonTargetingControlGuideForHuman_0982 for permutation ... 
INFO  @ Fri, 28 Aug 2026 21:03:15:   Skipping gene NonTargetingControlGuideForHuman_0577 for permutation ... 
INFO  @ Fri, 28 Aug 2026 21:03:15:   Skipping gene NonTargetingControlGuideForHuman_0259 for permutation ... 
INFO  @ Fri, 28 Aug 2026 21:03:15:   Skipping gene NonTargetingControlGuideForHuman_0750 for permutation ... 
INFO  @ Fri, 28 Aug 2026 21:03:15:   Skipping gene NonTargetingControlGuideForHuman_0879 for permutation ... 
INFO  @ Fri, 28 Aug 2026 21:03:15:   Skipping gene NonTargetingControlGuideForHuman_0914 for permutation ... 
INFO  @ Fri, 28 Aug 2026 21:03:15:   Skipping gene NonTargetingControlGuideForHuman_0988 for permutation ... 
INFO  @ Fri, 28 Aug 2026 21:03:15:   Skipping gene NonTargetingControlGuideForHuman_0219 for permutation ... 
INFO  @ Fri, 28 Aug 2026 21:03:15:   Skipping gene NonTargetingControlGuideForHuman_0432 for permutation ... 
INFO  @ Fri, 28 Aug 2026 21:03:15:   Skipping gene NonTargetingControlGuideForHuman_0357 for permutation ... 
INFO  @ Fri, 28 Aug 2026 21:03:15:   Skipping gene NonTargetingControlGuideForHuman_0341 for permutation ... 
INFO  @ Fri, 28 Aug 2026 21:03:15:   Skipping gene NonTargetingControlGuideForHuman_0725 for permutation ... 
INFO  @ Fri, 28 Aug 2026 21:03:15:   Skipping gene NonTargetingControlGuideForHuman_0877 for permutation ... 
INFO  @ Fri, 28 Aug 2026 21:03:15:   Skipping gene NonTargetingControlGuideForHuman_0733 for permutation ... 
INFO  @ Fri, 28 Aug 2026 21:03:15:   Skipping gene NonTargetingControlGuideForHuman_0896 for permutation ... 
INFO  @ Fri, 28 Aug 2026 21:03:15:   Skipping gene NonTargetingControlGuideForHuman_0111 for permutation ... 
INFO  @ Fri, 28 Aug 2026 21:03:15:   Skipping gene NonTargetingControlGuideForHuman_0463 for permutation ... 
INFO  @ Fri, 28 Aug 2026 21:03:15:   Skipping gene NonTargetingControlGuideForHuman_0169 for permutation ... 
INFO  @ Fri, 28 Aug 2026 21:03:15:   Skipping gene NonTargetingControlGuideForHuman_0159 for permutation ... 
INFO  @ Fri, 28 Aug 2026 21:03:15:   Skipping gene NonTargetingControlGuideForHuman_0893 for permutation ... 
INFO  @ Fri, 28 Aug 2026 21:03:15:   Skipping gene NonTargetingControlGuideForHuman_0729 for permutation ... 
INFO  @ Fri, 28 Aug 2026 21:03:15:   Skipping gene NonTargetingControlGuideForHuman_0010 for permutation ... 
INFO  @ Fri, 28 Aug 2026 21:03:15:   Skipping gene NonTargetingControlGuideForHuman_0079 for permutation ... 
INFO  @ Fri, 28 Aug 2026 21:03:15:   Skipping gene NonTargetingControlGuideForHuman_0611 for permutation ... 
INFO  @ Fri, 28 Aug 2026 21:03:15:   Skipping gene NonTargetingControlGuideForHuman_0993 for permutation ... 
INFO  @ Fri, 28 Aug 2026 21:03:15:   Skipping gene NonTargetingControlGuideForHuman_0195 for permutation ... 
INFO  @ Fri, 28 Aug 2026 21:03:15:   Skipping gene NonTargetingControlGuideForHuman_0335 for permutation ... 
INFO  @ Fri, 28 Aug 2026 21:03:15:   Skipping gene NonTargetingControlGuideForHuman_0340 for permutation ... 
INFO  @ Fri, 28 Aug 2026 21:03:15:   Skipping gene NonTargetingControlGuideForHuman_0046 for permutation ... 
INFO  @ Fri, 28 Aug 2026 21:03:15:   Skipping gene NonTargetingControlGuideForHuman_0071 for permutation ... 
INFO  @ Fri, 28 Aug 2026 21:03:15:   Skipping gene NonTargetingControlGuideForHuman_0436 for permutation ... 
INFO  @ Fri, 28 Aug 2026 21:03:15:   Skipping gene NonTargetingControlGuideForHuman_0917 for permutation ... 
INFO  @ Fri, 28 Aug 2026 21:03:15:   Skipping gene NonTargetingControlGuideForHuman_0350 for permutation ... 
INFO  @ Fri, 28 Aug 2026 21:03:15:   Skipping gene NonTargetingControlGuideForHuman_0553 for permutation ... 
INFO  @ Fri, 28 Aug 2026 21:03:15:   Skipping gene NonTargetingControlGuideForHuman_0269 for permutation ... 
INFO  @ Fri, 28 Aug 2026 21:03:15:   Skipping gene NonTargetingControlGuideForHuman_0275 for permutation ... 
INFO  @ Fri, 28 Aug 2026 21:03:15:   Skipping gene NonTargetingControlGuideForHuman_0955 for permutation ... 
INFO  @ Fri, 28 Aug 2026 21:03:15:   Skipping gene NonTargetingControlGuideForHuman_0045 for permutation ... 
INFO  @ Fri, 28 Aug 2026 21:03:15:   Skipping gene NonTargetingControlGuideForHuman_0154 for permutation ... 
INFO  @ Fri, 28 Aug 2026 21:03:15:   Skipping gene NonTargetingControlGuideForHuman_0589 for permutation ... 
INFO  @ Fri, 28 Aug 2026 21:03:15:   Skipping gene NonTargetingControlGuideForHuman_0142 for permutation ... 
INFO  @ Fri, 28 Aug 2026 21:03:15:   Skipping gene NonTargetingControlGuideForHuman_0455 for permutation ... 
INFO  @ Fri, 28 Aug 2026 21:03:15:   Skipping gene NonTargetingControlGuideForHuman_0509 for permutation ... 
INFO  @ Fri, 28 Aug 2026 21:03:15:   Skipping gene NonTargetingControlGuideForHuman_0747 for permutation ... 
INFO  @ Fri, 28 Aug 2026 21:03:15:   Skipping gene NonTargetingControlGuideForHuman_0494 for permutation ... 
INFO  @ Fri, 28 Aug 2026 21:03:15:   Skipping gene NonTargetingControlGuideForHuman_0310 for permutation ... 
INFO  @ Fri, 28 Aug 2026 21:03:15:   Skipping gene NonTargetingControlGuideForHuman_0277 for permutation ... 
INFO  @ Fri, 28 Aug 2026 21:03:15:   Skipping gene NonTargetingControlGuideForHuman_0688 for permutation ... 
INFO  @ Fri, 28 Aug 2026 21:03:15:   Skipping gene NonTargetingControlGuideForHuman_0584 for permutation ... 
INFO  @ Fri, 28 Aug 2026 21:03:15:   Skipping gene NonTargetingControlGuideForHuman_0371 for permutation ... 
INFO  @ Fri, 28 Aug 2026 21:03:15:   Skipping gene NonTargetingControlGuideForHuman_0620 for permutation ... 
INFO  @ Fri, 28 Aug 2026 21:03:15:   Skipping gene NonTargetingControlGuideForHuman_0513 for permutation ... 
INFO  @ Fri, 28 Aug 2026 21:03:15:   Skipping gene NonTargetingControlGuideForHuman_0001 for permutation ... 
INFO  @ Fri, 28 Aug 2026 21:03:15:   Skipping gene NonTargetingControlGuideForHuman_0657 for permutation ... 
INFO  @ Fri, 28 Aug 2026 21:03:15:   Skipping gene NonTargetingControlGuideForHuman_0349 for permutation ... 
INFO  @ Fri, 28 Aug 2026 21:03:15:   Skipping gene NonTargetingControlGuideForHuman_0294 for permutation ... 
INFO  @ Fri, 28 Aug 2026 21:03:15:   Skipping gene NonTargetingControlGuideForHuman_0361 for permutation ... 
INFO  @ Fri, 28 Aug 2026 21:03:15:   Skipping gene NonTargetingControlGuideForHuman_0408 for permutation ... 
INFO  @ Fri, 28 Aug 2026 21:03:15:   Skipping gene NonTargetingControlGuideForHuman_0180 for permutation ... 
INFO  @ Fri, 28 Aug 2026 21:03:15:   Skipping gene NonTargetingControlGuideForHuman_0200 for permutation ... 
INFO  @ Fri, 28 Aug 2026 21:03:15:   Skipping gene NonTargetingControlGuideForHuman_0800 for permutation ... 
INFO  @ Fri, 28 Aug 2026 21:03:15:   Skipping gene NonTargetingControlGuideForHuman_0792 for permutation ... 
INFO  @ Fri, 28 Aug 2026 21:03:15:   Skipping gene NonTargetingControlGuideForHuman_0362 for permutation ... 
INFO  @ Fri, 28 Aug 2026 21:03:15:   Skipping gene NonTargetingControlGuideForHuman_0940 for permutation ... 
INFO  @ Fri, 28 Aug 2026 21:03:15:   Skipping gene NonTargetingControlGuideForHuman_0309 for permutation ... 
INFO  @ Fri, 28 Aug 2026 21:03:15:   Skipping gene NonTargetingControlGuideForHuman_0410 for permutation ... 
INFO  @ Fri, 28 Aug 2026 21:03:15:   Skipping gene NonTargetingControlGuideForHuman_0599 for permutation ... 
INFO  @ Fri, 28 Aug 2026 21:03:15:   Skipping gene NonTargetingControlGuideForHuman_0648 for permutation ... 
INFO  @ Fri, 28 Aug 2026 21:03:15:   Skipping gene NonTargetingControlGuideForHuman_0980 for permutation ... 
INFO  @ Fri, 28 Aug 2026 21:03:15:   Skipping gene NonTargetingControlGuideForHuman_0517 for permutation ... 
INFO  @ Fri, 28 Aug 2026 21:03:15:   Skipping gene NonTargetingControlGuideForHuman_0631 for permutation ... 
INFO  @ Fri, 28 Aug 2026 21:03:15:   Skipping gene NonTargetingControlGuideForHuman_0926 for permutation ... 
INFO  @ Fri, 28 Aug 2026 21:03:15:   Skipping gene NonTargetingControlGuideForHuman_0409 for permutation ... 
INFO  @ Fri, 28 Aug 2026 21:03:15:   Skipping gene NonTargetingControlGuideForHuman_0397 for permutation ... 
INFO  @ Fri, 28 Aug 2026 21:03:15:   Skipping gene NonTargetingControlGuideForHuman_0681 for permutation ... 
INFO  @ Fri, 28 Aug 2026 21:03:15:   Skipping gene NonTargetingControlGuideForHuman_0795 for permutation ... 
INFO  @ Fri, 28 Aug 2026 21:03:15:   Skipping gene NonTargetingControlGuideForHuman_0617 for permutation ... 
INFO  @ Fri, 28 Aug 2026 21:03:15:   Skipping gene NonTargetingControlGuideForHuman_0930 for permutation ... 
INFO  @ Fri, 28 Aug 2026 21:03:15:   Skipping gene NonTargetingControlGuideForHuman_0107 for permutation ... 
INFO  @ Fri, 28 Aug 2026 21:03:15:   Skipping gene NonTargetingControlGuideForHuman_0264 for permutation ... 
INFO  @ Fri, 28 Aug 2026 21:03:15:   Skipping gene NonTargetingControlGuideForHuman_0833 for permutation ... 
INFO  @ Fri, 28 Aug 2026 21:03:15:   Skipping gene NonTargetingControlGuideForHuman_0947 for permutation ... 
INFO  @ Fri, 28 Aug 2026 21:03:15:   Skipping gene NonTargetingControlGuideForHuman_0612 for permutation ... 
INFO  @ Fri, 28 Aug 2026 21:03:15:   Skipping gene NonTargetingControlGuideForHuman_0568 for permutation ... 
INFO  @ Fri, 28 Aug 2026 21:03:15:   Skipping gene NonTargetingControlGuideForHuman_0400 for permutation ... 
INFO  @ Fri, 28 Aug 2026 21:03:15:   Skipping gene NonTargetingControlGuideForHuman_0318 for permutation ... 
INFO  @ Fri, 28 Aug 2026 21:03:15:   Skipping gene NonTargetingControlGuideForHuman_0909 for permutation ... 
INFO  @ Fri, 28 Aug 2026 21:03:15:   Skipping gene NonTargetingControlGuideForHuman_0621 for permutation ... 
INFO  @ Fri, 28 Aug 2026 21:03:15:   Skipping gene NonTargetingControlGuideForHuman_0803 for permutation ... 
INFO  @ Fri, 28 Aug 2026 21:03:15:   Skipping gene NonTargetingControlGuideForHuman_0690 for permutation ... 
INFO  @ Fri, 28 Aug 2026 21:03:15:   Skipping gene NonTargetingControlGuideForHuman_0961 for permutation ... 
INFO  @ Fri, 28 Aug 2026 21:03:15:   Skipping gene NonTargetingControlGuideForHuman_0518 for permutation ... 
INFO  @ Fri, 28 Aug 2026 21:03:15:   Skipping gene NonTargetingControlGuideForHuman_0890 for permutation ... 
INFO  @ Fri, 28 Aug 2026 21:03:15:   Skipping gene NonTargetingControlGuideForHuman_0488 for permutation ... 
INFO  @ Fri, 28 Aug 2026 21:03:15:   Skipping gene NonTargetingControlGuideForHuman_0615 for permutation ... 
INFO  @ Fri, 28 Aug 2026 21:03:15:   Skipping gene NonTargetingControlGuideForHuman_0885 for permutation ... 
INFO  @ Fri, 28 Aug 2026 21:03:15:   Skipping gene NonTargetingControlGuideForHuman_0749 for permutation ... 
INFO  @ Fri, 28 Aug 2026 21:03:15:   Skipping gene NonTargetingControlGuideForHuman_0025 for permutation ... 
INFO  @ Fri, 28 Aug 2026 21:03:15:   Skipping gene NonTargetingControlGuideForHuman_0073 for permutation ... 
INFO  @ Fri, 28 Aug 2026 21:03:15:   Skipping gene NonTargetingControlGuideForHuman_0763 for permutation ... 
INFO  @ Fri, 28 Aug 2026 21:03:15:   Skipping gene NonTargetingControlGuideForHuman_0905 for permutation ... 
INFO  @ Fri, 28 Aug 2026 21:03:15:   Skipping gene NonTargetingControlGuideForHuman_0300 for permutation ... 
INFO  @ Fri, 28 Aug 2026 21:03:15:   Skipping gene NonTargetingControlGuideForHuman_0812 for permutation ... 
INFO  @ Fri, 28 Aug 2026 21:03:15:   Skipping gene NonTargetingControlGuideForHuman_0773 for permutation ... 
INFO  @ Fri, 28 Aug 2026 21:03:15:   Skipping gene NonTargetingControlGuideForHuman_0092 for permutation ... 
INFO  @ Fri, 28 Aug 2026 21:03:15:   Skipping gene NonTargetingControlGuideForHuman_0496 for permutation ... 
INFO  @ Fri, 28 Aug 2026 21:03:15:   Skipping gene NonTargetingControlGuideForHuman_0683 for permutation ... 
INFO  @ Fri, 28 Aug 2026 21:03:15:   Skipping gene NonTargetingControlGuideForHuman_0948 for permutation ... 
INFO  @ Fri, 28 Aug 2026 21:03:15:   Skipping gene NonTargetingControlGuideForHuman_0809 for permutation ... 
INFO  @ Fri, 28 Aug 2026 21:03:15:   Skipping gene NonTargetingControlGuideForHuman_0822 for permutation ... 
INFO  @ Fri, 28 Aug 2026 21:03:15:   Skipping gene NonTargetingControlGuideForHuman_0328 for permutation ... 
INFO  @ Fri, 28 Aug 2026 21:03:15:   Skipping gene NonTargetingControlGuideForHuman_0062 for permutation ... 
INFO  @ Fri, 28 Aug 2026 21:03:15:   Skipping gene NonTargetingControlGuideForHuman_0191 for permutation ... 
INFO  @ Fri, 28 Aug 2026 21:03:15:   Skipping gene NonTargetingControlGuideForHuman_0059 for permutation ... 
INFO  @ Fri, 28 Aug 2026 21:03:15:   Skipping gene NonTargetingControlGuideForHuman_0555 for permutation ... 
INFO  @ Fri, 28 Aug 2026 21:03:15:   Skipping gene NonTargetingControlGuideForHuman_0848 for permutation ... 
INFO  @ Fri, 28 Aug 2026 21:03:15:   Skipping gene NonTargetingControlGuideForHuman_0544 for permutation ... 
INFO  @ Fri, 28 Aug 2026 21:03:15:   Skipping gene NonTargetingControlGuideForHuman_0279 for permutation ... 
INFO  @ Fri, 28 Aug 2026 21:03:15:   Skipping gene NonTargetingControlGuideForHuman_0206 for permutation ... 
INFO  @ Fri, 28 Aug 2026 21:03:15:   Skipping gene NonTargetingControlGuideForHuman_0069 for permutation ... 
INFO  @ Fri, 28 Aug 2026 21:03:15:   Skipping gene NonTargetingControlGuideForHuman_0817 for permutation ... 
INFO  @ Fri, 28 Aug 2026 21:03:15:   Skipping gene NonTargetingControlGuideForHuman_0342 for permutation ... 
INFO  @ Fri, 28 Aug 2026 21:03:15:   Skipping gene NonTargetingControlGuideForHuman_0721 for permutation ... 
INFO  @ Fri, 28 Aug 2026 21:03:15:   Skipping gene NonTargetingControlGuideForHuman_0096 for permutation ... 
INFO  @ Fri, 28 Aug 2026 21:03:15:   Skipping gene NonTargetingControlGuideForHuman_0208 for permutation ... 
INFO  @ Fri, 28 Aug 2026 21:03:15:   Skipping gene NonTargetingControlGuideForHuman_0928 for permutation ... 
INFO  @ Fri, 28 Aug 2026 21:03:15:   Skipping gene NonTargetingControlGuideForHuman_0700 for permutation ... 
INFO  @ Fri, 28 Aug 2026 21:03:15:   Skipping gene NonTargetingControlGuideForHuman_0983 for permutation ... 
INFO  @ Fri, 28 Aug 2026 21:03:15:   Skipping gene NonTargetingControlGuideForHuman_0774 for permutation ... 
INFO  @ Fri, 28 Aug 2026 21:03:15:   Skipping gene NonTargetingControlGuideForHuman_0326 for permutation ... 
INFO  @ Fri, 28 Aug 2026 21:03:15:   Skipping gene NonTargetingControlGuideForHuman_0372 for permutation ... 
INFO  @ Fri, 28 Aug 2026 21:03:15:   Skipping gene NonTargetingControlGuideForHuman_0745 for permutation ... 
INFO  @ Fri, 28 Aug 2026 21:03:15:   Skipping gene NonTargetingControlGuideForHuman_0293 for permutation ... 
INFO  @ Fri, 28 Aug 2026 21:03:15:   Skipping gene NonTargetingControlGuideForHuman_0321 for permutation ... 
INFO  @ Fri, 28 Aug 2026 21:03:15:   Skipping gene NonTargetingControlGuideForHuman_0761 for permutation ... 
INFO  @ Fri, 28 Aug 2026 21:03:15:   Skipping gene NonTargetingControlGuideForHuman_0846 for permutation ... 
INFO  @ Fri, 28 Aug 2026 21:03:15:   Skipping gene NonTargetingControlGuideForHuman_0053 for permutation ... 
INFO  @ Fri, 28 Aug 2026 21:03:15:   Skipping gene NonTargetingControlGuideForHuman_0751 for permutation ... 
INFO  @ Fri, 28 Aug 2026 21:03:15:   Skipping gene NonTargetingControlGuideForHuman_0472 for permutation ... 
INFO  @ Fri, 28 Aug 2026 21:03:15:   Skipping gene NonTargetingControlGuideForHuman_0348 for permutation ... 
INFO  @ Fri, 28 Aug 2026 21:03:15:   Skipping gene NonTargetingControlGuideForHuman_0403 for permutation ... 
INFO  @ Fri, 28 Aug 2026 21:03:15:   Skipping gene NonTargetingControlGuideForHuman_0205 for permutation ... 
INFO  @ Fri, 28 Aug 2026 21:03:15:   Skipping gene NonTargetingControlGuideForHuman_0085 for permutation ... 
INFO  @ Fri, 28 Aug 2026 21:03:15:   Skipping gene NonTargetingControlGuideForHuman_0556 for permutation ... 
INFO  @ Fri, 28 Aug 2026 21:03:15:   Skipping gene NonTargetingControlGuideForHuman_0935 for permutation ... 
INFO  @ Fri, 28 Aug 2026 21:03:15:   Skipping gene NonTargetingControlGuideForHuman_0884 for permutation ... 
INFO  @ Fri, 28 Aug 2026 21:03:15:   Skipping gene NonTargetingControlGuideForHuman_0129 for permutation ... 
INFO  @ Fri, 28 Aug 2026 21:03:15:   Skipping gene NonTargetingControlGuideForHuman_0797 for permutation ... 
INFO  @ Fri, 28 Aug 2026 21:03:15:   Skipping gene NonTargetingControlGuideForHuman_0396 for permutation ... 
INFO  @ Fri, 28 Aug 2026 21:03:15:   Skipping gene NonTargetingControlGuideForHuman_0789 for permutation ... 
INFO  @ Fri, 28 Aug 2026 21:03:15:   Skipping gene NonTargetingControlGuideForHuman_0460 for permutation ... 
INFO  @ Fri, 28 Aug 2026 21:03:15:   Skipping gene NonTargetingControlGuideForHuman_0637 for permutation ... 
INFO  @ Fri, 28 Aug 2026 21:03:15:   Skipping gene NonTargetingControlGuideForHuman_0194 for permutation ... 
INFO  @ Fri, 28 Aug 2026 21:03:15:   Skipping gene NonTargetingControlGuideForHuman_0583 for permutation ... 
INFO  @ Fri, 28 Aug 2026 21:03:15:   Skipping gene NonTargetingControlGuideForHuman_0193 for permutation ... 
INFO  @ Fri, 28 Aug 2026 21:03:15:   Skipping gene NonTargetingControlGuideForHuman_0971 for permutation ... 
INFO  @ Fri, 28 Aug 2026 21:03:15:   Skipping gene NonTargetingControlGuideForHuman_0996 for permutation ... 
INFO  @ Fri, 28 Aug 2026 21:03:15:   Skipping gene NonTargetingControlGuideForHuman_0714 for permutation ... 
INFO  @ Fri, 28 Aug 2026 21:03:15:   Skipping gene NonTargetingControlGuideForHuman_0939 for permutation ... 
INFO  @ Fri, 28 Aug 2026 21:03:15:   Skipping gene NonTargetingControlGuideForHuman_0764 for permutation ... 
INFO  @ Fri, 28 Aug 2026 21:03:15:   Skipping gene NonTargetingControlGuideForHuman_0801 for permutation ... 
INFO  @ Fri, 28 Aug 2026 21:03:15:   Skipping gene NonTargetingControlGuideForHuman_0540 for permutation ... 
INFO  @ Fri, 28 Aug 2026 21:03:15:   Skipping gene NonTargetingControlGuideForHuman_0440 for permutation ... 
INFO  @ Fri, 28 Aug 2026 21:03:15:   Skipping gene NonTargetingControlGuideForHuman_0819 for permutation ... 
INFO  @ Fri, 28 Aug 2026 21:03:15:   Skipping gene NonTargetingControlGuideForHuman_0212 for permutation ... 
INFO  @ Fri, 28 Aug 2026 21:03:15:   Skipping gene NonTargetingControlGuideForHuman_0594 for permutation ... 
INFO  @ Fri, 28 Aug 2026 21:03:15:   Skipping gene NonTargetingControlGuideForHuman_1000 for permutation ... 
INFO  @ Fri, 28 Aug 2026 21:03:15:   Skipping gene NonTargetingControlGuideForHuman_0354 for permutation ... 
INFO  @ Fri, 28 Aug 2026 21:03:15:   Skipping gene NonTargetingControlGuideForHuman_0873 for permutation ... 
INFO  @ Fri, 28 Aug 2026 21:03:15:   Skipping gene NonTargetingControlGuideForHuman_0176 for permutation ... 
INFO  @ Fri, 28 Aug 2026 21:03:15:   Skipping gene NonTargetingControlGuideForHuman_0640 for permutation ... 
INFO  @ Fri, 28 Aug 2026 21:03:15:   Skipping gene NonTargetingControlGuideForHuman_0524 for permutation ... 
INFO  @ Fri, 28 Aug 2026 21:03:15:   Skipping gene NonTargetingControlGuideForHuman_0035 for permutation ... 
INFO  @ Fri, 28 Aug 2026 21:03:15:   Skipping gene NonTargetingControlGuideForHuman_0430 for permutation ... 
INFO  @ Fri, 28 Aug 2026 21:03:15:   Skipping gene NonTargetingControlGuideForHuman_0352 for permutation ... 
INFO  @ Fri, 28 Aug 2026 21:03:15:   Skipping gene NonTargetingControlGuideForHuman_0653 for permutation ... 
INFO  @ Fri, 28 Aug 2026 21:03:15:   Skipping gene NonTargetingControlGuideForHuman_0870 for permutation ... 
INFO  @ Fri, 28 Aug 2026 21:03:15:   Skipping gene NonTargetingControlGuideForHuman_0541 for permutation ... 
INFO  @ Fri, 28 Aug 2026 21:03:15:   Skipping gene NonTargetingControlGuideForHuman_0775 for permutation ... 
INFO  @ Fri, 28 Aug 2026 21:03:15:   Skipping gene NonTargetingControlGuideForHuman_0127 for permutation ... 
INFO  @ Fri, 28 Aug 2026 21:03:15:   Skipping gene NonTargetingControlGuideForHuman_0565 for permutation ... 
INFO  @ Fri, 28 Aug 2026 21:03:15:   Skipping gene NonTargetingControlGuideForHuman_0257 for permutation ... 
INFO  @ Fri, 28 Aug 2026 21:03:15:   Skipping gene NonTargetingControlGuideForHuman_0767 for permutation ... 
INFO  @ Fri, 28 Aug 2026 21:03:15:   Skipping gene NonTargetingControlGuideForHuman_0585 for permutation ... 
INFO  @ Fri, 28 Aug 2026 21:03:15:   Skipping gene NonTargetingControlGuideForHuman_0867 for permutation ... 
INFO  @ Fri, 28 Aug 2026 21:03:15:   Skipping gene NonTargetingControlGuideForHuman_0665 for permutation ... 
INFO  @ Fri, 28 Aug 2026 21:03:15:   Skipping gene NonTargetingControlGuideForHuman_0783 for permutation ... 
INFO  @ Fri, 28 Aug 2026 21:03:15:   Skipping gene NonTargetingControlGuideForHuman_0595 for permutation ... 
INFO  @ Fri, 28 Aug 2026 21:03:15:   Skipping gene NonTargetingControlGuideForHuman_0991 for permutation ... 
INFO  @ Fri, 28 Aug 2026 21:03:15:   Skipping gene NonTargetingControlGuideForHuman_0364 for permutation ... 
INFO  @ Fri, 28 Aug 2026 21:03:15:   Skipping gene NonTargetingControlGuideForHuman_0989 for permutation ... 
INFO  @ Fri, 28 Aug 2026 21:03:15:   Skipping gene NonTargetingControlGuideForHuman_0669 for permutation ... 
INFO  @ Fri, 28 Aug 2026 21:03:15:   Skipping gene NonTargetingControlGuideForHuman_0215 for permutation ... 
INFO  @ Fri, 28 Aug 2026 21:03:15:   Skipping gene NonTargetingControlGuideForHuman_0179 for permutation ... 
INFO  @ Fri, 28 Aug 2026 21:03:15:   Skipping gene NonTargetingControlGuideForHuman_0270 for permutation ... 
INFO  @ Fri, 28 Aug 2026 21:03:15:   Skipping gene NonTargetingControlGuideForHuman_0592 for permutation ... 
INFO  @ Fri, 28 Aug 2026 21:03:15:   Skipping gene NonTargetingControlGuideForHuman_0927 for permutation ... 
INFO  @ Fri, 28 Aug 2026 21:03:15:   Skipping gene NonTargetingControlGuideForHuman_0781 for permutation ... 
INFO  @ Fri, 28 Aug 2026 21:03:15:   Skipping gene NonTargetingControlGuideForHuman_0250 for permutation ... 
INFO  @ Fri, 28 Aug 2026 21:03:15:   Skipping gene NonTargetingControlGuideForHuman_0487 for permutation ... 
INFO  @ Fri, 28 Aug 2026 21:03:15:   Skipping gene NonTargetingControlGuideForHuman_0399 for permutation ... 
INFO  @ Fri, 28 Aug 2026 21:03:15:   Skipping gene NonTargetingControlGuideForHuman_0464 for permutation ... 
INFO  @ Fri, 28 Aug 2026 21:03:15:   Skipping gene NonTargetingControlGuideForHuman_0033 for permutation ... 
INFO  @ Fri, 28 Aug 2026 21:03:15:   Skipping gene NonTargetingControlGuideForHuman_0495 for permutation ... 
INFO  @ Fri, 28 Aug 2026 21:03:15:   Skipping gene NonTargetingControlGuideForHuman_0234 for permutation ... 
INFO  @ Fri, 28 Aug 2026 21:03:15:   Skipping gene NonTargetingControlGuideForHuman_0658 for permutation ... 
INFO  @ Fri, 28 Aug 2026 21:03:15:   Skipping gene NonTargetingControlGuideForHuman_0030 for permutation ... 
INFO  @ Fri, 28 Aug 2026 21:03:15:   Skipping gene NonTargetingControlGuideForHuman_0548 for permutation ... 
INFO  @ Fri, 28 Aug 2026 21:03:15:   Skipping gene NonTargetingControlGuideForHuman_0915 for permutation ... 
INFO  @ Fri, 28 Aug 2026 21:03:15:   Skipping gene NonTargetingControlGuideForHuman_0370 for permutation ... 
INFO  @ Fri, 28 Aug 2026 21:03:15:   Skipping gene NonTargetingControlGuideForHuman_0601 for permutation ... 
INFO  @ Fri, 28 Aug 2026 21:03:15:   Skipping gene NonTargetingControlGuideForHuman_0880 for permutation ... 
INFO  @ Fri, 28 Aug 2026 21:03:15:   Skipping gene NonTargetingControlGuideForHuman_0162 for permutation ... 
INFO  @ Fri, 28 Aug 2026 21:03:15:   Skipping gene NonTargetingControlGuideForHuman_0358 for permutation ... 
INFO  @ Fri, 28 Aug 2026 21:03:15:   Skipping gene NonTargetingControlGuideForHuman_0034 for permutation ... 
INFO  @ Fri, 28 Aug 2026 21:03:15:   Skipping gene NonTargetingControlGuideForHuman_0145 for permutation ... 
INFO  @ Fri, 28 Aug 2026 21:03:15:   Skipping gene NonTargetingControlGuideForHuman_0491 for permutation ... 
INFO  @ Fri, 28 Aug 2026 21:03:15:   Skipping gene NonTargetingControlGuideForHuman_0182 for permutation ... 
INFO  @ Fri, 28 Aug 2026 21:03:15:   Skipping gene NonTargetingControlGuideForHuman_0710 for permutation ... 
INFO  @ Fri, 28 Aug 2026 21:03:15:   Skipping gene NonTargetingControlGuideForHuman_0167 for permutation ... 
INFO  @ Fri, 28 Aug 2026 21:03:15:   Skipping gene NonTargetingControlGuideForHuman_0943 for permutation ... 
INFO  @ Fri, 28 Aug 2026 21:03:15:   Skipping gene NonTargetingControlGuideForHuman_0806 for permutation ... 
INFO  @ Fri, 28 Aug 2026 21:03:15:   Skipping gene NonTargetingControlGuideForHuman_0639 for permutation ... 
INFO  @ Fri, 28 Aug 2026 21:03:15:   Skipping gene NonTargetingControlGuideForHuman_0966 for permutation ... 
INFO  @ Fri, 28 Aug 2026 21:03:15:   Skipping gene NonTargetingControlGuideForHuman_0306 for permutation ... 
INFO  @ Fri, 28 Aug 2026 21:03:15:   Skipping gene NonTargetingControlGuideForHuman_0374 for permutation ... 
INFO  @ Fri, 28 Aug 2026 21:03:15:   Skipping gene NonTargetingControlGuideForHuman_0646 for permutation ... 
INFO  @ Fri, 28 Aug 2026 21:03:15:   Skipping gene NonTargetingControlGuideForHuman_0506 for permutation ... 
INFO  @ Fri, 28 Aug 2026 21:03:15:   Skipping gene NonTargetingControlGuideForHuman_0632 for permutation ... 
INFO  @ Fri, 28 Aug 2026 21:03:15:   Skipping gene NonTargetingControlGuideForHuman_0394 for permutation ... 
INFO  @ Fri, 28 Aug 2026 21:03:15:   Skipping gene NonTargetingControlGuideForHuman_0143 for permutation ... 
INFO  @ Fri, 28 Aug 2026 21:03:15:   Skipping gene NonTargetingControlGuideForHuman_0474 for permutation ... 
INFO  @ Fri, 28 Aug 2026 21:03:15:   Skipping gene NonTargetingControlGuideForHuman_0815 for permutation ... 
INFO  @ Fri, 28 Aug 2026 21:03:15:   Skipping gene NonTargetingControlGuideForHuman_0559 for permutation ... 
INFO  @ Fri, 28 Aug 2026 21:03:15:   Skipping gene NonTargetingControlGuideForHuman_0857 for permutation ... 
INFO  @ Fri, 28 Aug 2026 21:03:15:   Skipping gene NonTargetingControlGuideForHuman_0424 for permutation ... 
INFO  @ Fri, 28 Aug 2026 21:03:15:   Skipping gene NonTargetingControlGuideForHuman_0390 for permutation ... 
INFO  @ Fri, 28 Aug 2026 21:03:15:   Skipping gene NonTargetingControlGuideForHuman_0709 for permutation ... 
INFO  @ Fri, 28 Aug 2026 21:03:15:   Skipping gene NonTargetingControlGuideForHuman_0334 for permutation ... 
INFO  @ Fri, 28 Aug 2026 21:03:15:   Skipping gene NonTargetingControlGuideForHuman_0126 for permutation ... 
INFO  @ Fri, 28 Aug 2026 21:03:15:   Skipping gene NonTargetingControlGuideForHuman_0289 for permutation ... 
INFO  @ Fri, 28 Aug 2026 21:03:15:   Skipping gene NonTargetingControlGuideForHuman_0836 for permutation ... 
INFO  @ Fri, 28 Aug 2026 21:03:15:   Skipping gene NonTargetingControlGuideForHuman_0718 for permutation ... 
INFO  @ Fri, 28 Aug 2026 21:03:15:   Skipping gene NonTargetingControlGuideForHuman_0343 for permutation ... 
INFO  @ Fri, 28 Aug 2026 21:03:15:   Skipping gene NonTargetingControlGuideForHuman_0369 for permutation ... 
INFO  @ Fri, 28 Aug 2026 21:03:15:   Skipping gene NonTargetingControlGuideForHuman_0686 for permutation ... 
INFO  @ Fri, 28 Aug 2026 21:03:15:   Skipping gene NonTargetingControlGuideForHuman_0636 for permutation ... 
INFO  @ Fri, 28 Aug 2026 21:03:15:   Skipping gene NonTargetingControlGuideForHuman_0868 for permutation ... 
INFO  @ Fri, 28 Aug 2026 21:03:15:   Skipping gene NonTargetingControlGuideForHuman_0164 for permutation ... 
INFO  @ Fri, 28 Aug 2026 21:03:15:   Skipping gene NonTargetingControlGuideForHuman_0965 for permutation ... 
INFO  @ Fri, 28 Aug 2026 21:03:15:   Skipping gene NonTargetingControlGuideForHuman_0919 for permutation ... 
INFO  @ Fri, 28 Aug 2026 21:03:15:   Skipping gene NonTargetingControlGuideForHuman_0602 for permutation ... 
INFO  @ Fri, 28 Aug 2026 21:03:15:   Skipping gene NonTargetingControlGuideForHuman_0780 for permutation ... 
INFO  @ Fri, 28 Aug 2026 21:03:15:   Skipping gene NonTargetingControlGuideForHuman_0892 for permutation ... 
INFO  @ Fri, 28 Aug 2026 21:03:15:   Skipping gene NonTargetingControlGuideForHuman_0099 for permutation ... 
INFO  @ Fri, 28 Aug 2026 21:03:15:   Skipping gene NonTargetingControlGuideForHuman_0807 for permutation ... 
INFO  @ Fri, 28 Aug 2026 21:03:15:   Skipping gene NonTargetingControlGuideForHuman_0578 for permutation ... 
INFO  @ Fri, 28 Aug 2026 21:03:15:   Skipping gene NonTargetingControlGuideForHuman_0863 for permutation ... 
INFO  @ Fri, 28 Aug 2026 21:03:15:   Skipping gene NonTargetingControlGuideForHuman_0946 for permutation ... 
INFO  @ Fri, 28 Aug 2026 21:03:15:   Skipping gene NonTargetingControlGuideForHuman_0384 for permutation ... 
INFO  @ Fri, 28 Aug 2026 21:03:15:   Skipping gene NonTargetingControlGuideForHuman_0707 for permutation ... 
INFO  @ Fri, 28 Aug 2026 21:03:15:   Skipping gene NonTargetingControlGuideForHuman_0298 for permutation ... 
INFO  @ Fri, 28 Aug 2026 21:03:15:   Skipping gene NonTargetingControlGuideForHuman_0405 for permutation ... 
INFO  @ Fri, 28 Aug 2026 21:03:15:   Skipping gene NonTargetingControlGuideForHuman_0492 for permutation ... 
INFO  @ Fri, 28 Aug 2026 21:03:15:   Skipping gene NonTargetingControlGuideForHuman_0123 for permutation ... 
INFO  @ Fri, 28 Aug 2026 21:03:15:   Skipping gene NonTargetingControlGuideForHuman_0469 for permutation ... 
INFO  @ Fri, 28 Aug 2026 21:03:15:   Skipping gene NonTargetingControlGuideForHuman_0739 for permutation ... 
INFO  @ Fri, 28 Aug 2026 21:03:15:   Skipping gene NonTargetingControlGuideForHuman_0959 for permutation ... 
INFO  @ Fri, 28 Aug 2026 21:03:15:   Skipping gene NonTargetingControlGuideForHuman_0519 for permutation ... 
INFO  @ Fri, 28 Aug 2026 21:03:15:   Skipping gene NonTargetingControlGuideForHuman_0505 for permutation ... 
INFO  @ Fri, 28 Aug 2026 21:03:15:   Skipping gene NonTargetingControlGuideForHuman_0684 for permutation ... 
INFO  @ Fri, 28 Aug 2026 21:03:15:   Skipping gene NonTargetingControlGuideForHuman_0022 for permutation ... 
INFO  @ Fri, 28 Aug 2026 21:03:15:   Skipping gene NonTargetingControlGuideForHuman_0220 for permutation ... 
INFO  @ Fri, 28 Aug 2026 21:03:15:   Skipping gene NonTargetingControlGuideForHuman_0312 for permutation ... 
INFO  @ Fri, 28 Aug 2026 21:03:15:   Skipping gene NonTargetingControlGuideForHuman_0860 for permutation ... 
INFO  @ Fri, 28 Aug 2026 21:03:15:   Skipping gene NonTargetingControlGuideForHuman_0901 for permutation ... 
INFO  @ Fri, 28 Aug 2026 21:03:15:   Skipping gene NonTargetingControlGuideForHuman_0119 for permutation ... 
INFO  @ Fri, 28 Aug 2026 21:03:15:   Skipping gene NonTargetingControlGuideForHuman_0198 for permutation ... 
INFO  @ Fri, 28 Aug 2026 21:03:15:   Skipping gene NonTargetingControlGuideForHuman_0881 for permutation ... 
INFO  @ Fri, 28 Aug 2026 21:03:15:   Skipping gene NonTargetingControlGuideForHuman_0835 for permutation ... 
INFO  @ Fri, 28 Aug 2026 21:03:15:   Skipping gene NonTargetingControlGuideForHuman_0826 for permutation ... 
INFO  @ Fri, 28 Aug 2026 21:03:15:   Skipping gene NonTargetingControlGuideForHuman_0728 for permutation ... 
INFO  @ Fri, 28 Aug 2026 21:03:15:   Skipping gene NonTargetingControlGuideForHuman_0582 for permutation ... 
INFO  @ Fri, 28 Aug 2026 21:03:15:   Skipping gene NonTargetingControlGuideForHuman_0012 for permutation ... 
INFO  @ Fri, 28 Aug 2026 21:03:15:   Skipping gene NonTargetingControlGuideForHuman_0796 for permutation ... 
INFO  @ Fri, 28 Aug 2026 21:03:15:   Skipping gene NonTargetingControlGuideForHuman_0075 for permutation ... 
INFO  @ Fri, 28 Aug 2026 21:03:15:   Skipping gene NonTargetingControlGuideForHuman_0500 for permutation ... 
INFO  @ Fri, 28 Aug 2026 21:03:15:   Skipping gene NonTargetingControlGuideForHuman_0566 for permutation ... 
INFO  @ Fri, 28 Aug 2026 21:03:15:   Skipping gene NonTargetingControlGuideForHuman_0236 for permutation ... 
INFO  @ Fri, 28 Aug 2026 21:03:15:   Skipping gene NonTargetingControlGuideForHuman_0542 for permutation ... 
INFO  @ Fri, 28 Aug 2026 21:03:15:   Skipping gene NonTargetingControlGuideForHuman_0097 for permutation ... 
INFO  @ Fri, 28 Aug 2026 21:03:15:   Skipping gene NonTargetingControlGuideForHuman_0979 for permutation ... 
INFO  @ Fri, 28 Aug 2026 21:03:15:   Skipping gene NonTargetingControlGuideForHuman_0874 for permutation ... 
INFO  @ Fri, 28 Aug 2026 21:03:15:   Skipping gene NonTargetingControlGuideForHuman_0859 for permutation ... 
INFO  @ Fri, 28 Aug 2026 21:03:15:   Skipping gene NonTargetingControlGuideForHuman_0968 for permutation ... 
INFO  @ Fri, 28 Aug 2026 21:03:15:   Skipping gene NonTargetingControlGuideForHuman_0448 for permutation ... 
INFO  @ Fri, 28 Aug 2026 21:03:15:   Skipping gene NonTargetingControlGuideForHuman_0845 for permutation ... 
INFO  @ Fri, 28 Aug 2026 21:03:15:   Skipping gene NonTargetingControlGuideForHuman_0838 for permutation ... 
INFO  @ Fri, 28 Aug 2026 21:03:15:   Skipping gene NonTargetingControlGuideForHuman_0869 for permutation ... 
INFO  @ Fri, 28 Aug 2026 21:03:15:   Skipping gene NonTargetingControlGuideForHuman_0204 for permutation ... 
INFO  @ Fri, 28 Aug 2026 21:03:15:   Skipping gene NonTargetingControlGuideForHuman_0149 for permutation ... 
INFO  @ Fri, 28 Aug 2026 21:03:15:   Skipping gene NonTargetingControlGuideForHuman_0049 for permutation ... 
INFO  @ Fri, 28 Aug 2026 21:03:15:   Skipping gene NonTargetingControlGuideForHuman_0616 for permutation ... 
INFO  @ Fri, 28 Aug 2026 21:03:15:   Skipping gene NonTargetingControlGuideForHuman_0021 for permutation ... 
INFO  @ Fri, 28 Aug 2026 21:03:15:   Skipping gene NonTargetingControlGuideForHuman_0233 for permutation ... 
INFO  @ Fri, 28 Aug 2026 21:03:15:   Skipping gene NonTargetingControlGuideForHuman_0696 for permutation ... 
INFO  @ Fri, 28 Aug 2026 21:03:15:   Skipping gene NonTargetingControlGuideForHuman_0296 for permutation ... 
INFO  @ Fri, 28 Aug 2026 21:03:15:   Skipping gene NonTargetingControlGuideForHuman_0550 for permutation ... 
INFO  @ Fri, 28 Aug 2026 21:03:15:   Skipping gene NonTargetingControlGuideForHuman_0435 for permutation ... 
INFO  @ Fri, 28 Aug 2026 21:03:15:   Skipping gene NonTargetingControlGuideForHuman_0574 for permutation ... 
INFO  @ Fri, 28 Aug 2026 21:03:15:   Skipping gene NonTargetingControlGuideForHuman_0664 for permutation ... 
INFO  @ Fri, 28 Aug 2026 21:03:15:   Skipping gene NonTargetingControlGuideForHuman_0832 for permutation ... 
INFO  @ Fri, 28 Aug 2026 21:03:15:   Skipping gene NonTargetingControlGuideForHuman_0537 for permutation ... 
INFO  @ Fri, 28 Aug 2026 21:03:15:   Skipping gene NonTargetingControlGuideForHuman_0740 for permutation ... 
INFO  @ Fri, 28 Aug 2026 21:03:15:   Skipping gene NonTargetingControlGuideForHuman_0139 for permutation ... 
INFO  @ Fri, 28 Aug 2026 21:03:15:   Skipping gene NonTargetingControlGuideForHuman_0005 for permutation ... 
INFO  @ Fri, 28 Aug 2026 21:03:15:   Skipping gene NonTargetingControlGuideForHuman_0810 for permutation ... 
INFO  @ Fri, 28 Aug 2026 21:03:15:   Skipping gene NonTargetingControlGuideForHuman_0037 for permutation ... 
INFO  @ Fri, 28 Aug 2026 21:03:15:   Skipping gene NonTargetingControlGuideForHuman_0888 for permutation ... 
INFO  @ Fri, 28 Aug 2026 21:03:15:   Skipping gene NonTargetingControlGuideForHuman_0587 for permutation ... 
INFO  @ Fri, 28 Aug 2026 21:03:15:   Skipping gene NonTargetingControlGuideForHuman_0414 for permutation ... 
INFO  @ Fri, 28 Aug 2026 21:03:15:   Skipping gene NonTargetingControlGuideForHuman_0216 for permutation ... 
INFO  @ Fri, 28 Aug 2026 21:03:15:   Skipping gene NonTargetingControlGuideForHuman_0132 for permutation ... 
INFO  @ Fri, 28 Aug 2026 21:03:15:   Skipping gene NonTargetingControlGuideForHuman_0133 for permutation ... 
INFO  @ Fri, 28 Aug 2026 21:03:15:   Skipping gene NonTargetingControlGuideForHuman_0450 for permutation ... 
INFO  @ Fri, 28 Aug 2026 21:03:15:   Skipping gene NonTargetingControlGuideForHuman_0036 for permutation ... 
INFO  @ Fri, 28 Aug 2026 21:03:15:   Skipping gene NonTargetingControlGuideForHuman_0967 for permutation ... 
INFO  @ Fri, 28 Aug 2026 21:03:15:   Skipping gene NonTargetingControlGuideForHuman_0898 for permutation ... 
INFO  @ Fri, 28 Aug 2026 21:03:15:   Skipping gene NonTargetingControlGuideForHuman_0711 for permutation ... 
INFO  @ Fri, 28 Aug 2026 21:03:15:   Skipping gene NonTargetingControlGuideForHuman_0255 for permutation ... 
INFO  @ Fri, 28 Aug 2026 21:03:15:   Skipping gene NonTargetingControlGuideForHuman_0676 for permutation ... 
INFO  @ Fri, 28 Aug 2026 21:03:15:   Skipping gene NonTargetingControlGuideForHuman_0031 for permutation ... 
INFO  @ Fri, 28 Aug 2026 21:03:15:   Skipping gene NonTargetingControlGuideForHuman_0999 for permutation ... 
INFO  @ Fri, 28 Aug 2026 21:03:15:   Skipping gene NonTargetingControlGuideForHuman_0516 for permutation ... 
INFO  @ Fri, 28 Aug 2026 21:03:15:   Skipping gene NonTargetingControlGuideForHuman_0305 for permutation ... 
INFO  @ Fri, 28 Aug 2026 21:03:15:   Skipping gene NonTargetingControlGuideForHuman_0840 for permutation ... 
INFO  @ Fri, 28 Aug 2026 21:03:15:   Skipping gene NonTargetingControlGuideForHuman_0157 for permutation ... 
INFO  @ Fri, 28 Aug 2026 21:03:15:   Skipping gene NonTargetingControlGuideForHuman_0105 for permutation ... 
INFO  @ Fri, 28 Aug 2026 21:03:15:   Skipping gene NonTargetingControlGuideForHuman_0290 for permutation ... 
INFO  @ Fri, 28 Aug 2026 21:03:15:   Skipping gene NonTargetingControlGuideForHuman_0802 for permutation ... 
INFO  @ Fri, 28 Aug 2026 21:03:15:   Skipping gene NonTargetingControlGuideForHuman_0954 for permutation ... 
INFO  @ Fri, 28 Aug 2026 21:03:15:   Skipping gene NonTargetingControlGuideForHuman_0528 for permutation ... 
INFO  @ Fri, 28 Aug 2026 21:03:15:   Skipping gene NonTargetingControlGuideForHuman_0604 for permutation ... 
INFO  @ Fri, 28 Aug 2026 21:03:15:   Skipping gene NonTargetingControlGuideForHuman_0677 for permutation ... 
INFO  @ Fri, 28 Aug 2026 21:03:15:   Skipping gene NonTargetingControlGuideForHuman_0671 for permutation ... 
INFO  @ Fri, 28 Aug 2026 21:03:15:   Skipping gene NonTargetingControlGuideForHuman_0245 for permutation ... 
INFO  @ Fri, 28 Aug 2026 21:03:15:   Skipping gene NonTargetingControlGuideForHuman_0866 for permutation ... 
INFO  @ Fri, 28 Aug 2026 21:03:15:   Skipping gene NonTargetingControlGuideForHuman_0291 for permutation ... 
INFO  @ Fri, 28 Aug 2026 21:03:15:   Skipping gene NonTargetingControlGuideForHuman_0286 for permutation ... 
INFO  @ Fri, 28 Aug 2026 21:03:15:   Skipping gene NonTargetingControlGuideForHuman_0974 for permutation ... 
INFO  @ Fri, 28 Aug 2026 21:03:15:   Skipping gene NonTargetingControlGuideForHuman_0263 for permutation ... 
INFO  @ Fri, 28 Aug 2026 21:03:15:   Skipping gene NonTargetingControlGuideForHuman_0958 for permutation ... 
INFO  @ Fri, 28 Aug 2026 21:03:15:   Skipping gene NonTargetingControlGuideForHuman_0387 for permutation ... 
INFO  @ Fri, 28 Aug 2026 21:03:15:   Skipping gene NonTargetingControlGuideForHuman_0598 for permutation ... 
INFO  @ Fri, 28 Aug 2026 21:03:15:   Skipping gene NonTargetingControlGuideForHuman_0420 for permutation ... 
INFO  @ Fri, 28 Aug 2026 21:03:15:   Skipping gene NonTargetingControlGuideForHuman_0973 for permutation ... 
INFO  @ Fri, 28 Aug 2026 21:03:15:   Skipping gene NonTargetingControlGuideForHuman_0570 for permutation ... 
INFO  @ Fri, 28 Aug 2026 21:03:15:   Skipping gene NonTargetingControlGuideForHuman_0413 for permutation ... 
INFO  @ Fri, 28 Aug 2026 21:03:15:   Skipping gene NonTargetingControlGuideForHuman_0061 for permutation ... 
INFO  @ Fri, 28 Aug 2026 21:03:15:   Skipping gene NonTargetingControlGuideForHuman_0699 for permutation ... 
INFO  @ Fri, 28 Aug 2026 21:03:15:   Skipping gene NonTargetingControlGuideForHuman_0847 for permutation ... 
INFO  @ Fri, 28 Aug 2026 21:03:15:   Skipping gene NonTargetingControlGuideForHuman_0560 for permutation ... 
INFO  @ Fri, 28 Aug 2026 21:03:15:   Skipping gene NonTargetingControlGuideForHuman_0202 for permutation ... 
INFO  @ Fri, 28 Aug 2026 21:03:15:   Skipping gene NonTargetingControlGuideForHuman_0529 for permutation ... 
INFO  @ Fri, 28 Aug 2026 21:03:15:   Skipping gene NonTargetingControlGuideForHuman_0393 for permutation ... 
INFO  @ Fri, 28 Aug 2026 21:03:15:   Skipping gene NonTargetingControlGuideForHuman_0389 for permutation ... 
INFO  @ Fri, 28 Aug 2026 21:03:15:   Skipping gene NonTargetingControlGuideForHuman_0314 for permutation ... 
INFO  @ Fri, 28 Aug 2026 21:03:15:   Skipping gene NonTargetingControlGuideForHuman_0445 for permutation ... 
INFO  @ Fri, 28 Aug 2026 21:03:15:   Skipping gene NonTargetingControlGuideForHuman_0834 for permutation ... 
INFO  @ Fri, 28 Aug 2026 21:03:15:   Skipping gene NonTargetingControlGuideForHuman_0320 for permutation ... 
INFO  @ Fri, 28 Aug 2026 21:03:15:   Skipping gene NonTargetingControlGuideForHuman_0656 for permutation ... 
INFO  @ Fri, 28 Aug 2026 21:03:15:   Skipping gene NonTargetingControlGuideForHuman_0217 for permutation ... 
INFO  @ Fri, 28 Aug 2026 21:03:15:   Skipping gene NonTargetingControlGuideForHuman_0251 for permutation ... 
INFO  @ Fri, 28 Aug 2026 21:03:15:   Skipping gene NonTargetingControlGuideForHuman_0627 for permutation ... 
INFO  @ Fri, 28 Aug 2026 21:03:15:   Skipping gene NonTargetingControlGuideForHuman_0434 for permutation ... 
INFO  @ Fri, 28 Aug 2026 21:03:15:   Skipping gene NonTargetingControlGuideForHuman_0705 for permutation ... 
INFO  @ Fri, 28 Aug 2026 21:03:15:   Skipping gene NonTargetingControlGuideForHuman_0593 for permutation ... 
INFO  @ Fri, 28 Aug 2026 21:03:15:   Skipping gene NonTargetingControlGuideForHuman_0197 for permutation ... 
INFO  @ Fri, 28 Aug 2026 21:03:15:   Skipping gene NonTargetingControlGuideForHuman_0655 for permutation ... 
INFO  @ Fri, 28 Aug 2026 21:03:15:   Skipping gene NonTargetingControlGuideForHuman_0956 for permutation ... 
INFO  @ Fri, 28 Aug 2026 21:03:15:   Skipping gene NonTargetingControlGuideForHuman_0630 for permutation ... 
INFO  @ Fri, 28 Aug 2026 21:03:15:   Skipping gene NonTargetingControlGuideForHuman_0579 for permutation ... 
INFO  @ Fri, 28 Aug 2026 21:03:15:   Skipping gene NonTargetingControlGuideForHuman_0325 for permutation ... 
INFO  @ Fri, 28 Aug 2026 21:03:15:   Skipping gene NonTargetingControlGuideForHuman_0423 for permutation ... 
INFO  @ Fri, 28 Aug 2026 21:03:15:   Skipping gene NonTargetingControlGuideForHuman_0442 for permutation ... 
INFO  @ Fri, 28 Aug 2026 21:03:15:   Skipping gene NonTargetingControlGuideForHuman_0223 for permutation ... 
INFO  @ Fri, 28 Aug 2026 21:03:15:   Skipping gene NonTargetingControlGuideForHuman_0388 for permutation ... 
INFO  @ Fri, 28 Aug 2026 21:03:15:   Skipping gene NonTargetingControlGuideForHuman_0702 for permutation ... 
INFO  @ Fri, 28 Aug 2026 21:03:15:   Skipping gene NonTargetingControlGuideForHuman_0730 for permutation ... 
INFO  @ Fri, 28 Aug 2026 21:03:15:   Skipping gene NonTargetingControlGuideForHuman_0070 for permutation ... 
INFO  @ Fri, 28 Aug 2026 21:03:15:   Skipping gene NonTargetingControlGuideForHuman_0150 for permutation ... 
INFO  @ Fri, 28 Aug 2026 21:03:15:   Skipping gene NonTargetingControlGuideForHuman_0813 for permutation ... 
INFO  @ Fri, 28 Aug 2026 21:03:15:   Skipping gene NonTargetingControlGuideForHuman_0174 for permutation ... 
INFO  @ Fri, 28 Aug 2026 21:03:15:   Skipping gene NonTargetingControlGuideForHuman_0916 for permutation ... 
INFO  @ Fri, 28 Aug 2026 21:03:15:   Skipping gene NonTargetingControlGuideForHuman_0146 for permutation ... 
INFO  @ Fri, 28 Aug 2026 21:03:15:   Skipping gene NonTargetingControlGuideForHuman_0480 for permutation ... 
INFO  @ Fri, 28 Aug 2026 21:03:15:   Skipping gene NonTargetingControlGuideForHuman_0576 for permutation ... 
INFO  @ Fri, 28 Aug 2026 21:03:15:   Skipping gene NonTargetingControlGuideForHuman_0564 for permutation ... 
INFO  @ Fri, 28 Aug 2026 21:03:15:   Skipping gene NonTargetingControlGuideForHuman_0752 for permutation ... 
INFO  @ Fri, 28 Aug 2026 21:03:15:   Skipping gene NonTargetingControlGuideForHuman_0712 for permutation ... 
INFO  @ Fri, 28 Aug 2026 21:03:15:   Skipping gene NonTargetingControlGuideForHuman_0713 for permutation ... 
INFO  @ Fri, 28 Aug 2026 21:03:15:   Skipping gene NonTargetingControlGuideForHuman_0735 for permutation ... 
INFO  @ Fri, 28 Aug 2026 21:03:15:   Warning: sgRNA  not found in the ranked list.  
INFO  @ Fri, 28 Aug 2026 21:03:15:   Computing false discovery rate... 
INFO  @ Fri, 28 Aug 2026 21:03:15:   Total # control sgRNAs: 2000 
INFO  @ Fri, 28 Aug 2026 21:03:15:   Permuting genes with 2 sgRNAs... 
INFO  @ Fri, 28 Aug 2026 21:03:15:   Permuting genes with 3 sgRNAs... 
INFO  @ Fri, 28 Aug 2026 21:03:15:   Permuting genes with 4 sgRNAs... 
INFO  @ Fri, 28 Aug 2026 21:03:15:   Permuting genes with 5 sgRNAs... 
INFO  @ Fri, 28 Aug 2026 21:03:15:   Permuting genes with 6 sgRNAs... 
INFO  @ Fri, 28 Aug 2026 21:03:15:   Permuting genes with 7 sgRNAs... 
INFO  @ Fri, 28 Aug 2026 21:03:15:   Permuting genes with 8 sgRNAs... 
INFO  @ Fri, 28 Aug 2026 21:03:15:   Permuting genes with 9 sgRNAs... 
INFO  @ Fri, 28 Aug 2026 21:03:15:   Permuting genes with 10 sgRNAs... 
INFO  @ Fri, 28 Aug 2026 21:03:15:   Permuting genes with 11 sgRNAs... 
INFO  @ Fri, 28 Aug 2026 21:03:15:   Permuting genes with 12 sgRNAs... 
INFO  @ Fri, 28 Aug 2026 21:03:15:   Number of genes under FDR adjustment: 21697 
INFO  @ Fri, 28 Aug 2026 21:03:15:   Saving to output file... 
INFO  @ Fri, 28 Aug 2026 21:03:15:   Suppressing the output of gene NonTargetingControlGuideForHuman_0539 since it is negative ontrol genes. 
INFO  @ Fri, 28 Aug 2026 21:03:15:   Suppressing the output of gene NonTargetingControlGuideForHuman_0878 since it is negative ontrol genes. 
INFO  @ Fri, 28 Aug 2026 21:03:15:   Suppressing the output of gene NonTargetingControlGuideForHuman_0230 since it is negative ontrol genes. 
INFO  @ Fri, 28 Aug 2026 21:03:15:   Suppressing the output of gene NonTargetingControlGuideForHuman_0626 since it is negative ontrol genes. 
INFO  @ Fri, 28 Aug 2026 21:03:15:   Suppressing the output of gene NonTargetingControlGuideForHuman_0872 since it is negative ontrol genes. 
INFO  @ Fri, 28 Aug 2026 21:03:15:   Suppressing the output of gene NonTargetingControlGuideForHuman_0628 since it is negative ontrol genes. 
INFO  @ Fri, 28 Aug 2026 21:03:15:   Suppressing the output of gene NonTargetingControlGuideForHuman_0261 since it is negative ontrol genes. 
INFO  @ Fri, 28 Aug 2026 21:03:15:   Suppressing the output of gene NonTargetingControlGuideForHuman_0668 since it is negative ontrol genes. 
INFO  @ Fri, 28 Aug 2026 21:03:15:   Suppressing the output of gene NonTargetingControlGuideForHuman_0502 since it is negative ontrol genes. 
INFO  @ Fri, 28 Aug 2026 21:03:15:   Suppressing the output of gene NonTargetingControlGuideForHuman_0849 since it is negative ontrol genes. 
INFO  @ Fri, 28 Aug 2026 21:03:15:   Suppressing the output of gene NonTargetingControlGuideForHuman_0687 since it is negative ontrol genes. 
INFO  @ Fri, 28 Aug 2026 21:03:15:   Suppressing the output of gene NonTargetingControlGuideForHuman_0906 since it is negative ontrol genes. 
INFO  @ Fri, 28 Aug 2026 21:03:15:   Suppressing the output of gene NonTargetingControlGuideForHuman_0316 since it is negative ontrol genes. 
INFO  @ Fri, 28 Aug 2026 21:03:15:   Suppressing the output of gene NonTargetingControlGuideForHuman_0224 since it is negative ontrol genes. 
INFO  @ Fri, 28 Aug 2026 21:03:15:   Suppressing the output of gene NonTargetingControlGuideForHuman_0738 since it is negative ontrol genes. 
INFO  @ Fri, 28 Aug 2026 21:03:15:   Suppressing the output of gene NonTargetingControlGuideForHuman_0173 since it is negative ontrol genes. 
INFO  @ Fri, 28 Aug 2026 21:03:15:   Suppressing the output of gene NonTargetingControlGuideForHuman_0844 since it is negative ontrol genes. 
INFO  @ Fri, 28 Aug 2026 21:03:15:   Suppressing the output of gene NonTargetingControlGuideForHuman_0226 since it is negative ontrol genes. 
INFO  @ Fri, 28 Aug 2026 21:03:15:   Suppressing the output of gene NonTargetingControlGuideForHuman_0508 since it is negative ontrol genes. 
INFO  @ Fri, 28 Aug 2026 21:03:15:   Suppressing the output of gene NonTargetingControlGuideForHuman_0731 since it is negative ontrol genes. 
INFO  @ Fri, 28 Aug 2026 21:03:15:   Suppressing the output of gene NonTargetingControlGuideForHuman_0247 since it is negative ontrol genes. 
INFO  @ Fri, 28 Aug 2026 21:03:15:   Suppressing the output of gene NonTargetingControlGuideForHuman_0076 since it is negative ontrol genes. 
INFO  @ Fri, 28 Aug 2026 21:03:15:   Suppressing the output of gene NonTargetingControlGuideForHuman_0525 since it is negative ontrol genes. 
INFO  @ Fri, 28 Aug 2026 21:03:15:   Suppressing the output of gene NonTargetingControlGuideForHuman_0755 since it is negative ontrol genes. 
INFO  @ Fri, 28 Aug 2026 21:03:15:   Suppressing the output of gene NonTargetingControlGuideForHuman_0329 since it is negative ontrol genes. 
INFO  @ Fri, 28 Aug 2026 21:03:15:   Suppressing the output of gene NonTargetingControlGuideForHuman_0532 since it is negative ontrol genes. 
INFO  @ Fri, 28 Aug 2026 21:03:15:   Suppressing the output of gene NonTargetingControlGuideForHuman_0945 since it is negative ontrol genes. 
INFO  @ Fri, 28 Aug 2026 21:03:15:   Suppressing the output of gene NonTargetingControlGuideForHuman_0242 since it is negative ontrol genes. 
INFO  @ Fri, 28 Aug 2026 21:03:15:   Suppressing the output of gene NonTargetingControlGuideForHuman_0493 since it is negative ontrol genes. 
INFO  @ Fri, 28 Aug 2026 21:03:15:   Suppressing the output of gene NonTargetingControlGuideForHuman_0452 since it is negative ontrol genes. 
INFO  @ Fri, 28 Aug 2026 21:03:15:   Suppressing the output of gene NonTargetingControlGuideForHuman_0235 since it is negative ontrol genes. 
INFO  @ Fri, 28 Aug 2026 21:03:15:   Suppressing the output of gene NonTargetingControlGuideForHuman_0438 since it is negative ontrol genes. 
INFO  @ Fri, 28 Aug 2026 21:03:15:   Suppressing the output of gene NonTargetingControlGuideForHuman_0591 since it is negative ontrol genes. 
INFO  @ Fri, 28 Aug 2026 21:03:15:   Suppressing the output of gene NonTargetingControlGuideForHuman_0538 since it is negative ontrol genes. 
INFO  @ Fri, 28 Aug 2026 21:03:15:   Suppressing the output of gene NonTargetingControlGuideForHuman_0365 since it is negative ontrol genes. 
INFO  @ Fri, 28 Aug 2026 21:03:15:   Suppressing the output of gene NonTargetingControlGuideForHuman_0040 since it is negative ontrol genes. 
INFO  @ Fri, 28 Aug 2026 21:03:15:   Suppressing the output of gene NonTargetingControlGuideForHuman_0295 since it is negative ontrol genes. 
INFO  @ Fri, 28 Aug 2026 21:03:15:   Suppressing the output of gene NonTargetingControlGuideForHuman_0526 since it is negative ontrol genes. 
INFO  @ Fri, 28 Aug 2026 21:03:15:   Suppressing the output of gene NonTargetingControlGuideForHuman_0196 since it is negative ontrol genes. 
INFO  @ Fri, 28 Aug 2026 21:03:15:   Suppressing the output of gene NonTargetingControlGuideForHuman_0904 since it is negative ontrol genes. 
INFO  @ Fri, 28 Aug 2026 21:03:15:   Suppressing the output of gene NonTargetingControlGuideForHuman_0228 since it is negative ontrol genes. 
INFO  @ Fri, 28 Aug 2026 21:03:15:   Suppressing the output of gene NonTargetingControlGuideForHuman_0231 since it is negative ontrol genes. 
INFO  @ Fri, 28 Aug 2026 21:03:15:   Suppressing the output of gene NonTargetingControlGuideForHuman_0670 since it is negative ontrol genes. 
INFO  @ Fri, 28 Aug 2026 21:03:15:   Suppressing the output of gene NonTargetingControlGuideForHuman_0623 since it is negative ontrol genes. 
INFO  @ Fri, 28 Aug 2026 21:03:15:   Suppressing the output of gene NonTargetingControlGuideForHuman_0554 since it is negative ontrol genes. 
INFO  @ Fri, 28 Aug 2026 21:03:15:   Suppressing the output of gene NonTargetingControlGuideForHuman_0141 since it is negative ontrol genes. 
INFO  @ Fri, 28 Aug 2026 21:03:15:   Suppressing the output of gene NonTargetingControlGuideForHuman_0421 since it is negative ontrol genes. 
INFO  @ Fri, 28 Aug 2026 21:03:15:   Suppressing the output of gene NonTargetingControlGuideForHuman_0013 since it is negative ontrol genes. 
INFO  @ Fri, 28 Aug 2026 21:03:15:   Suppressing the output of gene NonTargetingControlGuideForHuman_0138 since it is negative ontrol genes. 
INFO  @ Fri, 28 Aug 2026 21:03:15:   Suppressing the output of gene NonTargetingControlGuideForHuman_0908 since it is negative ontrol genes. 
INFO  @ Fri, 28 Aug 2026 21:03:15:   Suppressing the output of gene NonTargetingControlGuideForHuman_0717 since it is negative ontrol genes. 
INFO  @ Fri, 28 Aug 2026 21:03:15:   Suppressing the output of gene NonTargetingControlGuideForHuman_0411 since it is negative ontrol genes. 
INFO  @ Fri, 28 Aug 2026 21:03:15:   Suppressing the output of gene NonTargetingControlGuideForHuman_0274 since it is negative ontrol genes. 
INFO  @ Fri, 28 Aug 2026 21:03:15:   Suppressing the output of gene NonTargetingControlGuideForHuman_0470 since it is negative ontrol genes. 
INFO  @ Fri, 28 Aug 2026 21:03:15:   Suppressing the output of gene NonTargetingControlGuideForHuman_0511 since it is negative ontrol genes. 
INFO  @ Fri, 28 Aug 2026 21:03:15:   Suppressing the output of gene NonTargetingControlGuideForHuman_0759 since it is negative ontrol genes. 
INFO  @ Fri, 28 Aug 2026 21:03:15:   Suppressing the output of gene NonTargetingControlGuideForHuman_0920 since it is negative ontrol genes. 
INFO  @ Fri, 28 Aug 2026 21:03:15:   Suppressing the output of gene NonTargetingControlGuideForHuman_0081 since it is negative ontrol genes. 
INFO  @ Fri, 28 Aug 2026 21:03:15:   Suppressing the output of gene NonTargetingControlGuideForHuman_0766 since it is negative ontrol genes. 
INFO  @ Fri, 28 Aug 2026 21:03:15:   Suppressing the output of gene NonTargetingControlGuideForHuman_0960 since it is negative ontrol genes. 
INFO  @ Fri, 28 Aug 2026 21:03:15:   Suppressing the output of gene NonTargetingControlGuideForHuman_0482 since it is negative ontrol genes. 
INFO  @ Fri, 28 Aug 2026 21:03:15:   Suppressing the output of gene NonTargetingControlGuideForHuman_0994 since it is negative ontrol genes. 
INFO  @ Fri, 28 Aug 2026 21:03:15:   Suppressing the output of gene NonTargetingControlGuideForHuman_0431 since it is negative ontrol genes. 
INFO  @ Fri, 28 Aug 2026 21:03:15:   Suppressing the output of gene NonTargetingControlGuideForHuman_0897 since it is negative ontrol genes. 
INFO  @ Fri, 28 Aug 2026 21:03:15:   Suppressing the output of gene NonTargetingControlGuideForHuman_0663 since it is negative ontrol genes. 
INFO  @ Fri, 28 Aug 2026 21:03:15:   Suppressing the output of gene NonTargetingControlGuideForHuman_0622 since it is negative ontrol genes. 
INFO  @ Fri, 28 Aug 2026 21:03:15:   Suppressing the output of gene NonTargetingControlGuideForHuman_0753 since it is negative ontrol genes. 
INFO  @ Fri, 28 Aug 2026 21:03:15:   Suppressing the output of gene NonTargetingControlGuideForHuman_0051 since it is negative ontrol genes. 
INFO  @ Fri, 28 Aug 2026 21:03:15:   Suppressing the output of gene NonTargetingControlGuideForHuman_0288 since it is negative ontrol genes. 
INFO  @ Fri, 28 Aug 2026 21:03:15:   Suppressing the output of gene NonTargetingControlGuideForHuman_0185 since it is negative ontrol genes. 
INFO  @ Fri, 28 Aug 2026 21:03:15:   Suppressing the output of gene NonTargetingControlGuideForHuman_0567 since it is negative ontrol genes. 
INFO  @ Fri, 28 Aug 2026 21:03:15:   Suppressing the output of gene NonTargetingControlGuideForHuman_0163 since it is negative ontrol genes. 
INFO  @ Fri, 28 Aug 2026 21:03:15:   Suppressing the output of gene NonTargetingControlGuideForHuman_0355 since it is negative ontrol genes. 
INFO  @ Fri, 28 Aug 2026 21:03:15:   Suppressing the output of gene NonTargetingControlGuideForHuman_0042 since it is negative ontrol genes. 
INFO  @ Fri, 28 Aug 2026 21:03:15:   Suppressing the output of gene NonTargetingControlGuideForHuman_0241 since it is negative ontrol genes. 
INFO  @ Fri, 28 Aug 2026 21:03:15:   Suppressing the output of gene NonTargetingControlGuideForHuman_0118 since it is negative ontrol genes. 
INFO  @ Fri, 28 Aug 2026 21:03:15:   Suppressing the output of gene NonTargetingControlGuideForHuman_0282 since it is negative ontrol genes. 
INFO  @ Fri, 28 Aug 2026 21:03:15:   Suppressing the output of gene NonTargetingControlGuideForHuman_0853 since it is negative ontrol genes. 
INFO  @ Fri, 28 Aug 2026 21:03:15:   Suppressing the output of gene NonTargetingControlGuideForHuman_0483 since it is negative ontrol genes. 
INFO  @ Fri, 28 Aug 2026 21:03:15:   Suppressing the output of gene NonTargetingControlGuideForHuman_0201 since it is negative ontrol genes. 
INFO  @ Fri, 28 Aug 2026 21:03:15:   Suppressing the output of gene NonTargetingControlGuideForHuman_0976 since it is negative ontrol genes. 
INFO  @ Fri, 28 Aug 2026 21:03:15:   Suppressing the output of gene NonTargetingControlGuideForHuman_0380 since it is negative ontrol genes. 
INFO  @ Fri, 28 Aug 2026 21:03:15:   Suppressing the output of gene NonTargetingControlGuideForHuman_0899 since it is negative ontrol genes. 
INFO  @ Fri, 28 Aug 2026 21:03:15:   Suppressing the output of gene NonTargetingControlGuideForHuman_0624 since it is negative ontrol genes. 
INFO  @ Fri, 28 Aug 2026 21:03:15:   Suppressing the output of gene NonTargetingControlGuideForHuman_0572 since it is negative ontrol genes. 
INFO  @ Fri, 28 Aug 2026 21:03:15:   Suppressing the output of gene NonTargetingControlGuideForHuman_0882 since it is negative ontrol genes. 
INFO  @ Fri, 28 Aug 2026 21:03:15:   Suppressing the output of gene NonTargetingControlGuideForHuman_0975 since it is negative ontrol genes. 
INFO  @ Fri, 28 Aug 2026 21:03:15:   Suppressing the output of gene NonTargetingControlGuideForHuman_0850 since it is negative ontrol genes. 
INFO  @ Fri, 28 Aug 2026 21:03:15:   Suppressing the output of gene NonTargetingControlGuideForHuman_0344 since it is negative ontrol genes. 
INFO  @ Fri, 28 Aug 2026 21:03:15:   Suppressing the output of gene NonTargetingControlGuideForHuman_0227 since it is negative ontrol genes. 
INFO  @ Fri, 28 Aug 2026 21:03:15:   Suppressing the output of gene NonTargetingControlGuideForHuman_0377 since it is negative ontrol genes. 
INFO  @ Fri, 28 Aug 2026 21:03:15:   Suppressing the output of gene NonTargetingControlGuideForHuman_0563 since it is negative ontrol genes. 
INFO  @ Fri, 28 Aug 2026 21:03:15:   Suppressing the output of gene NonTargetingControlGuideForHuman_0944 since it is negative ontrol genes. 
INFO  @ Fri, 28 Aug 2026 21:03:15:   Suppressing the output of gene NonTargetingControlGuideForHuman_0446 since it is negative ontrol genes. 
INFO  @ Fri, 28 Aug 2026 21:03:15:   Suppressing the output of gene NonTargetingControlGuideForHuman_0772 since it is negative ontrol genes. 
INFO  @ Fri, 28 Aug 2026 21:03:15:   Suppressing the output of gene NonTargetingControlGuideForHuman_0981 since it is negative ontrol genes. 
INFO  @ Fri, 28 Aug 2026 21:03:15:   Suppressing the output of gene NonTargetingControlGuideForHuman_0507 since it is negative ontrol genes. 
INFO  @ Fri, 28 Aug 2026 21:03:15:   Suppressing the output of gene NonTargetingControlGuideForHuman_0504 since it is negative ontrol genes. 
INFO  @ Fri, 28 Aug 2026 21:03:15:   Suppressing the output of gene NonTargetingControlGuideForHuman_0006 since it is negative ontrol genes. 
INFO  @ Fri, 28 Aug 2026 21:03:15:   Suppressing the output of gene NonTargetingControlGuideForHuman_0876 since it is negative ontrol genes. 
INFO  @ Fri, 28 Aug 2026 21:03:15:   Suppressing the output of gene NonTargetingControlGuideForHuman_0629 since it is negative ontrol genes. 
INFO  @ Fri, 28 Aug 2026 21:03:15:   Suppressing the output of gene NonTargetingControlGuideForHuman_0682 since it is negative ontrol genes. 
INFO  @ Fri, 28 Aug 2026 21:03:15:   Suppressing the output of gene NonTargetingControlGuideForHuman_0949 since it is negative ontrol genes. 
INFO  @ Fri, 28 Aug 2026 21:03:15:   Suppressing the output of gene NonTargetingControlGuideForHuman_0703 since it is negative ontrol genes. 
INFO  @ Fri, 28 Aug 2026 21:03:15:   Suppressing the output of gene NonTargetingControlGuideForHuman_0650 since it is negative ontrol genes. 
INFO  @ Fri, 28 Aug 2026 21:03:15:   Suppressing the output of gene NonTargetingControlGuideForHuman_0992 since it is negative ontrol genes. 
INFO  @ Fri, 28 Aug 2026 21:03:15:   Suppressing the output of gene NonTargetingControlGuideForHuman_0008 since it is negative ontrol genes. 
INFO  @ Fri, 28 Aug 2026 21:03:15:   Suppressing the output of gene NonTargetingControlGuideForHuman_0106 since it is negative ontrol genes. 
INFO  @ Fri, 28 Aug 2026 21:03:15:   Suppressing the output of gene NonTargetingControlGuideForHuman_0473 since it is negative ontrol genes. 
INFO  @ Fri, 28 Aug 2026 21:03:15:   Suppressing the output of gene NonTargetingControlGuideForHuman_0171 since it is negative ontrol genes. 
INFO  @ Fri, 28 Aug 2026 21:03:15:   Suppressing the output of gene NonTargetingControlGuideForHuman_0937 since it is negative ontrol genes. 
INFO  @ Fri, 28 Aug 2026 21:03:15:   Suppressing the output of gene NonTargetingControlGuideForHuman_0575 since it is negative ontrol genes. 
INFO  @ Fri, 28 Aug 2026 21:03:15:   Suppressing the output of gene NonTargetingControlGuideForHuman_0827 since it is negative ontrol genes. 
INFO  @ Fri, 28 Aug 2026 21:03:15:   Suppressing the output of gene NonTargetingControlGuideForHuman_0428 since it is negative ontrol genes. 
INFO  @ Fri, 28 Aug 2026 21:03:15:   Suppressing the output of gene NonTargetingControlGuideForHuman_0932 since it is negative ontrol genes. 
INFO  @ Fri, 28 Aug 2026 21:03:15:   Suppressing the output of gene NonTargetingControlGuideForHuman_0084 since it is negative ontrol genes. 
INFO  @ Fri, 28 Aug 2026 21:03:15:   Suppressing the output of gene NonTargetingControlGuideForHuman_0100 since it is negative ontrol genes. 
INFO  @ Fri, 28 Aug 2026 21:03:15:   Suppressing the output of gene NonTargetingControlGuideForHuman_0332 since it is negative ontrol genes. 
INFO  @ Fri, 28 Aug 2026 21:03:15:   Suppressing the output of gene NonTargetingControlGuideForHuman_0131 since it is negative ontrol genes. 
INFO  @ Fri, 28 Aug 2026 21:03:15:   Suppressing the output of gene NonTargetingControlGuideForHuman_0475 since it is negative ontrol genes. 
INFO  @ Fri, 28 Aug 2026 21:03:15:   Suppressing the output of gene NonTargetingControlGuideForHuman_0447 since it is negative ontrol genes. 
INFO  @ Fri, 28 Aug 2026 21:03:15:   Suppressing the output of gene NonTargetingControlGuideForHuman_0117 since it is negative ontrol genes. 
INFO  @ Fri, 28 Aug 2026 21:03:15:   Suppressing the output of gene NonTargetingControlGuideForHuman_0843 since it is negative ontrol genes. 
INFO  @ Fri, 28 Aug 2026 21:03:15:   Suppressing the output of gene NonTargetingControlGuideForHuman_0551 since it is negative ontrol genes. 
INFO  @ Fri, 28 Aug 2026 21:03:15:   Suppressing the output of gene NonTargetingControlGuideForHuman_0066 since it is negative ontrol genes. 
INFO  @ Fri, 28 Aug 2026 21:03:15:   Suppressing the output of gene NonTargetingControlGuideForHuman_0481 since it is negative ontrol genes. 
INFO  @ Fri, 28 Aug 2026 21:03:15:   Suppressing the output of gene NonTargetingControlGuideForHuman_0345 since it is negative ontrol genes. 
INFO  @ Fri, 28 Aug 2026 21:03:15:   Suppressing the output of gene NonTargetingControlGuideForHuman_0459 since it is negative ontrol genes. 
INFO  @ Fri, 28 Aug 2026 21:03:15:   Suppressing the output of gene NonTargetingControlGuideForHuman_0779 since it is negative ontrol genes. 
INFO  @ Fri, 28 Aug 2026 21:03:15:   Suppressing the output of gene NonTargetingControlGuideForHuman_0192 since it is negative ontrol genes. 
INFO  @ Fri, 28 Aug 2026 21:03:15:   Suppressing the output of gene NonTargetingControlGuideForHuman_0029 since it is negative ontrol genes. 
INFO  @ Fri, 28 Aug 2026 21:03:15:   Suppressing the output of gene NonTargetingControlGuideForHuman_0299 since it is negative ontrol genes. 
INFO  @ Fri, 28 Aug 2026 21:03:15:   Suppressing the output of gene NonTargetingControlGuideForHuman_0456 since it is negative ontrol genes. 
INFO  @ Fri, 28 Aug 2026 21:03:15:   Suppressing the output of gene NonTargetingControlGuideForHuman_0468 since it is negative ontrol genes. 
INFO  @ Fri, 28 Aug 2026 21:03:15:   Suppressing the output of gene NonTargetingControlGuideForHuman_0804 since it is negative ontrol genes. 
INFO  @ Fri, 28 Aug 2026 21:03:15:   Suppressing the output of gene NonTargetingControlGuideForHuman_0136 since it is negative ontrol genes. 
INFO  @ Fri, 28 Aug 2026 21:03:15:   Suppressing the output of gene NonTargetingControlGuideForHuman_0647 since it is negative ontrol genes. 
INFO  @ Fri, 28 Aug 2026 21:03:15:   Suppressing the output of gene NonTargetingControlGuideForHuman_0895 since it is negative ontrol genes. 
INFO  @ Fri, 28 Aug 2026 21:03:15:   Suppressing the output of gene NonTargetingControlGuideForHuman_0211 since it is negative ontrol genes. 
INFO  @ Fri, 28 Aug 2026 21:03:15:   Suppressing the output of gene NonTargetingControlGuideForHuman_0667 since it is negative ontrol genes. 
INFO  @ Fri, 28 Aug 2026 21:03:15:   Suppressing the output of gene NonTargetingControlGuideForHuman_0178 since it is negative ontrol genes. 
INFO  @ Fri, 28 Aug 2026 21:03:15:   Suppressing the output of gene NonTargetingControlGuideForHuman_0016 since it is negative ontrol genes. 
INFO  @ Fri, 28 Aug 2026 21:03:15:   Suppressing the output of gene NonTargetingControlGuideForHuman_0736 since it is negative ontrol genes. 
INFO  @ Fri, 28 Aug 2026 21:03:15:   Suppressing the output of gene NonTargetingControlGuideForHuman_0461 since it is negative ontrol genes. 
INFO  @ Fri, 28 Aug 2026 21:03:15:   Suppressing the output of gene NonTargetingControlGuideForHuman_0793 since it is negative ontrol genes. 
INFO  @ Fri, 28 Aug 2026 21:03:15:   Suppressing the output of gene NonTargetingControlGuideForHuman_0936 since it is negative ontrol genes. 
INFO  @ Fri, 28 Aug 2026 21:03:15:   Suppressing the output of gene NonTargetingControlGuideForHuman_0425 since it is negative ontrol genes. 
INFO  @ Fri, 28 Aug 2026 21:03:15:   Suppressing the output of gene NonTargetingControlGuideForHuman_0998 since it is negative ontrol genes. 
INFO  @ Fri, 28 Aug 2026 21:03:15:   Suppressing the output of gene NonTargetingControlGuideForHuman_0625 since it is negative ontrol genes. 
INFO  @ Fri, 28 Aug 2026 21:03:15:   Suppressing the output of gene NonTargetingControlGuideForHuman_0302 since it is negative ontrol genes. 
INFO  @ Fri, 28 Aug 2026 21:03:15:   Suppressing the output of gene NonTargetingControlGuideForHuman_0319 since it is negative ontrol genes. 
INFO  @ Fri, 28 Aug 2026 21:03:15:   Suppressing the output of gene NonTargetingControlGuideForHuman_0902 since it is negative ontrol genes. 
INFO  @ Fri, 28 Aug 2026 21:03:15:   Suppressing the output of gene NonTargetingControlGuideForHuman_0002 since it is negative ontrol genes. 
INFO  @ Fri, 28 Aug 2026 21:03:15:   Suppressing the output of gene NonTargetingControlGuideForHuman_0074 since it is negative ontrol genes. 
INFO  @ Fri, 28 Aug 2026 21:03:15:   Suppressing the output of gene NonTargetingControlGuideForHuman_0603 since it is negative ontrol genes. 
INFO  @ Fri, 28 Aug 2026 21:03:15:   Suppressing the output of gene NonTargetingControlGuideForHuman_0523 since it is negative ontrol genes. 
INFO  @ Fri, 28 Aug 2026 21:03:15:   Suppressing the output of gene NonTargetingControlGuideForHuman_0260 since it is negative ontrol genes. 
INFO  @ Fri, 28 Aug 2026 21:03:15:   Suppressing the output of gene NonTargetingControlGuideForHuman_0907 since it is negative ontrol genes. 
INFO  @ Fri, 28 Aug 2026 21:03:15:   Suppressing the output of gene NonTargetingControlGuideForHuman_0484 since it is negative ontrol genes. 
INFO  @ Fri, 28 Aug 2026 21:03:15:   Suppressing the output of gene NonTargetingControlGuideForHuman_0660 since it is negative ontrol genes. 
INFO  @ Fri, 28 Aug 2026 21:03:15:   Suppressing the output of gene NonTargetingControlGuideForHuman_0048 since it is negative ontrol genes. 
INFO  @ Fri, 28 Aug 2026 21:03:15:   Suppressing the output of gene NonTargetingControlGuideForHuman_0187 since it is negative ontrol genes. 
INFO  @ Fri, 28 Aug 2026 21:03:15:   Suppressing the output of gene NonTargetingControlGuideForHuman_0338 since it is negative ontrol genes. 
INFO  @ Fri, 28 Aug 2026 21:03:15:   Suppressing the output of gene NonTargetingControlGuideForHuman_0272 since it is negative ontrol genes. 
INFO  @ Fri, 28 Aug 2026 21:03:15:   Suppressing the output of gene NonTargetingControlGuideForHuman_0023 since it is negative ontrol genes. 
INFO  @ Fri, 28 Aug 2026 21:03:15:   Suppressing the output of gene NonTargetingControlGuideForHuman_0689 since it is negative ontrol genes. 
INFO  @ Fri, 28 Aug 2026 21:03:15:   Suppressing the output of gene NonTargetingControlGuideForHuman_0886 since it is negative ontrol genes. 
INFO  @ Fri, 28 Aug 2026 21:03:15:   Suppressing the output of gene NonTargetingControlGuideForHuman_0265 since it is negative ontrol genes. 
INFO  @ Fri, 28 Aug 2026 21:03:15:   Suppressing the output of gene NonTargetingControlGuideForHuman_0465 since it is negative ontrol genes. 
INFO  @ Fri, 28 Aug 2026 21:03:15:   Suppressing the output of gene NonTargetingControlGuideForHuman_0951 since it is negative ontrol genes. 
INFO  @ Fri, 28 Aug 2026 21:03:15:   Suppressing the output of gene NonTargetingControlGuideForHuman_0997 since it is negative ontrol genes. 
INFO  @ Fri, 28 Aug 2026 21:03:15:   Suppressing the output of gene NonTargetingControlGuideForHuman_0052 since it is negative ontrol genes. 
INFO  @ Fri, 28 Aug 2026 21:03:15:   Suppressing the output of gene NonTargetingControlGuideForHuman_0642 since it is negative ontrol genes. 
INFO  @ Fri, 28 Aug 2026 21:03:15:   Suppressing the output of gene NonTargetingControlGuideForHuman_0741 since it is negative ontrol genes. 
INFO  @ Fri, 28 Aug 2026 21:03:15:   Suppressing the output of gene NonTargetingControlGuideForHuman_0237 since it is negative ontrol genes. 
INFO  @ Fri, 28 Aug 2026 21:03:15:   Suppressing the output of gene NonTargetingControlGuideForHuman_0444 since it is negative ontrol genes. 
INFO  @ Fri, 28 Aug 2026 21:03:15:   Suppressing the output of gene NonTargetingControlGuideForHuman_0109 since it is negative ontrol genes. 
INFO  @ Fri, 28 Aug 2026 21:03:15:   Suppressing the output of gene NonTargetingControlGuideForHuman_0266 since it is negative ontrol genes. 
INFO  @ Fri, 28 Aug 2026 21:03:15:   Suppressing the output of gene NonTargetingControlGuideForHuman_0057 since it is negative ontrol genes. 
INFO  @ Fri, 28 Aug 2026 21:03:15:   Suppressing the output of gene NonTargetingControlGuideForHuman_0214 since it is negative ontrol genes. 
INFO  @ Fri, 28 Aug 2026 21:03:15:   Suppressing the output of gene NonTargetingControlGuideForHuman_0137 since it is negative ontrol genes. 
INFO  @ Fri, 28 Aug 2026 21:03:15:   Suppressing the output of gene NonTargetingControlGuideForHuman_0140 since it is negative ontrol genes. 
INFO  @ Fri, 28 Aug 2026 21:03:15:   Suppressing the output of gene NonTargetingControlGuideForHuman_0831 since it is negative ontrol genes. 
INFO  @ Fri, 28 Aug 2026 21:03:15:   Suppressing the output of gene NonTargetingControlGuideForHuman_0017 since it is negative ontrol genes. 
INFO  @ Fri, 28 Aug 2026 21:03:15:   Suppressing the output of gene NonTargetingControlGuideForHuman_0363 since it is negative ontrol genes. 
INFO  @ Fri, 28 Aug 2026 21:03:15:   Suppressing the output of gene NonTargetingControlGuideForHuman_0287 since it is negative ontrol genes. 
INFO  @ Fri, 28 Aug 2026 21:03:15:   Suppressing the output of gene NonTargetingControlGuideForHuman_0969 since it is negative ontrol genes. 
INFO  @ Fri, 28 Aug 2026 21:03:15:   Suppressing the output of gene NonTargetingControlGuideForHuman_0900 since it is negative ontrol genes. 
INFO  @ Fri, 28 Aug 2026 21:03:15:   Suppressing the output of gene NonTargetingControlGuideForHuman_0412 since it is negative ontrol genes. 
INFO  @ Fri, 28 Aug 2026 21:03:15:   Suppressing the output of gene NonTargetingControlGuideForHuman_0701 since it is negative ontrol genes. 
INFO  @ Fri, 28 Aug 2026 21:03:15:   Suppressing the output of gene NonTargetingControlGuideForHuman_0161 since it is negative ontrol genes. 
INFO  @ Fri, 28 Aug 2026 21:03:15:   Suppressing the output of gene NonTargetingControlGuideForHuman_0841 since it is negative ontrol genes. 
INFO  @ Fri, 28 Aug 2026 21:03:15:   Suppressing the output of gene NonTargetingControlGuideForHuman_0271 since it is negative ontrol genes. 
INFO  @ Fri, 28 Aug 2026 21:03:15:   Suppressing the output of gene NonTargetingControlGuideForHuman_0929 since it is negative ontrol genes. 
INFO  @ Fri, 28 Aug 2026 21:03:15:   Suppressing the output of gene NonTargetingControlGuideForHuman_0510 since it is negative ontrol genes. 
INFO  @ Fri, 28 Aug 2026 21:03:15:   Suppressing the output of gene NonTargetingControlGuideForHuman_0451 since it is negative ontrol genes. 
INFO  @ Fri, 28 Aug 2026 21:03:15:   Suppressing the output of gene NonTargetingControlGuideForHuman_0055 since it is negative ontrol genes. 
INFO  @ Fri, 28 Aug 2026 21:03:15:   Suppressing the output of gene NonTargetingControlGuideForHuman_0934 since it is negative ontrol genes. 
INFO  @ Fri, 28 Aug 2026 21:03:15:   Suppressing the output of gene NonTargetingControlGuideForHuman_0170 since it is negative ontrol genes. 
INFO  @ Fri, 28 Aug 2026 21:03:15:   Suppressing the output of gene NonTargetingControlGuideForHuman_0608 since it is negative ontrol genes. 
INFO  @ Fri, 28 Aug 2026 21:03:15:   Suppressing the output of gene NonTargetingControlGuideForHuman_0962 since it is negative ontrol genes. 
INFO  @ Fri, 28 Aug 2026 21:03:15:   Suppressing the output of gene NonTargetingControlGuideForHuman_0028 since it is negative ontrol genes. 
INFO  @ Fri, 28 Aug 2026 21:03:15:   Suppressing the output of gene NonTargetingControlGuideForHuman_0787 since it is negative ontrol genes. 
INFO  @ Fri, 28 Aug 2026 21:03:15:   Suppressing the output of gene NonTargetingControlGuideForHuman_0649 since it is negative ontrol genes. 
INFO  @ Fri, 28 Aug 2026 21:03:15:   Suppressing the output of gene NonTargetingControlGuideForHuman_0128 since it is negative ontrol genes. 
INFO  @ Fri, 28 Aug 2026 21:03:15:   Suppressing the output of gene NonTargetingControlGuideForHuman_0814 since it is negative ontrol genes. 
INFO  @ Fri, 28 Aug 2026 21:03:15:   Suppressing the output of gene NonTargetingControlGuideForHuman_0120 since it is negative ontrol genes. 
INFO  @ Fri, 28 Aug 2026 21:03:15:   Suppressing the output of gene NonTargetingControlGuideForHuman_0590 since it is negative ontrol genes. 
INFO  @ Fri, 28 Aug 2026 21:03:15:   Suppressing the output of gene NonTargetingControlGuideForHuman_0776 since it is negative ontrol genes. 
INFO  @ Fri, 28 Aug 2026 21:03:15:   Suppressing the output of gene NonTargetingControlGuideForHuman_0724 since it is negative ontrol genes. 
INFO  @ Fri, 28 Aug 2026 21:03:15:   Suppressing the output of gene NonTargetingControlGuideForHuman_0186 since it is negative ontrol genes. 
INFO  @ Fri, 28 Aug 2026 21:03:15:   Suppressing the output of gene NonTargetingControlGuideForHuman_0977 since it is negative ontrol genes. 
INFO  @ Fri, 28 Aug 2026 21:03:15:   Suppressing the output of gene NonTargetingControlGuideForHuman_0485 since it is negative ontrol genes. 
INFO  @ Fri, 28 Aug 2026 21:03:15:   Suppressing the output of gene NonTargetingControlGuideForHuman_0545 since it is negative ontrol genes. 
INFO  @ Fri, 28 Aug 2026 21:03:15:   Suppressing the output of gene NonTargetingControlGuideForHuman_0026 since it is negative ontrol genes. 
INFO  @ Fri, 28 Aug 2026 21:03:15:   Suppressing the output of gene NonTargetingControlGuideForHuman_0047 since it is negative ontrol genes. 
INFO  @ Fri, 28 Aug 2026 21:03:15:   Suppressing the output of gene NonTargetingControlGuideForHuman_0244 since it is negative ontrol genes. 
INFO  @ Fri, 28 Aug 2026 21:03:15:   Suppressing the output of gene NonTargetingControlGuideForHuman_0659 since it is negative ontrol genes. 
INFO  @ Fri, 28 Aug 2026 21:03:15:   Suppressing the output of gene NonTargetingControlGuideForHuman_0805 since it is negative ontrol genes. 
INFO  @ Fri, 28 Aug 2026 21:03:15:   Suppressing the output of gene NonTargetingControlGuideForHuman_0248 since it is negative ontrol genes. 
INFO  @ Fri, 28 Aug 2026 21:03:15:   Suppressing the output of gene NonTargetingControlGuideForHuman_0347 since it is negative ontrol genes. 
INFO  @ Fri, 28 Aug 2026 21:03:15:   Suppressing the output of gene NonTargetingControlGuideForHuman_0304 since it is negative ontrol genes. 
INFO  @ Fri, 28 Aug 2026 21:03:15:   Suppressing the output of gene NonTargetingControlGuideForHuman_0820 since it is negative ontrol genes. 
INFO  @ Fri, 28 Aug 2026 21:03:15:   Suppressing the output of gene NonTargetingControlGuideForHuman_0115 since it is negative ontrol genes. 
INFO  @ Fri, 28 Aug 2026 21:03:15:   Suppressing the output of gene NonTargetingControlGuideForHuman_0243 since it is negative ontrol genes. 
INFO  @ Fri, 28 Aug 2026 21:03:15:   Suppressing the output of gene NonTargetingControlGuideForHuman_0024 since it is negative ontrol genes. 
INFO  @ Fri, 28 Aug 2026 21:03:15:   Suppressing the output of gene NonTargetingControlGuideForHuman_0522 since it is negative ontrol genes. 
INFO  @ Fri, 28 Aug 2026 21:03:15:   Suppressing the output of gene NonTargetingControlGuideForHuman_0353 since it is negative ontrol genes. 
INFO  @ Fri, 28 Aug 2026 21:03:15:   Suppressing the output of gene NonTargetingControlGuideForHuman_0788 since it is negative ontrol genes. 
INFO  @ Fri, 28 Aug 2026 21:03:15:   Suppressing the output of gene NonTargetingControlGuideForHuman_0210 since it is negative ontrol genes. 
INFO  @ Fri, 28 Aug 2026 21:03:15:   Suppressing the output of gene NonTargetingControlGuideForHuman_0004 since it is negative ontrol genes. 
INFO  @ Fri, 28 Aug 2026 21:03:15:   Suppressing the output of gene NonTargetingControlGuideForHuman_0530 since it is negative ontrol genes. 
INFO  @ Fri, 28 Aug 2026 21:03:15:   Suppressing the output of gene NonTargetingControlGuideForHuman_0351 since it is negative ontrol genes. 
INFO  @ Fri, 28 Aug 2026 21:03:15:   Suppressing the output of gene NonTargetingControlGuideForHuman_0283 since it is negative ontrol genes. 
INFO  @ Fri, 28 Aug 2026 21:03:15:   Suppressing the output of gene NonTargetingControlGuideForHuman_0531 since it is negative ontrol genes. 
INFO  @ Fri, 28 Aug 2026 21:03:15:   Suppressing the output of gene NonTargetingControlGuideForHuman_0398 since it is negative ontrol genes. 
INFO  @ Fri, 28 Aug 2026 21:03:15:   Suppressing the output of gene NonTargetingControlGuideForHuman_0415 since it is negative ontrol genes. 
INFO  @ Fri, 28 Aug 2026 21:03:15:   Suppressing the output of gene NonTargetingControlGuideForHuman_0110 since it is negative ontrol genes. 
INFO  @ Fri, 28 Aug 2026 21:03:15:   Suppressing the output of gene NonTargetingControlGuideForHuman_0112 since it is negative ontrol genes. 
INFO  @ Fri, 28 Aug 2026 21:03:15:   Suppressing the output of gene NonTargetingControlGuideForHuman_0404 since it is negative ontrol genes. 
INFO  @ Fri, 28 Aug 2026 21:03:15:   Suppressing the output of gene NonTargetingControlGuideForHuman_0672 since it is negative ontrol genes. 
INFO  @ Fri, 28 Aug 2026 21:03:15:   Suppressing the output of gene NonTargetingControlGuideForHuman_0207 since it is negative ontrol genes. 
INFO  @ Fri, 28 Aug 2026 21:03:15:   Suppressing the output of gene NonTargetingControlGuideForHuman_0147 since it is negative ontrol genes. 
INFO  @ Fri, 28 Aug 2026 21:03:15:   Suppressing the output of gene NonTargetingControlGuideForHuman_0458 since it is negative ontrol genes. 
INFO  @ Fri, 28 Aug 2026 21:03:15:   Suppressing the output of gene NonTargetingControlGuideForHuman_0727 since it is negative ontrol genes. 
INFO  @ Fri, 28 Aug 2026 21:03:15:   Suppressing the output of gene NonTargetingControlGuideForHuman_0723 since it is negative ontrol genes. 
INFO  @ Fri, 28 Aug 2026 21:03:15:   Suppressing the output of gene NonTargetingControlGuideForHuman_0754 since it is negative ontrol genes. 
INFO  @ Fri, 28 Aug 2026 21:03:15:   Suppressing the output of gene NonTargetingControlGuideForHuman_0153 since it is negative ontrol genes. 
INFO  @ Fri, 28 Aug 2026 21:03:15:   Suppressing the output of gene NonTargetingControlGuideForHuman_0786 since it is negative ontrol genes. 
INFO  @ Fri, 28 Aug 2026 21:03:15:   Suppressing the output of gene NonTargetingControlGuideForHuman_0634 since it is negative ontrol genes. 
INFO  @ Fri, 28 Aug 2026 21:03:15:   Suppressing the output of gene NonTargetingControlGuideForHuman_0391 since it is negative ontrol genes. 
INFO  @ Fri, 28 Aug 2026 21:03:15:   Suppressing the output of gene NonTargetingControlGuideForHuman_0903 since it is negative ontrol genes. 
INFO  @ Fri, 28 Aug 2026 21:03:15:   Suppressing the output of gene NonTargetingControlGuideForHuman_0768 since it is negative ontrol genes. 
INFO  @ Fri, 28 Aug 2026 21:03:15:   Suppressing the output of gene NonTargetingControlGuideForHuman_0722 since it is negative ontrol genes. 
INFO  @ Fri, 28 Aug 2026 21:03:15:   Suppressing the output of gene NonTargetingControlGuideForHuman_0476 since it is negative ontrol genes. 
INFO  @ Fri, 28 Aug 2026 21:03:15:   Suppressing the output of gene NonTargetingControlGuideForHuman_0552 since it is negative ontrol genes. 
INFO  @ Fri, 28 Aug 2026 21:03:15:   Suppressing the output of gene NonTargetingControlGuideForHuman_0175 since it is negative ontrol genes. 
INFO  @ Fri, 28 Aug 2026 21:03:15:   Suppressing the output of gene NonTargetingControlGuideForHuman_0984 since it is negative ontrol genes. 
INFO  @ Fri, 28 Aug 2026 21:03:15:   Suppressing the output of gene NonTargetingControlGuideForHuman_0144 since it is negative ontrol genes. 
INFO  @ Fri, 28 Aug 2026 21:03:15:   Suppressing the output of gene NonTargetingControlGuideForHuman_0466 since it is negative ontrol genes. 
INFO  @ Fri, 28 Aug 2026 21:03:15:   Suppressing the output of gene NonTargetingControlGuideForHuman_0125 since it is negative ontrol genes. 
INFO  @ Fri, 28 Aug 2026 21:03:15:   Suppressing the output of gene NonTargetingControlGuideForHuman_0744 since it is negative ontrol genes. 
INFO  @ Fri, 28 Aug 2026 21:03:15:   Suppressing the output of gene NonTargetingControlGuideForHuman_0715 since it is negative ontrol genes. 
INFO  @ Fri, 28 Aug 2026 21:03:15:   Suppressing the output of gene NonTargetingControlGuideForHuman_0964 since it is negative ontrol genes. 
INFO  @ Fri, 28 Aug 2026 21:03:15:   Suppressing the output of gene NonTargetingControlGuideForHuman_0758 since it is negative ontrol genes. 
INFO  @ Fri, 28 Aug 2026 21:03:15:   Suppressing the output of gene NonTargetingControlGuideForHuman_0190 since it is negative ontrol genes. 
INFO  @ Fri, 28 Aug 2026 21:03:15:   Suppressing the output of gene NonTargetingControlGuideForHuman_0101 since it is negative ontrol genes. 
INFO  @ Fri, 28 Aug 2026 21:03:15:   Suppressing the output of gene NonTargetingControlGuideForHuman_0645 since it is negative ontrol genes. 
INFO  @ Fri, 28 Aug 2026 21:03:15:   Suppressing the output of gene NonTargetingControlGuideForHuman_0743 since it is negative ontrol genes. 
INFO  @ Fri, 28 Aug 2026 21:03:15:   Suppressing the output of gene NonTargetingControlGuideForHuman_0842 since it is negative ontrol genes. 
INFO  @ Fri, 28 Aug 2026 21:03:15:   Suppressing the output of gene NonTargetingControlGuideForHuman_0426 since it is negative ontrol genes. 
INFO  @ Fri, 28 Aug 2026 21:03:15:   Suppressing the output of gene NonTargetingControlGuideForHuman_0760 since it is negative ontrol genes. 
INFO  @ Fri, 28 Aug 2026 21:03:15:   Suppressing the output of gene NonTargetingControlGuideForHuman_0791 since it is negative ontrol genes. 
INFO  @ Fri, 28 Aug 2026 21:03:15:   Suppressing the output of gene NonTargetingControlGuideForHuman_0824 since it is negative ontrol genes. 
INFO  @ Fri, 28 Aug 2026 21:03:15:   Suppressing the output of gene NonTargetingControlGuideForHuman_0213 since it is negative ontrol genes. 
INFO  @ Fri, 28 Aug 2026 21:03:15:   Suppressing the output of gene NonTargetingControlGuideForHuman_0050 since it is negative ontrol genes. 
INFO  @ Fri, 28 Aug 2026 21:03:15:   Suppressing the output of gene NonTargetingControlGuideForHuman_0883 since it is negative ontrol genes. 
INFO  @ Fri, 28 Aug 2026 21:03:15:   Suppressing the output of gene NonTargetingControlGuideForHuman_0007 since it is negative ontrol genes. 
INFO  @ Fri, 28 Aug 2026 21:03:15:   Suppressing the output of gene NonTargetingControlGuideForHuman_0913 since it is negative ontrol genes. 
INFO  @ Fri, 28 Aug 2026 21:03:15:   Suppressing the output of gene NonTargetingControlGuideForHuman_0386 since it is negative ontrol genes. 
INFO  @ Fri, 28 Aug 2026 21:03:15:   Suppressing the output of gene NonTargetingControlGuideForHuman_0378 since it is negative ontrol genes. 
INFO  @ Fri, 28 Aug 2026 21:03:15:   Suppressing the output of gene NonTargetingControlGuideForHuman_0978 since it is negative ontrol genes. 
INFO  @ Fri, 28 Aug 2026 21:03:15:   Suppressing the output of gene NonTargetingControlGuideForHuman_0381 since it is negative ontrol genes. 
INFO  @ Fri, 28 Aug 2026 21:03:15:   Suppressing the output of gene NonTargetingControlGuideForHuman_0281 since it is negative ontrol genes. 
INFO  @ Fri, 28 Aug 2026 21:03:15:   Suppressing the output of gene NonTargetingControlGuideForHuman_0443 since it is negative ontrol genes. 
INFO  @ Fri, 28 Aug 2026 21:03:15:   Suppressing the output of gene NonTargetingControlGuideForHuman_0643 since it is negative ontrol genes. 
INFO  @ Fri, 28 Aug 2026 21:03:15:   Suppressing the output of gene NonTargetingControlGuideForHuman_0083 since it is negative ontrol genes. 
INFO  @ Fri, 28 Aug 2026 21:03:15:   Suppressing the output of gene NonTargetingControlGuideForHuman_0285 since it is negative ontrol genes. 
INFO  @ Fri, 28 Aug 2026 21:03:15:   Suppressing the output of gene NonTargetingControlGuideForHuman_0095 since it is negative ontrol genes. 
INFO  @ Fri, 28 Aug 2026 21:03:15:   Suppressing the output of gene NonTargetingControlGuideForHuman_0762 since it is negative ontrol genes. 
INFO  @ Fri, 28 Aug 2026 21:03:15:   Suppressing the output of gene NonTargetingControlGuideForHuman_0654 since it is negative ontrol genes. 
INFO  @ Fri, 28 Aug 2026 21:03:15:   Suppressing the output of gene NonTargetingControlGuideForHuman_0122 since it is negative ontrol genes. 
INFO  @ Fri, 28 Aug 2026 21:03:15:   Suppressing the output of gene NonTargetingControlGuideForHuman_0151 since it is negative ontrol genes. 
INFO  @ Fri, 28 Aug 2026 21:03:15:   Suppressing the output of gene NonTargetingControlGuideForHuman_0486 since it is negative ontrol genes. 
INFO  @ Fri, 28 Aug 2026 21:03:15:   Suppressing the output of gene NonTargetingControlGuideForHuman_0501 since it is negative ontrol genes. 
INFO  @ Fri, 28 Aug 2026 21:03:15:   Suppressing the output of gene NonTargetingControlGuideForHuman_0360 since it is negative ontrol genes. 
INFO  @ Fri, 28 Aug 2026 21:03:15:   Suppressing the output of gene NonTargetingControlGuideForHuman_0952 since it is negative ontrol genes. 
INFO  @ Fri, 28 Aug 2026 21:03:15:   Suppressing the output of gene NonTargetingControlGuideForHuman_0209 since it is negative ontrol genes. 
INFO  @ Fri, 28 Aug 2026 21:03:15:   Suppressing the output of gene NonTargetingControlGuideForHuman_0082 since it is negative ontrol genes. 
INFO  @ Fri, 28 Aug 2026 21:03:15:   Suppressing the output of gene NonTargetingControlGuideForHuman_0858 since it is negative ontrol genes. 
INFO  @ Fri, 28 Aug 2026 21:03:15:   Suppressing the output of gene NonTargetingControlGuideForHuman_0716 since it is negative ontrol genes. 
INFO  @ Fri, 28 Aug 2026 21:03:15:   Suppressing the output of gene NonTargetingControlGuideForHuman_0135 since it is negative ontrol genes. 
INFO  @ Fri, 28 Aug 2026 21:03:15:   Suppressing the output of gene NonTargetingControlGuideForHuman_0044 since it is negative ontrol genes. 
INFO  @ Fri, 28 Aug 2026 21:03:15:   Suppressing the output of gene NonTargetingControlGuideForHuman_0922 since it is negative ontrol genes. 
INFO  @ Fri, 28 Aug 2026 21:03:15:   Suppressing the output of gene NonTargetingControlGuideForHuman_0534 since it is negative ontrol genes. 
INFO  @ Fri, 28 Aug 2026 21:03:15:   Suppressing the output of gene NonTargetingControlGuideForHuman_0356 since it is negative ontrol genes. 
INFO  @ Fri, 28 Aug 2026 21:03:15:   Suppressing the output of gene NonTargetingControlGuideForHuman_0515 since it is negative ontrol genes. 
INFO  @ Fri, 28 Aug 2026 21:03:15:   Suppressing the output of gene NonTargetingControlGuideForHuman_0558 since it is negative ontrol genes. 
INFO  @ Fri, 28 Aug 2026 21:03:15:   Suppressing the output of gene NonTargetingControlGuideForHuman_0088 since it is negative ontrol genes. 
INFO  @ Fri, 28 Aug 2026 21:03:15:   Suppressing the output of gene NonTargetingControlGuideForHuman_0009 since it is negative ontrol genes. 
INFO  @ Fri, 28 Aug 2026 21:03:15:   Suppressing the output of gene NonTargetingControlGuideForHuman_0063 since it is negative ontrol genes. 
INFO  @ Fri, 28 Aug 2026 21:03:15:   Suppressing the output of gene NonTargetingControlGuideForHuman_0376 since it is negative ontrol genes. 
INFO  @ Fri, 28 Aug 2026 21:03:15:   Suppressing the output of gene NonTargetingControlGuideForHuman_0130 since it is negative ontrol genes. 
INFO  @ Fri, 28 Aug 2026 21:03:15:   Suppressing the output of gene NonTargetingControlGuideForHuman_0785 since it is negative ontrol genes. 
INFO  @ Fri, 28 Aug 2026 21:03:15:   Suppressing the output of gene NonTargetingControlGuideForHuman_0254 since it is negative ontrol genes. 
INFO  @ Fri, 28 Aug 2026 21:03:15:   Suppressing the output of gene NonTargetingControlGuideForHuman_0367 since it is negative ontrol genes. 
INFO  @ Fri, 28 Aug 2026 21:03:15:   Suppressing the output of gene NonTargetingControlGuideForHuman_0199 since it is negative ontrol genes. 
INFO  @ Fri, 28 Aug 2026 21:03:15:   Suppressing the output of gene NonTargetingControlGuideForHuman_0597 since it is negative ontrol genes. 
INFO  @ Fri, 28 Aug 2026 21:03:15:   Suppressing the output of gene NonTargetingControlGuideForHuman_0887 since it is negative ontrol genes. 
INFO  @ Fri, 28 Aug 2026 21:03:15:   Suppressing the output of gene NonTargetingControlGuideForHuman_0478 since it is negative ontrol genes. 
INFO  @ Fri, 28 Aug 2026 21:03:15:   Suppressing the output of gene NonTargetingControlGuideForHuman_0060 since it is negative ontrol genes. 
INFO  @ Fri, 28 Aug 2026 21:03:15:   Suppressing the output of gene NonTargetingControlGuideForHuman_0422 since it is negative ontrol genes. 
INFO  @ Fri, 28 Aug 2026 21:03:15:   Suppressing the output of gene NonTargetingControlGuideForHuman_0441 since it is negative ontrol genes. 
INFO  @ Fri, 28 Aug 2026 21:03:15:   Suppressing the output of gene NonTargetingControlGuideForHuman_0680 since it is negative ontrol genes. 
INFO  @ Fri, 28 Aug 2026 21:03:15:   Suppressing the output of gene NonTargetingControlGuideForHuman_0156 since it is negative ontrol genes. 
INFO  @ Fri, 28 Aug 2026 21:03:15:   Suppressing the output of gene NonTargetingControlGuideForHuman_0818 since it is negative ontrol genes. 
INFO  @ Fri, 28 Aug 2026 21:03:15:   Suppressing the output of gene NonTargetingControlGuideForHuman_0068 since it is negative ontrol genes. 
INFO  @ Fri, 28 Aug 2026 21:03:15:   Suppressing the output of gene NonTargetingControlGuideForHuman_0837 since it is negative ontrol genes. 
INFO  @ Fri, 28 Aug 2026 21:03:15:   Suppressing the output of gene NonTargetingControlGuideForHuman_0910 since it is negative ontrol genes. 
INFO  @ Fri, 28 Aug 2026 21:03:15:   Suppressing the output of gene NonTargetingControlGuideForHuman_0573 since it is negative ontrol genes. 
INFO  @ Fri, 28 Aug 2026 21:03:15:   Suppressing the output of gene NonTargetingControlGuideForHuman_0547 since it is negative ontrol genes. 
INFO  @ Fri, 28 Aug 2026 21:03:15:   Suppressing the output of gene NonTargetingControlGuideForHuman_0078 since it is negative ontrol genes. 
INFO  @ Fri, 28 Aug 2026 21:03:15:   Suppressing the output of gene NonTargetingControlGuideForHuman_0056 since it is negative ontrol genes. 
INFO  @ Fri, 28 Aug 2026 21:03:15:   Suppressing the output of gene NonTargetingControlGuideForHuman_0931 since it is negative ontrol genes. 
INFO  @ Fri, 28 Aug 2026 21:03:15:   Suppressing the output of gene NonTargetingControlGuideForHuman_0535 since it is negative ontrol genes. 
INFO  @ Fri, 28 Aug 2026 21:03:15:   Suppressing the output of gene NonTargetingControlGuideForHuman_0605 since it is negative ontrol genes. 
INFO  @ Fri, 28 Aug 2026 21:03:15:   Suppressing the output of gene NonTargetingControlGuideForHuman_0457 since it is negative ontrol genes. 
INFO  @ Fri, 28 Aug 2026 21:03:15:   Suppressing the output of gene NonTargetingControlGuideForHuman_0429 since it is negative ontrol genes. 
INFO  @ Fri, 28 Aug 2026 21:03:15:   Suppressing the output of gene NonTargetingControlGuideForHuman_0188 since it is negative ontrol genes. 
INFO  @ Fri, 28 Aug 2026 21:03:15:   Suppressing the output of gene NonTargetingControlGuideForHuman_0479 since it is negative ontrol genes. 
INFO  @ Fri, 28 Aug 2026 21:03:15:   Suppressing the output of gene NonTargetingControlGuideForHuman_0160 since it is negative ontrol genes. 
INFO  @ Fri, 28 Aug 2026 21:03:15:   Suppressing the output of gene NonTargetingControlGuideForHuman_0324 since it is negative ontrol genes. 
INFO  @ Fri, 28 Aug 2026 21:03:15:   Suppressing the output of gene NonTargetingControlGuideForHuman_0497 since it is negative ontrol genes. 
INFO  @ Fri, 28 Aug 2026 21:03:15:   Suppressing the output of gene NonTargetingControlGuideForHuman_0851 since it is negative ontrol genes. 
INFO  @ Fri, 28 Aug 2026 21:03:15:   Suppressing the output of gene NonTargetingControlGuideForHuman_0607 since it is negative ontrol genes. 
INFO  @ Fri, 28 Aug 2026 21:03:15:   Suppressing the output of gene NonTargetingControlGuideForHuman_0385 since it is negative ontrol genes. 
INFO  @ Fri, 28 Aug 2026 21:03:15:   Suppressing the output of gene NonTargetingControlGuideForHuman_0333 since it is negative ontrol genes. 
INFO  @ Fri, 28 Aug 2026 21:03:15:   Suppressing the output of gene NonTargetingControlGuideForHuman_0323 since it is negative ontrol genes. 
INFO  @ Fri, 28 Aug 2026 21:03:15:   Suppressing the output of gene NonTargetingControlGuideForHuman_0183 since it is negative ontrol genes. 
INFO  @ Fri, 28 Aug 2026 21:03:15:   Suppressing the output of gene NonTargetingControlGuideForHuman_0911 since it is negative ontrol genes. 
INFO  @ Fri, 28 Aug 2026 21:03:15:   Suppressing the output of gene NonTargetingControlGuideForHuman_0114 since it is negative ontrol genes. 
INFO  @ Fri, 28 Aug 2026 21:03:15:   Suppressing the output of gene NonTargetingControlGuideForHuman_0757 since it is negative ontrol genes. 
INFO  @ Fri, 28 Aug 2026 21:03:15:   Suppressing the output of gene NonTargetingControlGuideForHuman_0449 since it is negative ontrol genes. 
INFO  @ Fri, 28 Aug 2026 21:03:15:   Suppressing the output of gene NonTargetingControlGuideForHuman_0417 since it is negative ontrol genes. 
INFO  @ Fri, 28 Aug 2026 21:03:15:   Suppressing the output of gene NonTargetingControlGuideForHuman_0972 since it is negative ontrol genes. 
INFO  @ Fri, 28 Aug 2026 21:03:15:   Suppressing the output of gene NonTargetingControlGuideForHuman_0307 since it is negative ontrol genes. 
INFO  @ Fri, 28 Aug 2026 21:03:15:   Suppressing the output of gene NonTargetingControlGuideForHuman_0777 since it is negative ontrol genes. 
INFO  @ Fri, 28 Aug 2026 21:03:15:   Suppressing the output of gene NonTargetingControlGuideForHuman_0268 since it is negative ontrol genes. 
INFO  @ Fri, 28 Aug 2026 21:03:15:   Suppressing the output of gene NonTargetingControlGuideForHuman_0794 since it is negative ontrol genes. 
INFO  @ Fri, 28 Aug 2026 21:03:15:   Suppressing the output of gene NonTargetingControlGuideForHuman_0015 since it is negative ontrol genes. 
INFO  @ Fri, 28 Aug 2026 21:03:15:   Suppressing the output of gene NonTargetingControlGuideForHuman_0698 since it is negative ontrol genes. 
INFO  @ Fri, 28 Aug 2026 21:03:15:   Suppressing the output of gene NonTargetingControlGuideForHuman_0957 since it is negative ontrol genes. 
INFO  @ Fri, 28 Aug 2026 21:03:15:   Suppressing the output of gene NonTargetingControlGuideForHuman_0222 since it is negative ontrol genes. 
INFO  @ Fri, 28 Aug 2026 21:03:15:   Suppressing the output of gene NonTargetingControlGuideForHuman_0924 since it is negative ontrol genes. 
INFO  @ Fri, 28 Aug 2026 21:03:15:   Suppressing the output of gene NonTargetingControlGuideForHuman_0662 since it is negative ontrol genes. 
INFO  @ Fri, 28 Aug 2026 21:03:15:   Suppressing the output of gene NonTargetingControlGuideForHuman_0121 since it is negative ontrol genes. 
INFO  @ Fri, 28 Aug 2026 21:03:15:   Suppressing the output of gene NonTargetingControlGuideForHuman_0782 since it is negative ontrol genes. 
INFO  @ Fri, 28 Aug 2026 21:03:15:   Suppressing the output of gene NonTargetingControlGuideForHuman_0433 since it is negative ontrol genes. 
INFO  @ Fri, 28 Aug 2026 21:03:15:   Suppressing the output of gene NonTargetingControlGuideForHuman_0267 since it is negative ontrol genes. 
INFO  @ Fri, 28 Aug 2026 21:03:15:   Suppressing the output of gene NonTargetingControlGuideForHuman_0520 since it is negative ontrol genes. 
INFO  @ Fri, 28 Aug 2026 21:03:15:   Suppressing the output of gene NonTargetingControlGuideForHuman_0239 since it is negative ontrol genes. 
INFO  @ Fri, 28 Aug 2026 21:03:15:   Suppressing the output of gene NonTargetingControlGuideForHuman_0697 since it is negative ontrol genes. 
INFO  @ Fri, 28 Aug 2026 21:03:15:   Suppressing the output of gene NonTargetingControlGuideForHuman_0116 since it is negative ontrol genes. 
INFO  @ Fri, 28 Aug 2026 21:03:15:   Suppressing the output of gene NonTargetingControlGuideForHuman_0462 since it is negative ontrol genes. 
INFO  @ Fri, 28 Aug 2026 21:03:15:   Suppressing the output of gene NonTargetingControlGuideForHuman_0708 since it is negative ontrol genes. 
INFO  @ Fri, 28 Aug 2026 21:03:15:   Suppressing the output of gene NonTargetingControlGuideForHuman_0784 since it is negative ontrol genes. 
INFO  @ Fri, 28 Aug 2026 21:03:15:   Suppressing the output of gene NonTargetingControlGuideForHuman_0407 since it is negative ontrol genes. 
INFO  @ Fri, 28 Aug 2026 21:03:15:   Suppressing the output of gene NonTargetingControlGuideForHuman_0392 since it is negative ontrol genes. 
INFO  @ Fri, 28 Aug 2026 21:03:15:   Suppressing the output of gene NonTargetingControlGuideForHuman_0058 since it is negative ontrol genes. 
INFO  @ Fri, 28 Aug 2026 21:03:15:   Suppressing the output of gene NonTargetingControlGuideForHuman_0825 since it is negative ontrol genes. 
INFO  @ Fri, 28 Aug 2026 21:03:15:   Suppressing the output of gene NonTargetingControlGuideForHuman_0382 since it is negative ontrol genes. 
INFO  @ Fri, 28 Aug 2026 21:03:15:   Suppressing the output of gene NonTargetingControlGuideForHuman_0746 since it is negative ontrol genes. 
INFO  @ Fri, 28 Aug 2026 21:03:15:   Suppressing the output of gene NonTargetingControlGuideForHuman_0514 since it is negative ontrol genes. 
INFO  @ Fri, 28 Aug 2026 21:03:15:   Suppressing the output of gene NonTargetingControlGuideForHuman_0218 since it is negative ontrol genes. 
INFO  @ Fri, 28 Aug 2026 21:03:15:   Suppressing the output of gene NonTargetingControlGuideForHuman_0416 since it is negative ontrol genes. 
INFO  @ Fri, 28 Aug 2026 21:03:15:   Suppressing the output of gene NonTargetingControlGuideForHuman_0586 since it is negative ontrol genes. 
INFO  @ Fri, 28 Aug 2026 21:03:15:   Suppressing the output of gene NonTargetingControlGuideForHuman_0278 since it is negative ontrol genes. 
INFO  @ Fri, 28 Aug 2026 21:03:15:   Suppressing the output of gene NonTargetingControlGuideForHuman_0503 since it is negative ontrol genes. 
INFO  @ Fri, 28 Aug 2026 21:03:15:   Suppressing the output of gene NonTargetingControlGuideForHuman_0284 since it is negative ontrol genes. 
INFO  @ Fri, 28 Aug 2026 21:03:15:   Suppressing the output of gene NonTargetingControlGuideForHuman_0720 since it is negative ontrol genes. 
INFO  @ Fri, 28 Aug 2026 21:03:15:   Suppressing the output of gene NonTargetingControlGuideForHuman_0619 since it is negative ontrol genes. 
INFO  @ Fri, 28 Aug 2026 21:03:15:   Suppressing the output of gene NonTargetingControlGuideForHuman_0921 since it is negative ontrol genes. 
INFO  @ Fri, 28 Aug 2026 21:03:15:   Suppressing the output of gene NonTargetingControlGuideForHuman_0557 since it is negative ontrol genes. 
INFO  @ Fri, 28 Aug 2026 21:03:15:   Suppressing the output of gene NonTargetingControlGuideForHuman_0748 since it is negative ontrol genes. 
INFO  @ Fri, 28 Aug 2026 21:03:15:   Suppressing the output of gene NonTargetingControlGuideForHuman_0609 since it is negative ontrol genes. 
INFO  @ Fri, 28 Aug 2026 21:03:15:   Suppressing the output of gene NonTargetingControlGuideForHuman_0679 since it is negative ontrol genes. 
INFO  @ Fri, 28 Aug 2026 21:03:15:   Suppressing the output of gene NonTargetingControlGuideForHuman_0499 since it is negative ontrol genes. 
INFO  @ Fri, 28 Aug 2026 21:03:15:   Suppressing the output of gene NonTargetingControlGuideForHuman_0732 since it is negative ontrol genes. 
INFO  @ Fri, 28 Aug 2026 21:03:15:   Suppressing the output of gene NonTargetingControlGuideForHuman_0651 since it is negative ontrol genes. 
INFO  @ Fri, 28 Aug 2026 21:03:15:   Suppressing the output of gene NonTargetingControlGuideForHuman_0471 since it is negative ontrol genes. 
INFO  @ Fri, 28 Aug 2026 21:03:15:   Suppressing the output of gene NonTargetingControlGuideForHuman_0521 since it is negative ontrol genes. 
INFO  @ Fri, 28 Aug 2026 21:03:15:   Suppressing the output of gene NonTargetingControlGuideForHuman_0734 since it is negative ontrol genes. 
INFO  @ Fri, 28 Aug 2026 21:03:15:   Suppressing the output of gene NonTargetingControlGuideForHuman_0571 since it is negative ontrol genes. 
INFO  @ Fri, 28 Aug 2026 21:03:15:   Suppressing the output of gene NonTargetingControlGuideForHuman_0401 since it is negative ontrol genes. 
INFO  @ Fri, 28 Aug 2026 21:03:15:   Suppressing the output of gene NonTargetingControlGuideForHuman_0273 since it is negative ontrol genes. 
INFO  @ Fri, 28 Aug 2026 21:03:15:   Suppressing the output of gene NonTargetingControlGuideForHuman_0467 since it is negative ontrol genes. 
INFO  @ Fri, 28 Aug 2026 21:03:15:   Suppressing the output of gene NonTargetingControlGuideForHuman_0383 since it is negative ontrol genes. 
INFO  @ Fri, 28 Aug 2026 21:03:15:   Suppressing the output of gene NonTargetingControlGuideForHuman_0953 since it is negative ontrol genes. 
INFO  @ Fri, 28 Aug 2026 21:03:15:   Suppressing the output of gene NonTargetingControlGuideForHuman_0666 since it is negative ontrol genes. 
INFO  @ Fri, 28 Aug 2026 21:03:15:   Suppressing the output of gene NonTargetingControlGuideForHuman_0569 since it is negative ontrol genes. 
INFO  @ Fri, 28 Aug 2026 21:03:15:   Suppressing the output of gene NonTargetingControlGuideForHuman_0454 since it is negative ontrol genes. 
INFO  @ Fri, 28 Aug 2026 21:03:15:   Suppressing the output of gene NonTargetingControlGuideForHuman_0039 since it is negative ontrol genes. 
INFO  @ Fri, 28 Aug 2026 21:03:15:   Suppressing the output of gene NonTargetingControlGuideForHuman_0189 since it is negative ontrol genes. 
INFO  @ Fri, 28 Aug 2026 21:03:15:   Suppressing the output of gene NonTargetingControlGuideForHuman_0498 since it is negative ontrol genes. 
INFO  @ Fri, 28 Aug 2026 21:03:15:   Suppressing the output of gene NonTargetingControlGuideForHuman_0489 since it is negative ontrol genes. 
INFO  @ Fri, 28 Aug 2026 21:03:15:   Suppressing the output of gene NonTargetingControlGuideForHuman_0402 since it is negative ontrol genes. 
INFO  @ Fri, 28 Aug 2026 21:03:15:   Suppressing the output of gene NonTargetingControlGuideForHuman_0778 since it is negative ontrol genes. 
INFO  @ Fri, 28 Aug 2026 21:03:15:   Suppressing the output of gene NonTargetingControlGuideForHuman_0614 since it is negative ontrol genes. 
INFO  @ Fri, 28 Aug 2026 21:03:15:   Suppressing the output of gene NonTargetingControlGuideForHuman_0094 since it is negative ontrol genes. 
INFO  @ Fri, 28 Aug 2026 21:03:15:   Suppressing the output of gene NonTargetingControlGuideForHuman_0923 since it is negative ontrol genes. 
INFO  @ Fri, 28 Aug 2026 21:03:15:   Suppressing the output of gene NonTargetingControlGuideForHuman_0258 since it is negative ontrol genes. 
INFO  @ Fri, 28 Aug 2026 21:03:15:   Suppressing the output of gene NonTargetingControlGuideForHuman_0477 since it is negative ontrol genes. 
INFO  @ Fri, 28 Aug 2026 21:03:15:   Suppressing the output of gene NonTargetingControlGuideForHuman_0638 since it is negative ontrol genes. 
INFO  @ Fri, 28 Aug 2026 21:03:15:   Suppressing the output of gene NonTargetingControlGuideForHuman_0581 since it is negative ontrol genes. 
INFO  @ Fri, 28 Aug 2026 21:03:15:   Suppressing the output of gene NonTargetingControlGuideForHuman_0821 since it is negative ontrol genes. 
INFO  @ Fri, 28 Aug 2026 21:03:15:   Suppressing the output of gene NonTargetingControlGuideForHuman_0303 since it is negative ontrol genes. 
INFO  @ Fri, 28 Aug 2026 21:03:15:   Suppressing the output of gene NonTargetingControlGuideForHuman_0229 since it is negative ontrol genes. 
INFO  @ Fri, 28 Aug 2026 21:03:15:   Suppressing the output of gene NonTargetingControlGuideForHuman_0337 since it is negative ontrol genes. 
INFO  @ Fri, 28 Aug 2026 21:03:15:   Suppressing the output of gene NonTargetingControlGuideForHuman_0054 since it is negative ontrol genes. 
INFO  @ Fri, 28 Aug 2026 21:03:15:   Suppressing the output of gene NonTargetingControlGuideForHuman_0855 since it is negative ontrol genes. 
INFO  @ Fri, 28 Aug 2026 21:03:15:   Suppressing the output of gene NonTargetingControlGuideForHuman_0113 since it is negative ontrol genes. 
INFO  @ Fri, 28 Aug 2026 21:03:15:   Suppressing the output of gene NonTargetingControlGuideForHuman_0938 since it is negative ontrol genes. 
INFO  @ Fri, 28 Aug 2026 21:03:15:   Suppressing the output of gene NonTargetingControlGuideForHuman_0124 since it is negative ontrol genes. 
INFO  @ Fri, 28 Aug 2026 21:03:15:   Suppressing the output of gene NonTargetingControlGuideForHuman_0562 since it is negative ontrol genes. 
INFO  @ Fri, 28 Aug 2026 21:03:15:   Suppressing the output of gene NonTargetingControlGuideForHuman_0854 since it is negative ontrol genes. 
INFO  @ Fri, 28 Aug 2026 21:03:15:   Suppressing the output of gene NonTargetingControlGuideForHuman_0950 since it is negative ontrol genes. 
INFO  @ Fri, 28 Aug 2026 21:03:15:   Suppressing the output of gene NonTargetingControlGuideForHuman_0280 since it is negative ontrol genes. 
INFO  @ Fri, 28 Aug 2026 21:03:15:   Suppressing the output of gene NonTargetingControlGuideForHuman_0816 since it is negative ontrol genes. 
INFO  @ Fri, 28 Aug 2026 21:03:15:   Suppressing the output of gene NonTargetingControlGuideForHuman_0168 since it is negative ontrol genes. 
INFO  @ Fri, 28 Aug 2026 21:03:15:   Suppressing the output of gene NonTargetingControlGuideForHuman_0610 since it is negative ontrol genes. 
INFO  @ Fri, 28 Aug 2026 21:03:15:   Suppressing the output of gene NonTargetingControlGuideForHuman_0635 since it is negative ontrol genes. 
INFO  @ Fri, 28 Aug 2026 21:03:15:   Suppressing the output of gene NonTargetingControlGuideForHuman_0249 since it is negative ontrol genes. 
INFO  @ Fri, 28 Aug 2026 21:03:15:   Suppressing the output of gene NonTargetingControlGuideForHuman_0089 since it is negative ontrol genes. 
INFO  @ Fri, 28 Aug 2026 21:03:15:   Suppressing the output of gene NonTargetingControlGuideForHuman_0276 since it is negative ontrol genes. 
INFO  @ Fri, 28 Aug 2026 21:03:15:   Suppressing the output of gene NonTargetingControlGuideForHuman_0065 since it is negative ontrol genes. 
INFO  @ Fri, 28 Aug 2026 21:03:15:   Suppressing the output of gene NonTargetingControlGuideForHuman_0313 since it is negative ontrol genes. 
INFO  @ Fri, 28 Aug 2026 21:03:15:   Suppressing the output of gene NonTargetingControlGuideForHuman_0546 since it is negative ontrol genes. 
INFO  @ Fri, 28 Aug 2026 21:03:15:   Suppressing the output of gene NonTargetingControlGuideForHuman_0862 since it is negative ontrol genes. 
INFO  @ Fri, 28 Aug 2026 21:03:15:   Suppressing the output of gene NonTargetingControlGuideForHuman_0158 since it is negative ontrol genes. 
INFO  @ Fri, 28 Aug 2026 21:03:15:   Suppressing the output of gene NonTargetingControlGuideForHuman_0090 since it is negative ontrol genes. 
INFO  @ Fri, 28 Aug 2026 21:03:15:   Suppressing the output of gene NonTargetingControlGuideForHuman_0756 since it is negative ontrol genes. 
INFO  @ Fri, 28 Aug 2026 21:03:15:   Suppressing the output of gene NonTargetingControlGuideForHuman_0674 since it is negative ontrol genes. 
INFO  @ Fri, 28 Aug 2026 21:03:15:   Suppressing the output of gene NonTargetingControlGuideForHuman_0103 since it is negative ontrol genes. 
INFO  @ Fri, 28 Aug 2026 21:03:15:   Suppressing the output of gene NonTargetingControlGuideForHuman_0225 since it is negative ontrol genes. 
INFO  @ Fri, 28 Aug 2026 21:03:15:   Suppressing the output of gene NonTargetingControlGuideForHuman_0019 since it is negative ontrol genes. 
INFO  @ Fri, 28 Aug 2026 21:03:15:   Suppressing the output of gene NonTargetingControlGuideForHuman_0102 since it is negative ontrol genes. 
INFO  @ Fri, 28 Aug 2026 21:03:15:   Suppressing the output of gene NonTargetingControlGuideForHuman_0366 since it is negative ontrol genes. 
INFO  @ Fri, 28 Aug 2026 21:03:15:   Suppressing the output of gene NonTargetingControlGuideForHuman_0181 since it is negative ontrol genes. 
INFO  @ Fri, 28 Aug 2026 21:03:15:   Suppressing the output of gene NonTargetingControlGuideForHuman_0297 since it is negative ontrol genes. 
INFO  @ Fri, 28 Aug 2026 21:03:15:   Suppressing the output of gene NonTargetingControlGuideForHuman_0038 since it is negative ontrol genes. 
INFO  @ Fri, 28 Aug 2026 21:03:15:   Suppressing the output of gene NonTargetingControlGuideForHuman_0970 since it is negative ontrol genes. 
INFO  @ Fri, 28 Aug 2026 21:03:15:   Suppressing the output of gene NonTargetingControlGuideForHuman_0823 since it is negative ontrol genes. 
INFO  @ Fri, 28 Aug 2026 21:03:15:   Suppressing the output of gene NonTargetingControlGuideForHuman_0704 since it is negative ontrol genes. 
INFO  @ Fri, 28 Aug 2026 21:03:15:   Suppressing the output of gene NonTargetingControlGuideForHuman_0014 since it is negative ontrol genes. 
INFO  @ Fri, 28 Aug 2026 21:03:15:   Suppressing the output of gene NonTargetingControlGuideForHuman_0087 since it is negative ontrol genes. 
INFO  @ Fri, 28 Aug 2026 21:03:15:   Suppressing the output of gene NonTargetingControlGuideForHuman_0527 since it is negative ontrol genes. 
INFO  @ Fri, 28 Aug 2026 21:03:15:   Suppressing the output of gene NonTargetingControlGuideForHuman_0311 since it is negative ontrol genes. 
INFO  @ Fri, 28 Aug 2026 21:03:15:   Suppressing the output of gene NonTargetingControlGuideForHuman_0368 since it is negative ontrol genes. 
INFO  @ Fri, 28 Aug 2026 21:03:15:   Suppressing the output of gene NonTargetingControlGuideForHuman_0706 since it is negative ontrol genes. 
INFO  @ Fri, 28 Aug 2026 21:03:15:   Suppressing the output of gene NonTargetingControlGuideForHuman_0987 since it is negative ontrol genes. 
INFO  @ Fri, 28 Aug 2026 21:03:15:   Suppressing the output of gene NonTargetingControlGuideForHuman_0327 since it is negative ontrol genes. 
INFO  @ Fri, 28 Aug 2026 21:03:15:   Suppressing the output of gene NonTargetingControlGuideForHuman_0172 since it is negative ontrol genes. 
INFO  @ Fri, 28 Aug 2026 21:03:15:   Suppressing the output of gene NonTargetingControlGuideForHuman_0770 since it is negative ontrol genes. 
INFO  @ Fri, 28 Aug 2026 21:03:15:   Suppressing the output of gene NonTargetingControlGuideForHuman_0395 since it is negative ontrol genes. 
INFO  @ Fri, 28 Aug 2026 21:03:15:   Suppressing the output of gene NonTargetingControlGuideForHuman_0661 since it is negative ontrol genes. 
INFO  @ Fri, 28 Aug 2026 21:03:15:   Suppressing the output of gene NonTargetingControlGuideForHuman_0331 since it is negative ontrol genes. 
INFO  @ Fri, 28 Aug 2026 21:03:15:   Suppressing the output of gene NonTargetingControlGuideForHuman_0588 since it is negative ontrol genes. 
INFO  @ Fri, 28 Aug 2026 21:03:15:   Suppressing the output of gene NonTargetingControlGuideForHuman_0373 since it is negative ontrol genes. 
INFO  @ Fri, 28 Aug 2026 21:03:15:   Suppressing the output of gene NonTargetingControlGuideForHuman_0301 since it is negative ontrol genes. 
INFO  @ Fri, 28 Aug 2026 21:03:15:   Suppressing the output of gene NonTargetingControlGuideForHuman_0693 since it is negative ontrol genes. 
INFO  @ Fri, 28 Aug 2026 21:03:15:   Suppressing the output of gene NonTargetingControlGuideForHuman_0134 since it is negative ontrol genes. 
INFO  @ Fri, 28 Aug 2026 21:03:15:   Suppressing the output of gene NonTargetingControlGuideForHuman_0726 since it is negative ontrol genes. 
INFO  @ Fri, 28 Aug 2026 21:03:15:   Suppressing the output of gene NonTargetingControlGuideForHuman_0203 since it is negative ontrol genes. 
INFO  @ Fri, 28 Aug 2026 21:03:15:   Suppressing the output of gene NonTargetingControlGuideForHuman_0027 since it is negative ontrol genes. 
INFO  @ Fri, 28 Aug 2026 21:03:15:   Suppressing the output of gene NonTargetingControlGuideForHuman_0104 since it is negative ontrol genes. 
INFO  @ Fri, 28 Aug 2026 21:03:15:   Suppressing the output of gene NonTargetingControlGuideForHuman_0719 since it is negative ontrol genes. 
INFO  @ Fri, 28 Aug 2026 21:03:15:   Suppressing the output of gene NonTargetingControlGuideForHuman_0043 since it is negative ontrol genes. 
INFO  @ Fri, 28 Aug 2026 21:03:15:   Suppressing the output of gene NonTargetingControlGuideForHuman_0808 since it is negative ontrol genes. 
INFO  @ Fri, 28 Aug 2026 21:03:15:   Suppressing the output of gene NonTargetingControlGuideForHuman_0240 since it is negative ontrol genes. 
INFO  @ Fri, 28 Aug 2026 21:03:15:   Suppressing the output of gene NonTargetingControlGuideForHuman_0918 since it is negative ontrol genes. 
INFO  @ Fri, 28 Aug 2026 21:03:15:   Suppressing the output of gene NonTargetingControlGuideForHuman_0238 since it is negative ontrol genes. 
INFO  @ Fri, 28 Aug 2026 21:03:15:   Suppressing the output of gene NonTargetingControlGuideForHuman_0856 since it is negative ontrol genes. 
INFO  @ Fri, 28 Aug 2026 21:03:15:   Suppressing the output of gene NonTargetingControlGuideForHuman_0152 since it is negative ontrol genes. 
INFO  @ Fri, 28 Aug 2026 21:03:15:   Suppressing the output of gene NonTargetingControlGuideForHuman_0737 since it is negative ontrol genes. 
INFO  @ Fri, 28 Aug 2026 21:03:15:   Suppressing the output of gene NonTargetingControlGuideForHuman_0765 since it is negative ontrol genes. 
INFO  @ Fri, 28 Aug 2026 21:03:15:   Suppressing the output of gene NonTargetingControlGuideForHuman_0317 since it is negative ontrol genes. 
INFO  @ Fri, 28 Aug 2026 21:03:15:   Suppressing the output of gene NonTargetingControlGuideForHuman_0675 since it is negative ontrol genes. 
INFO  @ Fri, 28 Aug 2026 21:03:15:   Suppressing the output of gene NonTargetingControlGuideForHuman_0678 since it is negative ontrol genes. 
INFO  @ Fri, 28 Aug 2026 21:03:15:   Suppressing the output of gene NonTargetingControlGuideForHuman_0691 since it is negative ontrol genes. 
INFO  @ Fri, 28 Aug 2026 21:03:15:   Suppressing the output of gene NonTargetingControlGuideForHuman_0799 since it is negative ontrol genes. 
INFO  @ Fri, 28 Aug 2026 21:03:15:   Suppressing the output of gene NonTargetingControlGuideForHuman_0256 since it is negative ontrol genes. 
INFO  @ Fri, 28 Aug 2026 21:03:15:   Suppressing the output of gene NonTargetingControlGuideForHuman_0600 since it is negative ontrol genes. 
INFO  @ Fri, 28 Aug 2026 21:03:15:   Suppressing the output of gene NonTargetingControlGuideForHuman_0080 since it is negative ontrol genes. 
INFO  @ Fri, 28 Aug 2026 21:03:15:   Suppressing the output of gene NonTargetingControlGuideForHuman_0543 since it is negative ontrol genes. 
INFO  @ Fri, 28 Aug 2026 21:03:15:   Suppressing the output of gene NonTargetingControlGuideForHuman_0641 since it is negative ontrol genes. 
INFO  @ Fri, 28 Aug 2026 21:03:15:   Suppressing the output of gene NonTargetingControlGuideForHuman_0419 since it is negative ontrol genes. 
INFO  @ Fri, 28 Aug 2026 21:03:15:   Suppressing the output of gene NonTargetingControlGuideForHuman_0941 since it is negative ontrol genes. 
INFO  @ Fri, 28 Aug 2026 21:03:15:   Suppressing the output of gene NonTargetingControlGuideForHuman_0379 since it is negative ontrol genes. 
INFO  @ Fri, 28 Aug 2026 21:03:15:   Suppressing the output of gene NonTargetingControlGuideForHuman_0184 since it is negative ontrol genes. 
INFO  @ Fri, 28 Aug 2026 21:03:15:   Suppressing the output of gene NonTargetingControlGuideForHuman_0262 since it is negative ontrol genes. 
INFO  @ Fri, 28 Aug 2026 21:03:15:   Suppressing the output of gene NonTargetingControlGuideForHuman_0253 since it is negative ontrol genes. 
INFO  @ Fri, 28 Aug 2026 21:03:15:   Suppressing the output of gene NonTargetingControlGuideForHuman_0330 since it is negative ontrol genes. 
INFO  @ Fri, 28 Aug 2026 21:03:15:   Suppressing the output of gene NonTargetingControlGuideForHuman_0673 since it is negative ontrol genes. 
INFO  @ Fri, 28 Aug 2026 21:03:15:   Suppressing the output of gene NonTargetingControlGuideForHuman_0315 since it is negative ontrol genes. 
INFO  @ Fri, 28 Aug 2026 21:03:15:   Suppressing the output of gene NonTargetingControlGuideForHuman_0512 since it is negative ontrol genes. 
INFO  @ Fri, 28 Aug 2026 21:03:15:   Suppressing the output of gene NonTargetingControlGuideForHuman_0108 since it is negative ontrol genes. 
INFO  @ Fri, 28 Aug 2026 21:03:15:   Suppressing the output of gene NonTargetingControlGuideForHuman_0618 since it is negative ontrol genes. 
INFO  @ Fri, 28 Aug 2026 21:03:15:   Suppressing the output of gene NonTargetingControlGuideForHuman_0985 since it is negative ontrol genes. 
INFO  @ Fri, 28 Aug 2026 21:03:15:   Suppressing the output of gene NonTargetingControlGuideForHuman_0742 since it is negative ontrol genes. 
INFO  @ Fri, 28 Aug 2026 21:03:15:   Suppressing the output of gene NonTargetingControlGuideForHuman_0536 since it is negative ontrol genes. 
INFO  @ Fri, 28 Aug 2026 21:03:15:   Suppressing the output of gene NonTargetingControlGuideForHuman_0533 since it is negative ontrol genes. 
INFO  @ Fri, 28 Aug 2026 21:03:15:   Suppressing the output of gene NonTargetingControlGuideForHuman_0828 since it is negative ontrol genes. 
INFO  @ Fri, 28 Aug 2026 21:03:15:   Suppressing the output of gene NonTargetingControlGuideForHuman_0427 since it is negative ontrol genes. 
INFO  @ Fri, 28 Aug 2026 21:03:15:   Suppressing the output of gene NonTargetingControlGuideForHuman_0644 since it is negative ontrol genes. 
INFO  @ Fri, 28 Aug 2026 21:03:15:   Suppressing the output of gene NonTargetingControlGuideForHuman_0839 since it is negative ontrol genes. 
INFO  @ Fri, 28 Aug 2026 21:03:15:   Suppressing the output of gene NonTargetingControlGuideForHuman_0221 since it is negative ontrol genes. 
INFO  @ Fri, 28 Aug 2026 21:03:15:   Suppressing the output of gene NonTargetingControlGuideForHuman_0769 since it is negative ontrol genes. 
INFO  @ Fri, 28 Aug 2026 21:03:15:   Suppressing the output of gene NonTargetingControlGuideForHuman_0011 since it is negative ontrol genes. 
INFO  @ Fri, 28 Aug 2026 21:03:15:   Suppressing the output of gene NonTargetingControlGuideForHuman_0439 since it is negative ontrol genes. 
INFO  @ Fri, 28 Aug 2026 21:03:15:   Suppressing the output of gene NonTargetingControlGuideForHuman_0561 since it is negative ontrol genes. 
INFO  @ Fri, 28 Aug 2026 21:03:15:   Suppressing the output of gene NonTargetingControlGuideForHuman_0041 since it is negative ontrol genes. 
INFO  @ Fri, 28 Aug 2026 21:03:15:   Suppressing the output of gene NonTargetingControlGuideForHuman_0986 since it is negative ontrol genes. 
INFO  @ Fri, 28 Aug 2026 21:03:15:   Suppressing the output of gene NonTargetingControlGuideForHuman_0990 since it is negative ontrol genes. 
INFO  @ Fri, 28 Aug 2026 21:03:15:   Suppressing the output of gene NonTargetingControlGuideForHuman_0925 since it is negative ontrol genes. 
INFO  @ Fri, 28 Aug 2026 21:03:15:   Suppressing the output of gene NonTargetingControlGuideForHuman_0437 since it is negative ontrol genes. 
INFO  @ Fri, 28 Aug 2026 21:03:15:   Suppressing the output of gene NonTargetingControlGuideForHuman_0596 since it is negative ontrol genes. 
INFO  @ Fri, 28 Aug 2026 21:03:15:   Suppressing the output of gene NonTargetingControlGuideForHuman_0177 since it is negative ontrol genes. 
INFO  @ Fri, 28 Aug 2026 21:03:15:   Suppressing the output of gene NonTargetingControlGuideForHuman_0336 since it is negative ontrol genes. 
INFO  @ Fri, 28 Aug 2026 21:03:15:   Suppressing the output of gene NonTargetingControlGuideForHuman_0375 since it is negative ontrol genes. 
INFO  @ Fri, 28 Aug 2026 21:03:15:   Suppressing the output of gene NonTargetingControlGuideForHuman_0942 since it is negative ontrol genes. 
INFO  @ Fri, 28 Aug 2026 21:03:15:   Suppressing the output of gene NonTargetingControlGuideForHuman_0891 since it is negative ontrol genes. 
INFO  @ Fri, 28 Aug 2026 21:03:15:   Suppressing the output of gene NonTargetingControlGuideForHuman_0633 since it is negative ontrol genes. 
INFO  @ Fri, 28 Aug 2026 21:03:15:   Suppressing the output of gene NonTargetingControlGuideForHuman_0339 since it is negative ontrol genes. 
INFO  @ Fri, 28 Aug 2026 21:03:15:   Suppressing the output of gene NonTargetingControlGuideForHuman_0875 since it is negative ontrol genes. 
INFO  @ Fri, 28 Aug 2026 21:03:15:   Suppressing the output of gene NonTargetingControlGuideForHuman_0091 since it is negative ontrol genes. 
INFO  @ Fri, 28 Aug 2026 21:03:15:   Suppressing the output of gene NonTargetingControlGuideForHuman_0692 since it is negative ontrol genes. 
INFO  @ Fri, 28 Aug 2026 21:03:15:   Suppressing the output of gene NonTargetingControlGuideForHuman_0165 since it is negative ontrol genes. 
INFO  @ Fri, 28 Aug 2026 21:03:15:   Suppressing the output of gene NonTargetingControlGuideForHuman_0252 since it is negative ontrol genes. 
INFO  @ Fri, 28 Aug 2026 21:03:15:   Suppressing the output of gene NonTargetingControlGuideForHuman_0072 since it is negative ontrol genes. 
INFO  @ Fri, 28 Aug 2026 21:03:15:   Suppressing the output of gene NonTargetingControlGuideForHuman_0606 since it is negative ontrol genes. 
INFO  @ Fri, 28 Aug 2026 21:03:15:   Suppressing the output of gene NonTargetingControlGuideForHuman_0894 since it is negative ontrol genes. 
INFO  @ Fri, 28 Aug 2026 21:03:15:   Suppressing the output of gene NonTargetingControlGuideForHuman_0852 since it is negative ontrol genes. 
INFO  @ Fri, 28 Aug 2026 21:03:15:   Suppressing the output of gene NonTargetingControlGuideForHuman_0232 since it is negative ontrol genes. 
INFO  @ Fri, 28 Aug 2026 21:03:15:   Suppressing the output of gene NonTargetingControlGuideForHuman_0865 since it is negative ontrol genes. 
INFO  @ Fri, 28 Aug 2026 21:03:15:   Suppressing the output of gene NonTargetingControlGuideForHuman_0418 since it is negative ontrol genes. 
INFO  @ Fri, 28 Aug 2026 21:03:15:   Suppressing the output of gene NonTargetingControlGuideForHuman_0829 since it is negative ontrol genes. 
INFO  @ Fri, 28 Aug 2026 21:03:15:   Suppressing the output of gene NonTargetingControlGuideForHuman_0790 since it is negative ontrol genes. 
INFO  @ Fri, 28 Aug 2026 21:03:15:   Suppressing the output of gene NonTargetingControlGuideForHuman_0864 since it is negative ontrol genes. 
INFO  @ Fri, 28 Aug 2026 21:03:15:   Suppressing the output of gene NonTargetingControlGuideForHuman_0861 since it is negative ontrol genes. 
INFO  @ Fri, 28 Aug 2026 21:03:15:   Suppressing the output of gene NonTargetingControlGuideForHuman_0963 since it is negative ontrol genes. 
INFO  @ Fri, 28 Aug 2026 21:03:15:   Suppressing the output of gene NonTargetingControlGuideForHuman_0695 since it is negative ontrol genes. 
INFO  @ Fri, 28 Aug 2026 21:03:15:   Suppressing the output of gene NonTargetingControlGuideForHuman_0933 since it is negative ontrol genes. 
INFO  @ Fri, 28 Aug 2026 21:03:15:   Suppressing the output of gene NonTargetingControlGuideForHuman_0453 since it is negative ontrol genes. 
INFO  @ Fri, 28 Aug 2026 21:03:15:   Suppressing the output of gene NonTargetingControlGuideForHuman_0322 since it is negative ontrol genes. 
INFO  @ Fri, 28 Aug 2026 21:03:15:   Suppressing the output of gene NonTargetingControlGuideForHuman_0490 since it is negative ontrol genes. 
INFO  @ Fri, 28 Aug 2026 21:03:15:   Suppressing the output of gene NonTargetingControlGuideForHuman_0995 since it is negative ontrol genes. 
INFO  @ Fri, 28 Aug 2026 21:03:15:   Suppressing the output of gene NonTargetingControlGuideForHuman_0652 since it is negative ontrol genes. 
INFO  @ Fri, 28 Aug 2026 21:03:15:   Suppressing the output of gene NonTargetingControlGuideForHuman_0549 since it is negative ontrol genes. 
INFO  @ Fri, 28 Aug 2026 21:03:15:   Suppressing the output of gene NonTargetingControlGuideForHuman_0308 since it is negative ontrol genes. 
INFO  @ Fri, 28 Aug 2026 21:03:15:   Suppressing the output of gene NonTargetingControlGuideForHuman_0018 since it is negative ontrol genes. 
INFO  @ Fri, 28 Aug 2026 21:03:15:   Suppressing the output of gene NonTargetingControlGuideForHuman_0086 since it is negative ontrol genes. 
INFO  @ Fri, 28 Aug 2026 21:03:15:   Suppressing the output of gene NonTargetingControlGuideForHuman_0685 since it is negative ontrol genes. 
INFO  @ Fri, 28 Aug 2026 21:03:15:   Suppressing the output of gene NonTargetingControlGuideForHuman_0067 since it is negative ontrol genes. 
INFO  @ Fri, 28 Aug 2026 21:03:15:   Suppressing the output of gene NonTargetingControlGuideForHuman_0830 since it is negative ontrol genes. 
INFO  @ Fri, 28 Aug 2026 21:03:15:   Suppressing the output of gene NonTargetingControlGuideForHuman_0032 since it is negative ontrol genes. 
INFO  @ Fri, 28 Aug 2026 21:03:15:   Suppressing the output of gene NonTargetingControlGuideForHuman_0064 since it is negative ontrol genes. 
INFO  @ Fri, 28 Aug 2026 21:03:15:   Suppressing the output of gene NonTargetingControlGuideForHuman_0077 since it is negative ontrol genes. 
INFO  @ Fri, 28 Aug 2026 21:03:15:   Suppressing the output of gene NonTargetingControlGuideForHuman_0020 since it is negative ontrol genes. 
INFO  @ Fri, 28 Aug 2026 21:03:15:   Suppressing the output of gene NonTargetingControlGuideForHuman_0155 since it is negative ontrol genes. 
INFO  @ Fri, 28 Aug 2026 21:03:15:   Suppressing the output of gene NonTargetingControlGuideForHuman_0359 since it is negative ontrol genes. 
INFO  @ Fri, 28 Aug 2026 21:03:15:   Suppressing the output of gene NonTargetingControlGuideForHuman_0889 since it is negative ontrol genes. 
INFO  @ Fri, 28 Aug 2026 21:03:15:   Suppressing the output of gene NonTargetingControlGuideForHuman_0406 since it is negative ontrol genes. 
INFO  @ Fri, 28 Aug 2026 21:03:15:   Suppressing the output of gene NonTargetingControlGuideForHuman_0771 since it is negative ontrol genes. 
INFO  @ Fri, 28 Aug 2026 21:03:15:   Suppressing the output of gene NonTargetingControlGuideForHuman_0871 since it is negative ontrol genes. 
INFO  @ Fri, 28 Aug 2026 21:03:15:   Suppressing the output of gene NonTargetingControlGuideForHuman_0003 since it is negative ontrol genes. 
INFO  @ Fri, 28 Aug 2026 21:03:15:   Suppressing the output of gene NonTargetingControlGuideForHuman_0613 since it is negative ontrol genes. 
INFO  @ Fri, 28 Aug 2026 21:03:15:   Suppressing the output of gene NonTargetingControlGuideForHuman_0292 since it is negative ontrol genes. 
INFO  @ Fri, 28 Aug 2026 21:03:15:   Suppressing the output of gene NonTargetingControlGuideForHuman_0093 since it is negative ontrol genes. 
INFO  @ Fri, 28 Aug 2026 21:03:15:   Suppressing the output of gene NonTargetingControlGuideForHuman_0694 since it is negative ontrol genes. 
INFO  @ Fri, 28 Aug 2026 21:03:15:   Suppressing the output of gene NonTargetingControlGuideForHuman_0166 since it is negative ontrol genes. 
INFO  @ Fri, 28 Aug 2026 21:03:15:   Suppressing the output of gene NonTargetingControlGuideForHuman_0148 since it is negative ontrol genes. 
INFO  @ Fri, 28 Aug 2026 21:03:15:   Suppressing the output of gene NonTargetingControlGuideForHuman_0798 since it is negative ontrol genes. 
INFO  @ Fri, 28 Aug 2026 21:03:15:   Suppressing the output of gene NonTargetingControlGuideForHuman_0246 since it is negative ontrol genes. 
INFO  @ Fri, 28 Aug 2026 21:03:15:   Suppressing the output of gene NonTargetingControlGuideForHuman_0098 since it is negative ontrol genes. 
INFO  @ Fri, 28 Aug 2026 21:03:15:   Suppressing the output of gene NonTargetingControlGuideForHuman_0811 since it is negative ontrol genes. 
INFO  @ Fri, 28 Aug 2026 21:03:15:   Suppressing the output of gene NonTargetingControlGuideForHuman_0346 since it is negative ontrol genes. 
INFO  @ Fri, 28 Aug 2026 21:03:15:   Suppressing the output of gene NonTargetingControlGuideForHuman_0912 since it is negative ontrol genes. 
INFO  @ Fri, 28 Aug 2026 21:03:15:   Suppressing the output of gene NonTargetingControlGuideForHuman_0580 since it is negative ontrol genes. 
INFO  @ Fri, 28 Aug 2026 21:03:15:   Suppressing the output of gene NonTargetingControlGuideForHuman_0982 since it is negative ontrol genes. 
INFO  @ Fri, 28 Aug 2026 21:03:15:   Suppressing the output of gene NonTargetingControlGuideForHuman_0577 since it is negative ontrol genes. 
INFO  @ Fri, 28 Aug 2026 21:03:15:   Suppressing the output of gene NonTargetingControlGuideForHuman_0259 since it is negative ontrol genes. 
INFO  @ Fri, 28 Aug 2026 21:03:15:   Suppressing the output of gene NonTargetingControlGuideForHuman_0750 since it is negative ontrol genes. 
INFO  @ Fri, 28 Aug 2026 21:03:15:   Suppressing the output of gene NonTargetingControlGuideForHuman_0879 since it is negative ontrol genes. 
INFO  @ Fri, 28 Aug 2026 21:03:15:   Suppressing the output of gene NonTargetingControlGuideForHuman_0914 since it is negative ontrol genes. 
INFO  @ Fri, 28 Aug 2026 21:03:15:   Suppressing the output of gene NonTargetingControlGuideForHuman_0988 since it is negative ontrol genes. 
INFO  @ Fri, 28 Aug 2026 21:03:15:   Suppressing the output of gene NonTargetingControlGuideForHuman_0219 since it is negative ontrol genes. 
INFO  @ Fri, 28 Aug 2026 21:03:15:   Suppressing the output of gene NonTargetingControlGuideForHuman_0432 since it is negative ontrol genes. 
INFO  @ Fri, 28 Aug 2026 21:03:15:   Suppressing the output of gene NonTargetingControlGuideForHuman_0357 since it is negative ontrol genes. 
INFO  @ Fri, 28 Aug 2026 21:03:15:   Suppressing the output of gene NonTargetingControlGuideForHuman_0341 since it is negative ontrol genes. 
INFO  @ Fri, 28 Aug 2026 21:03:15:   Suppressing the output of gene NonTargetingControlGuideForHuman_0725 since it is negative ontrol genes. 
INFO  @ Fri, 28 Aug 2026 21:03:15:   Suppressing the output of gene NonTargetingControlGuideForHuman_0877 since it is negative ontrol genes. 
INFO  @ Fri, 28 Aug 2026 21:03:15:   Suppressing the output of gene NonTargetingControlGuideForHuman_0733 since it is negative ontrol genes. 
INFO  @ Fri, 28 Aug 2026 21:03:15:   Suppressing the output of gene NonTargetingControlGuideForHuman_0896 since it is negative ontrol genes. 
INFO  @ Fri, 28 Aug 2026 21:03:15:   Suppressing the output of gene NonTargetingControlGuideForHuman_0111 since it is negative ontrol genes. 
INFO  @ Fri, 28 Aug 2026 21:03:15:   Suppressing the output of gene NonTargetingControlGuideForHuman_0463 since it is negative ontrol genes. 
INFO  @ Fri, 28 Aug 2026 21:03:15:   Suppressing the output of gene NonTargetingControlGuideForHuman_0169 since it is negative ontrol genes. 
INFO  @ Fri, 28 Aug 2026 21:03:15:   Suppressing the output of gene NonTargetingControlGuideForHuman_0159 since it is negative ontrol genes. 
INFO  @ Fri, 28 Aug 2026 21:03:15:   Suppressing the output of gene NonTargetingControlGuideForHuman_0893 since it is negative ontrol genes. 
INFO  @ Fri, 28 Aug 2026 21:03:15:   Suppressing the output of gene NonTargetingControlGuideForHuman_0729 since it is negative ontrol genes. 
INFO  @ Fri, 28 Aug 2026 21:03:15:   Suppressing the output of gene NonTargetingControlGuideForHuman_0010 since it is negative ontrol genes. 
INFO  @ Fri, 28 Aug 2026 21:03:15:   Suppressing the output of gene NonTargetingControlGuideForHuman_0079 since it is negative ontrol genes. 
INFO  @ Fri, 28 Aug 2026 21:03:15:   Suppressing the output of gene NonTargetingControlGuideForHuman_0611 since it is negative ontrol genes. 
INFO  @ Fri, 28 Aug 2026 21:03:15:   Suppressing the output of gene NonTargetingControlGuideForHuman_0993 since it is negative ontrol genes. 
INFO  @ Fri, 28 Aug 2026 21:03:15:   Suppressing the output of gene NonTargetingControlGuideForHuman_0195 since it is negative ontrol genes. 
INFO  @ Fri, 28 Aug 2026 21:03:15:   Suppressing the output of gene NonTargetingControlGuideForHuman_0335 since it is negative ontrol genes. 
INFO  @ Fri, 28 Aug 2026 21:03:15:   Suppressing the output of gene NonTargetingControlGuideForHuman_0340 since it is negative ontrol genes. 
INFO  @ Fri, 28 Aug 2026 21:03:15:   Suppressing the output of gene NonTargetingControlGuideForHuman_0046 since it is negative ontrol genes. 
INFO  @ Fri, 28 Aug 2026 21:03:15:   Suppressing the output of gene NonTargetingControlGuideForHuman_0071 since it is negative ontrol genes. 
INFO  @ Fri, 28 Aug 2026 21:03:15:   Suppressing the output of gene NonTargetingControlGuideForHuman_0436 since it is negative ontrol genes. 
INFO  @ Fri, 28 Aug 2026 21:03:15:   Suppressing the output of gene NonTargetingControlGuideForHuman_0917 since it is negative ontrol genes. 
INFO  @ Fri, 28 Aug 2026 21:03:15:   Suppressing the output of gene NonTargetingControlGuideForHuman_0350 since it is negative ontrol genes. 
INFO  @ Fri, 28 Aug 2026 21:03:15:   Suppressing the output of gene NonTargetingControlGuideForHuman_0553 since it is negative ontrol genes. 
INFO  @ Fri, 28 Aug 2026 21:03:15:   Suppressing the output of gene NonTargetingControlGuideForHuman_0269 since it is negative ontrol genes. 
INFO  @ Fri, 28 Aug 2026 21:03:15:   Suppressing the output of gene NonTargetingControlGuideForHuman_0275 since it is negative ontrol genes. 
INFO  @ Fri, 28 Aug 2026 21:03:15:   Suppressing the output of gene NonTargetingControlGuideForHuman_0955 since it is negative ontrol genes. 
INFO  @ Fri, 28 Aug 2026 21:03:15:   Suppressing the output of gene NonTargetingControlGuideForHuman_0045 since it is negative ontrol genes. 
INFO  @ Fri, 28 Aug 2026 21:03:15:   Suppressing the output of gene NonTargetingControlGuideForHuman_0154 since it is negative ontrol genes. 
INFO  @ Fri, 28 Aug 2026 21:03:15:   Suppressing the output of gene NonTargetingControlGuideForHuman_0589 since it is negative ontrol genes. 
INFO  @ Fri, 28 Aug 2026 21:03:15:   Suppressing the output of gene NonTargetingControlGuideForHuman_0142 since it is negative ontrol genes. 
INFO  @ Fri, 28 Aug 2026 21:03:15:   Suppressing the output of gene NonTargetingControlGuideForHuman_0455 since it is negative ontrol genes. 
INFO  @ Fri, 28 Aug 2026 21:03:15:   Suppressing the output of gene NonTargetingControlGuideForHuman_0509 since it is negative ontrol genes. 
INFO  @ Fri, 28 Aug 2026 21:03:15:   Suppressing the output of gene NonTargetingControlGuideForHuman_0747 since it is negative ontrol genes. 
INFO  @ Fri, 28 Aug 2026 21:03:15:   Suppressing the output of gene NonTargetingControlGuideForHuman_0494 since it is negative ontrol genes. 
INFO  @ Fri, 28 Aug 2026 21:03:15:   Suppressing the output of gene NonTargetingControlGuideForHuman_0310 since it is negative ontrol genes. 
INFO  @ Fri, 28 Aug 2026 21:03:15:   Suppressing the output of gene NonTargetingControlGuideForHuman_0277 since it is negative ontrol genes. 
INFO  @ Fri, 28 Aug 2026 21:03:15:   Suppressing the output of gene NonTargetingControlGuideForHuman_0688 since it is negative ontrol genes. 
INFO  @ Fri, 28 Aug 2026 21:03:15:   Suppressing the output of gene NonTargetingControlGuideForHuman_0584 since it is negative ontrol genes. 
INFO  @ Fri, 28 Aug 2026 21:03:15:   Suppressing the output of gene NonTargetingControlGuideForHuman_0371 since it is negative ontrol genes. 
INFO  @ Fri, 28 Aug 2026 21:03:15:   Suppressing the output of gene NonTargetingControlGuideForHuman_0620 since it is negative ontrol genes. 
INFO  @ Fri, 28 Aug 2026 21:03:15:   Suppressing the output of gene NonTargetingControlGuideForHuman_0513 since it is negative ontrol genes. 
INFO  @ Fri, 28 Aug 2026 21:03:15:   Suppressing the output of gene NonTargetingControlGuideForHuman_0001 since it is negative ontrol genes. 
INFO  @ Fri, 28 Aug 2026 21:03:15:   Suppressing the output of gene NonTargetingControlGuideForHuman_0657 since it is negative ontrol genes. 
INFO  @ Fri, 28 Aug 2026 21:03:15:   Suppressing the output of gene NonTargetingControlGuideForHuman_0349 since it is negative ontrol genes. 
INFO  @ Fri, 28 Aug 2026 21:03:15:   Suppressing the output of gene NonTargetingControlGuideForHuman_0294 since it is negative ontrol genes. 
INFO  @ Fri, 28 Aug 2026 21:03:15:   Suppressing the output of gene NonTargetingControlGuideForHuman_0361 since it is negative ontrol genes. 
INFO  @ Fri, 28 Aug 2026 21:03:15:   Suppressing the output of gene NonTargetingControlGuideForHuman_0408 since it is negative ontrol genes. 
INFO  @ Fri, 28 Aug 2026 21:03:15:   Suppressing the output of gene NonTargetingControlGuideForHuman_0180 since it is negative ontrol genes. 
INFO  @ Fri, 28 Aug 2026 21:03:15:   Suppressing the output of gene NonTargetingControlGuideForHuman_0200 since it is negative ontrol genes. 
INFO  @ Fri, 28 Aug 2026 21:03:15:   Suppressing the output of gene NonTargetingControlGuideForHuman_0800 since it is negative ontrol genes. 
INFO  @ Fri, 28 Aug 2026 21:03:15:   Suppressing the output of gene NonTargetingControlGuideForHuman_0792 since it is negative ontrol genes. 
INFO  @ Fri, 28 Aug 2026 21:03:15:   Suppressing the output of gene NonTargetingControlGuideForHuman_0362 since it is negative ontrol genes. 
INFO  @ Fri, 28 Aug 2026 21:03:15:   Suppressing the output of gene NonTargetingControlGuideForHuman_0940 since it is negative ontrol genes. 
INFO  @ Fri, 28 Aug 2026 21:03:15:   Suppressing the output of gene NonTargetingControlGuideForHuman_0309 since it is negative ontrol genes. 
INFO  @ Fri, 28 Aug 2026 21:03:15:   Suppressing the output of gene NonTargetingControlGuideForHuman_0410 since it is negative ontrol genes. 
INFO  @ Fri, 28 Aug 2026 21:03:15:   Suppressing the output of gene NonTargetingControlGuideForHuman_0599 since it is negative ontrol genes. 
INFO  @ Fri, 28 Aug 2026 21:03:15:   Suppressing the output of gene NonTargetingControlGuideForHuman_0648 since it is negative ontrol genes. 
INFO  @ Fri, 28 Aug 2026 21:03:15:   Suppressing the output of gene NonTargetingControlGuideForHuman_0980 since it is negative ontrol genes. 
INFO  @ Fri, 28 Aug 2026 21:03:15:   Suppressing the output of gene NonTargetingControlGuideForHuman_0517 since it is negative ontrol genes. 
INFO  @ Fri, 28 Aug 2026 21:03:15:   Suppressing the output of gene NonTargetingControlGuideForHuman_0631 since it is negative ontrol genes. 
INFO  @ Fri, 28 Aug 2026 21:03:15:   Suppressing the output of gene NonTargetingControlGuideForHuman_0926 since it is negative ontrol genes. 
INFO  @ Fri, 28 Aug 2026 21:03:15:   Suppressing the output of gene NonTargetingControlGuideForHuman_0409 since it is negative ontrol genes. 
INFO  @ Fri, 28 Aug 2026 21:03:15:   Suppressing the output of gene NonTargetingControlGuideForHuman_0397 since it is negative ontrol genes. 
INFO  @ Fri, 28 Aug 2026 21:03:15:   Suppressing the output of gene NonTargetingControlGuideForHuman_0681 since it is negative ontrol genes. 
INFO  @ Fri, 28 Aug 2026 21:03:15:   Suppressing the output of gene NonTargetingControlGuideForHuman_0795 since it is negative ontrol genes. 
INFO  @ Fri, 28 Aug 2026 21:03:15:   Suppressing the output of gene NonTargetingControlGuideForHuman_0617 since it is negative ontrol genes. 
INFO  @ Fri, 28 Aug 2026 21:03:15:   Suppressing the output of gene NonTargetingControlGuideForHuman_0930 since it is negative ontrol genes. 
INFO  @ Fri, 28 Aug 2026 21:03:15:   Suppressing the output of gene NonTargetingControlGuideForHuman_0107 since it is negative ontrol genes. 
INFO  @ Fri, 28 Aug 2026 21:03:15:   Suppressing the output of gene NonTargetingControlGuideForHuman_0264 since it is negative ontrol genes. 
INFO  @ Fri, 28 Aug 2026 21:03:15:   Suppressing the output of gene NonTargetingControlGuideForHuman_0833 since it is negative ontrol genes. 
INFO  @ Fri, 28 Aug 2026 21:03:15:   Suppressing the output of gene NonTargetingControlGuideForHuman_0947 since it is negative ontrol genes. 
INFO  @ Fri, 28 Aug 2026 21:03:15:   Suppressing the output of gene NonTargetingControlGuideForHuman_0612 since it is negative ontrol genes. 
INFO  @ Fri, 28 Aug 2026 21:03:15:   Suppressing the output of gene NonTargetingControlGuideForHuman_0568 since it is negative ontrol genes. 
INFO  @ Fri, 28 Aug 2026 21:03:15:   Suppressing the output of gene NonTargetingControlGuideForHuman_0400 since it is negative ontrol genes. 
INFO  @ Fri, 28 Aug 2026 21:03:15:   Suppressing the output of gene NonTargetingControlGuideForHuman_0318 since it is negative ontrol genes. 
INFO  @ Fri, 28 Aug 2026 21:03:15:   Suppressing the output of gene NonTargetingControlGuideForHuman_0909 since it is negative ontrol genes. 
INFO  @ Fri, 28 Aug 2026 21:03:15:   Suppressing the output of gene NonTargetingControlGuideForHuman_0621 since it is negative ontrol genes. 
INFO  @ Fri, 28 Aug 2026 21:03:15:   Suppressing the output of gene NonTargetingControlGuideForHuman_0803 since it is negative ontrol genes. 
INFO  @ Fri, 28 Aug 2026 21:03:15:   Suppressing the output of gene NonTargetingControlGuideForHuman_0690 since it is negative ontrol genes. 
INFO  @ Fri, 28 Aug 2026 21:03:15:   Suppressing the output of gene NonTargetingControlGuideForHuman_0961 since it is negative ontrol genes. 
INFO  @ Fri, 28 Aug 2026 21:03:15:   Suppressing the output of gene NonTargetingControlGuideForHuman_0518 since it is negative ontrol genes. 
INFO  @ Fri, 28 Aug 2026 21:03:15:   Suppressing the output of gene NonTargetingControlGuideForHuman_0890 since it is negative ontrol genes. 
INFO  @ Fri, 28 Aug 2026 21:03:15:   Suppressing the output of gene NonTargetingControlGuideForHuman_0488 since it is negative ontrol genes. 
INFO  @ Fri, 28 Aug 2026 21:03:15:   Suppressing the output of gene NonTargetingControlGuideForHuman_0615 since it is negative ontrol genes. 
INFO  @ Fri, 28 Aug 2026 21:03:15:   Suppressing the output of gene NonTargetingControlGuideForHuman_0885 since it is negative ontrol genes. 
INFO  @ Fri, 28 Aug 2026 21:03:15:   Suppressing the output of gene NonTargetingControlGuideForHuman_0749 since it is negative ontrol genes. 
INFO  @ Fri, 28 Aug 2026 21:03:15:   Suppressing the output of gene NonTargetingControlGuideForHuman_0025 since it is negative ontrol genes. 
INFO  @ Fri, 28 Aug 2026 21:03:15:   Suppressing the output of gene NonTargetingControlGuideForHuman_0073 since it is negative ontrol genes. 
INFO  @ Fri, 28 Aug 2026 21:03:15:   Suppressing the output of gene NonTargetingControlGuideForHuman_0763 since it is negative ontrol genes. 
INFO  @ Fri, 28 Aug 2026 21:03:15:   Suppressing the output of gene NonTargetingControlGuideForHuman_0905 since it is negative ontrol genes. 
INFO  @ Fri, 28 Aug 2026 21:03:15:   Suppressing the output of gene NonTargetingControlGuideForHuman_0300 since it is negative ontrol genes. 
INFO  @ Fri, 28 Aug 2026 21:03:15:   Suppressing the output of gene NonTargetingControlGuideForHuman_0812 since it is negative ontrol genes. 
INFO  @ Fri, 28 Aug 2026 21:03:15:   Suppressing the output of gene NonTargetingControlGuideForHuman_0773 since it is negative ontrol genes. 
INFO  @ Fri, 28 Aug 2026 21:03:15:   Suppressing the output of gene NonTargetingControlGuideForHuman_0092 since it is negative ontrol genes. 
INFO  @ Fri, 28 Aug 2026 21:03:15:   Suppressing the output of gene NonTargetingControlGuideForHuman_0496 since it is negative ontrol genes. 
INFO  @ Fri, 28 Aug 2026 21:03:15:   Suppressing the output of gene NonTargetingControlGuideForHuman_0683 since it is negative ontrol genes. 
INFO  @ Fri, 28 Aug 2026 21:03:15:   Suppressing the output of gene NonTargetingControlGuideForHuman_0948 since it is negative ontrol genes. 
INFO  @ Fri, 28 Aug 2026 21:03:15:   Suppressing the output of gene NonTargetingControlGuideForHuman_0809 since it is negative ontrol genes. 
INFO  @ Fri, 28 Aug 2026 21:03:15:   Suppressing the output of gene NonTargetingControlGuideForHuman_0822 since it is negative ontrol genes. 
INFO  @ Fri, 28 Aug 2026 21:03:15:   Suppressing the output of gene NonTargetingControlGuideForHuman_0328 since it is negative ontrol genes. 
INFO  @ Fri, 28 Aug 2026 21:03:15:   Suppressing the output of gene NonTargetingControlGuideForHuman_0062 since it is negative ontrol genes. 
INFO  @ Fri, 28 Aug 2026 21:03:15:   Suppressing the output of gene NonTargetingControlGuideForHuman_0191 since it is negative ontrol genes. 
INFO  @ Fri, 28 Aug 2026 21:03:15:   Suppressing the output of gene NonTargetingControlGuideForHuman_0059 since it is negative ontrol genes. 
INFO  @ Fri, 28 Aug 2026 21:03:15:   Suppressing the output of gene NonTargetingControlGuideForHuman_0555 since it is negative ontrol genes. 
INFO  @ Fri, 28 Aug 2026 21:03:15:   Suppressing the output of gene NonTargetingControlGuideForHuman_0848 since it is negative ontrol genes. 
INFO  @ Fri, 28 Aug 2026 21:03:15:   Suppressing the output of gene NonTargetingControlGuideForHuman_0544 since it is negative ontrol genes. 
INFO  @ Fri, 28 Aug 2026 21:03:15:   Suppressing the output of gene NonTargetingControlGuideForHuman_0279 since it is negative ontrol genes. 
INFO  @ Fri, 28 Aug 2026 21:03:15:   Suppressing the output of gene NonTargetingControlGuideForHuman_0206 since it is negative ontrol genes. 
INFO  @ Fri, 28 Aug 2026 21:03:15:   Suppressing the output of gene NonTargetingControlGuideForHuman_0069 since it is negative ontrol genes. 
INFO  @ Fri, 28 Aug 2026 21:03:15:   Suppressing the output of gene NonTargetingControlGuideForHuman_0817 since it is negative ontrol genes. 
INFO  @ Fri, 28 Aug 2026 21:03:15:   Suppressing the output of gene NonTargetingControlGuideForHuman_0342 since it is negative ontrol genes. 
INFO  @ Fri, 28 Aug 2026 21:03:15:   Suppressing the output of gene NonTargetingControlGuideForHuman_0721 since it is negative ontrol genes. 
INFO  @ Fri, 28 Aug 2026 21:03:15:   Suppressing the output of gene NonTargetingControlGuideForHuman_0096 since it is negative ontrol genes. 
INFO  @ Fri, 28 Aug 2026 21:03:15:   Suppressing the output of gene NonTargetingControlGuideForHuman_0208 since it is negative ontrol genes. 
INFO  @ Fri, 28 Aug 2026 21:03:15:   Suppressing the output of gene NonTargetingControlGuideForHuman_0928 since it is negative ontrol genes. 
INFO  @ Fri, 28 Aug 2026 21:03:15:   Suppressing the output of gene NonTargetingControlGuideForHuman_0700 since it is negative ontrol genes. 
INFO  @ Fri, 28 Aug 2026 21:03:15:   Suppressing the output of gene NonTargetingControlGuideForHuman_0983 since it is negative ontrol genes. 
INFO  @ Fri, 28 Aug 2026 21:03:15:   Suppressing the output of gene NonTargetingControlGuideForHuman_0774 since it is negative ontrol genes. 
INFO  @ Fri, 28 Aug 2026 21:03:15:   Suppressing the output of gene NonTargetingControlGuideForHuman_0326 since it is negative ontrol genes. 
INFO  @ Fri, 28 Aug 2026 21:03:15:   Suppressing the output of gene NonTargetingControlGuideForHuman_0372 since it is negative ontrol genes. 
INFO  @ Fri, 28 Aug 2026 21:03:15:   Suppressing the output of gene NonTargetingControlGuideForHuman_0745 since it is negative ontrol genes. 
INFO  @ Fri, 28 Aug 2026 21:03:15:   Suppressing the output of gene NonTargetingControlGuideForHuman_0293 since it is negative ontrol genes. 
INFO  @ Fri, 28 Aug 2026 21:03:15:   Suppressing the output of gene NonTargetingControlGuideForHuman_0321 since it is negative ontrol genes. 
INFO  @ Fri, 28 Aug 2026 21:03:15:   Suppressing the output of gene NonTargetingControlGuideForHuman_0761 since it is negative ontrol genes. 
INFO  @ Fri, 28 Aug 2026 21:03:15:   Suppressing the output of gene NonTargetingControlGuideForHuman_0846 since it is negative ontrol genes. 
INFO  @ Fri, 28 Aug 2026 21:03:15:   Suppressing the output of gene NonTargetingControlGuideForHuman_0053 since it is negative ontrol genes. 
INFO  @ Fri, 28 Aug 2026 21:03:15:   Suppressing the output of gene NonTargetingControlGuideForHuman_0751 since it is negative ontrol genes. 
INFO  @ Fri, 28 Aug 2026 21:03:15:   Suppressing the output of gene NonTargetingControlGuideForHuman_0472 since it is negative ontrol genes. 
INFO  @ Fri, 28 Aug 2026 21:03:15:   Suppressing the output of gene NonTargetingControlGuideForHuman_0348 since it is negative ontrol genes. 
INFO  @ Fri, 28 Aug 2026 21:03:15:   Suppressing the output of gene NonTargetingControlGuideForHuman_0403 since it is negative ontrol genes. 
INFO  @ Fri, 28 Aug 2026 21:03:15:   Suppressing the output of gene NonTargetingControlGuideForHuman_0205 since it is negative ontrol genes. 
INFO  @ Fri, 28 Aug 2026 21:03:15:   Suppressing the output of gene NonTargetingControlGuideForHuman_0085 since it is negative ontrol genes. 
INFO  @ Fri, 28 Aug 2026 21:03:15:   Suppressing the output of gene NonTargetingControlGuideForHuman_0556 since it is negative ontrol genes. 
INFO  @ Fri, 28 Aug 2026 21:03:15:   Suppressing the output of gene NonTargetingControlGuideForHuman_0935 since it is negative ontrol genes. 
INFO  @ Fri, 28 Aug 2026 21:03:15:   Suppressing the output of gene NonTargetingControlGuideForHuman_0884 since it is negative ontrol genes. 
INFO  @ Fri, 28 Aug 2026 21:03:15:   Suppressing the output of gene NonTargetingControlGuideForHuman_0129 since it is negative ontrol genes. 
INFO  @ Fri, 28 Aug 2026 21:03:15:   Suppressing the output of gene NonTargetingControlGuideForHuman_0797 since it is negative ontrol genes. 
INFO  @ Fri, 28 Aug 2026 21:03:15:   Suppressing the output of gene NonTargetingControlGuideForHuman_0396 since it is negative ontrol genes. 
INFO  @ Fri, 28 Aug 2026 21:03:15:   Suppressing the output of gene NonTargetingControlGuideForHuman_0789 since it is negative ontrol genes. 
INFO  @ Fri, 28 Aug 2026 21:03:15:   Suppressing the output of gene NonTargetingControlGuideForHuman_0460 since it is negative ontrol genes. 
INFO  @ Fri, 28 Aug 2026 21:03:15:   Suppressing the output of gene NonTargetingControlGuideForHuman_0637 since it is negative ontrol genes. 
INFO  @ Fri, 28 Aug 2026 21:03:15:   Suppressing the output of gene NonTargetingControlGuideForHuman_0194 since it is negative ontrol genes. 
INFO  @ Fri, 28 Aug 2026 21:03:15:   Suppressing the output of gene NonTargetingControlGuideForHuman_0583 since it is negative ontrol genes. 
INFO  @ Fri, 28 Aug 2026 21:03:15:   Suppressing the output of gene NonTargetingControlGuideForHuman_0193 since it is negative ontrol genes. 
INFO  @ Fri, 28 Aug 2026 21:03:15:   Suppressing the output of gene NonTargetingControlGuideForHuman_0971 since it is negative ontrol genes. 
INFO  @ Fri, 28 Aug 2026 21:03:15:   Suppressing the output of gene NonTargetingControlGuideForHuman_0996 since it is negative ontrol genes. 
INFO  @ Fri, 28 Aug 2026 21:03:15:   Suppressing the output of gene NonTargetingControlGuideForHuman_0714 since it is negative ontrol genes. 
INFO  @ Fri, 28 Aug 2026 21:03:15:   Suppressing the output of gene NonTargetingControlGuideForHuman_0939 since it is negative ontrol genes. 
INFO  @ Fri, 28 Aug 2026 21:03:15:   Suppressing the output of gene NonTargetingControlGuideForHuman_0764 since it is negative ontrol genes. 
INFO  @ Fri, 28 Aug 2026 21:03:15:   Suppressing the output of gene NonTargetingControlGuideForHuman_0801 since it is negative ontrol genes. 
INFO  @ Fri, 28 Aug 2026 21:03:15:   Suppressing the output of gene NonTargetingControlGuideForHuman_0540 since it is negative ontrol genes. 
INFO  @ Fri, 28 Aug 2026 21:03:15:   Suppressing the output of gene NonTargetingControlGuideForHuman_0440 since it is negative ontrol genes. 
INFO  @ Fri, 28 Aug 2026 21:03:15:   Suppressing the output of gene NonTargetingControlGuideForHuman_0819 since it is negative ontrol genes. 
INFO  @ Fri, 28 Aug 2026 21:03:15:   Suppressing the output of gene NonTargetingControlGuideForHuman_0212 since it is negative ontrol genes. 
INFO  @ Fri, 28 Aug 2026 21:03:15:   Suppressing the output of gene NonTargetingControlGuideForHuman_0594 since it is negative ontrol genes. 
INFO  @ Fri, 28 Aug 2026 21:03:15:   Suppressing the output of gene NonTargetingControlGuideForHuman_1000 since it is negative ontrol genes. 
INFO  @ Fri, 28 Aug 2026 21:03:15:   Suppressing the output of gene NonTargetingControlGuideForHuman_0354 since it is negative ontrol genes. 
INFO  @ Fri, 28 Aug 2026 21:03:15:   Suppressing the output of gene NonTargetingControlGuideForHuman_0873 since it is negative ontrol genes. 
INFO  @ Fri, 28 Aug 2026 21:03:15:   Suppressing the output of gene NonTargetingControlGuideForHuman_0176 since it is negative ontrol genes. 
INFO  @ Fri, 28 Aug 2026 21:03:15:   Suppressing the output of gene NonTargetingControlGuideForHuman_0640 since it is negative ontrol genes. 
INFO  @ Fri, 28 Aug 2026 21:03:15:   Suppressing the output of gene NonTargetingControlGuideForHuman_0524 since it is negative ontrol genes. 
INFO  @ Fri, 28 Aug 2026 21:03:15:   Suppressing the output of gene NonTargetingControlGuideForHuman_0035 since it is negative ontrol genes. 
INFO  @ Fri, 28 Aug 2026 21:03:15:   Suppressing the output of gene NonTargetingControlGuideForHuman_0430 since it is negative ontrol genes. 
INFO  @ Fri, 28 Aug 2026 21:03:15:   Suppressing the output of gene NonTargetingControlGuideForHuman_0352 since it is negative ontrol genes. 
INFO  @ Fri, 28 Aug 2026 21:03:15:   Suppressing the output of gene NonTargetingControlGuideForHuman_0653 since it is negative ontrol genes. 
INFO  @ Fri, 28 Aug 2026 21:03:15:   Suppressing the output of gene NonTargetingControlGuideForHuman_0870 since it is negative ontrol genes. 
INFO  @ Fri, 28 Aug 2026 21:03:15:   Suppressing the output of gene NonTargetingControlGuideForHuman_0541 since it is negative ontrol genes. 
INFO  @ Fri, 28 Aug 2026 21:03:15:   Suppressing the output of gene NonTargetingControlGuideForHuman_0775 since it is negative ontrol genes. 
INFO  @ Fri, 28 Aug 2026 21:03:15:   Suppressing the output of gene NonTargetingControlGuideForHuman_0127 since it is negative ontrol genes. 
INFO  @ Fri, 28 Aug 2026 21:03:15:   Suppressing the output of gene NonTargetingControlGuideForHuman_0565 since it is negative ontrol genes. 
INFO  @ Fri, 28 Aug 2026 21:03:15:   Suppressing the output of gene NonTargetingControlGuideForHuman_0257 since it is negative ontrol genes. 
INFO  @ Fri, 28 Aug 2026 21:03:15:   Suppressing the output of gene NonTargetingControlGuideForHuman_0767 since it is negative ontrol genes. 
INFO  @ Fri, 28 Aug 2026 21:03:15:   Suppressing the output of gene NonTargetingControlGuideForHuman_0585 since it is negative ontrol genes. 
INFO  @ Fri, 28 Aug 2026 21:03:15:   Suppressing the output of gene NonTargetingControlGuideForHuman_0867 since it is negative ontrol genes. 
INFO  @ Fri, 28 Aug 2026 21:03:15:   Suppressing the output of gene NonTargetingControlGuideForHuman_0665 since it is negative ontrol genes. 
INFO  @ Fri, 28 Aug 2026 21:03:15:   Suppressing the output of gene NonTargetingControlGuideForHuman_0783 since it is negative ontrol genes. 
INFO  @ Fri, 28 Aug 2026 21:03:15:   Suppressing the output of gene NonTargetingControlGuideForHuman_0595 since it is negative ontrol genes. 
INFO  @ Fri, 28 Aug 2026 21:03:15:   Suppressing the output of gene NonTargetingControlGuideForHuman_0991 since it is negative ontrol genes. 
INFO  @ Fri, 28 Aug 2026 21:03:15:   Suppressing the output of gene NonTargetingControlGuideForHuman_0364 since it is negative ontrol genes. 
INFO  @ Fri, 28 Aug 2026 21:03:15:   Suppressing the output of gene NonTargetingControlGuideForHuman_0989 since it is negative ontrol genes. 
INFO  @ Fri, 28 Aug 2026 21:03:15:   Suppressing the output of gene NonTargetingControlGuideForHuman_0669 since it is negative ontrol genes. 
INFO  @ Fri, 28 Aug 2026 21:03:15:   Suppressing the output of gene NonTargetingControlGuideForHuman_0215 since it is negative ontrol genes. 
INFO  @ Fri, 28 Aug 2026 21:03:15:   Suppressing the output of gene NonTargetingControlGuideForHuman_0179 since it is negative ontrol genes. 
INFO  @ Fri, 28 Aug 2026 21:03:15:   Suppressing the output of gene NonTargetingControlGuideForHuman_0270 since it is negative ontrol genes. 
INFO  @ Fri, 28 Aug 2026 21:03:15:   Suppressing the output of gene NonTargetingControlGuideForHuman_0592 since it is negative ontrol genes. 
INFO  @ Fri, 28 Aug 2026 21:03:15:   Suppressing the output of gene NonTargetingControlGuideForHuman_0927 since it is negative ontrol genes. 
INFO  @ Fri, 28 Aug 2026 21:03:15:   Suppressing the output of gene NonTargetingControlGuideForHuman_0781 since it is negative ontrol genes. 
INFO  @ Fri, 28 Aug 2026 21:03:15:   Suppressing the output of gene NonTargetingControlGuideForHuman_0250 since it is negative ontrol genes. 
INFO  @ Fri, 28 Aug 2026 21:03:15:   Suppressing the output of gene NonTargetingControlGuideForHuman_0487 since it is negative ontrol genes. 
INFO  @ Fri, 28 Aug 2026 21:03:15:   Suppressing the output of gene NonTargetingControlGuideForHuman_0399 since it is negative ontrol genes. 
INFO  @ Fri, 28 Aug 2026 21:03:15:   Suppressing the output of gene NonTargetingControlGuideForHuman_0464 since it is negative ontrol genes. 
INFO  @ Fri, 28 Aug 2026 21:03:15:   Suppressing the output of gene NonTargetingControlGuideForHuman_0033 since it is negative ontrol genes. 
INFO  @ Fri, 28 Aug 2026 21:03:15:   Suppressing the output of gene NonTargetingControlGuideForHuman_0495 since it is negative ontrol genes. 
INFO  @ Fri, 28 Aug 2026 21:03:15:   Suppressing the output of gene NonTargetingControlGuideForHuman_0234 since it is negative ontrol genes. 
INFO  @ Fri, 28 Aug 2026 21:03:15:   Suppressing the output of gene NonTargetingControlGuideForHuman_0658 since it is negative ontrol genes. 
INFO  @ Fri, 28 Aug 2026 21:03:15:   Suppressing the output of gene NonTargetingControlGuideForHuman_0030 since it is negative ontrol genes. 
INFO  @ Fri, 28 Aug 2026 21:03:15:   Suppressing the output of gene NonTargetingControlGuideForHuman_0548 since it is negative ontrol genes. 
INFO  @ Fri, 28 Aug 2026 21:03:15:   Suppressing the output of gene NonTargetingControlGuideForHuman_0915 since it is negative ontrol genes. 
INFO  @ Fri, 28 Aug 2026 21:03:15:   Suppressing the output of gene NonTargetingControlGuideForHuman_0370 since it is negative ontrol genes. 
INFO  @ Fri, 28 Aug 2026 21:03:15:   Suppressing the output of gene NonTargetingControlGuideForHuman_0601 since it is negative ontrol genes. 
INFO  @ Fri, 28 Aug 2026 21:03:15:   Suppressing the output of gene NonTargetingControlGuideForHuman_0880 since it is negative ontrol genes. 
INFO  @ Fri, 28 Aug 2026 21:03:15:   Suppressing the output of gene NonTargetingControlGuideForHuman_0162 since it is negative ontrol genes. 
INFO  @ Fri, 28 Aug 2026 21:03:15:   Suppressing the output of gene NonTargetingControlGuideForHuman_0358 since it is negative ontrol genes. 
INFO  @ Fri, 28 Aug 2026 21:03:15:   Suppressing the output of gene NonTargetingControlGuideForHuman_0034 since it is negative ontrol genes. 
INFO  @ Fri, 28 Aug 2026 21:03:15:   Suppressing the output of gene NonTargetingControlGuideForHuman_0145 since it is negative ontrol genes. 
INFO  @ Fri, 28 Aug 2026 21:03:15:   Suppressing the output of gene NonTargetingControlGuideForHuman_0491 since it is negative ontrol genes. 
INFO  @ Fri, 28 Aug 2026 21:03:15:   Suppressing the output of gene NonTargetingControlGuideForHuman_0182 since it is negative ontrol genes. 
INFO  @ Fri, 28 Aug 2026 21:03:15:   Suppressing the output of gene NonTargetingControlGuideForHuman_0710 since it is negative ontrol genes. 
INFO  @ Fri, 28 Aug 2026 21:03:15:   Suppressing the output of gene NonTargetingControlGuideForHuman_0167 since it is negative ontrol genes. 
INFO  @ Fri, 28 Aug 2026 21:03:15:   Suppressing the output of gene NonTargetingControlGuideForHuman_0943 since it is negative ontrol genes. 
INFO  @ Fri, 28 Aug 2026 21:03:15:   Suppressing the output of gene NonTargetingControlGuideForHuman_0806 since it is negative ontrol genes. 
INFO  @ Fri, 28 Aug 2026 21:03:15:   Suppressing the output of gene NonTargetingControlGuideForHuman_0639 since it is negative ontrol genes. 
INFO  @ Fri, 28 Aug 2026 21:03:15:   Suppressing the output of gene NonTargetingControlGuideForHuman_0966 since it is negative ontrol genes. 
INFO  @ Fri, 28 Aug 2026 21:03:15:   Suppressing the output of gene NonTargetingControlGuideForHuman_0306 since it is negative ontrol genes. 
INFO  @ Fri, 28 Aug 2026 21:03:15:   Suppressing the output of gene NonTargetingControlGuideForHuman_0374 since it is negative ontrol genes. 
INFO  @ Fri, 28 Aug 2026 21:03:15:   Suppressing the output of gene NonTargetingControlGuideForHuman_0646 since it is negative ontrol genes. 
INFO  @ Fri, 28 Aug 2026 21:03:15:   Suppressing the output of gene NonTargetingControlGuideForHuman_0506 since it is negative ontrol genes. 
INFO  @ Fri, 28 Aug 2026 21:03:15:   Suppressing the output of gene NonTargetingControlGuideForHuman_0632 since it is negative ontrol genes. 
INFO  @ Fri, 28 Aug 2026 21:03:15:   Suppressing the output of gene NonTargetingControlGuideForHuman_0394 since it is negative ontrol genes. 
INFO  @ Fri, 28 Aug 2026 21:03:15:   Suppressing the output of gene NonTargetingControlGuideForHuman_0143 since it is negative ontrol genes. 
INFO  @ Fri, 28 Aug 2026 21:03:15:   Suppressing the output of gene NonTargetingControlGuideForHuman_0474 since it is negative ontrol genes. 
INFO  @ Fri, 28 Aug 2026 21:03:15:   Suppressing the output of gene NonTargetingControlGuideForHuman_0815 since it is negative ontrol genes. 
INFO  @ Fri, 28 Aug 2026 21:03:15:   Suppressing the output of gene NonTargetingControlGuideForHuman_0559 since it is negative ontrol genes. 
INFO  @ Fri, 28 Aug 2026 21:03:15:   Suppressing the output of gene NonTargetingControlGuideForHuman_0857 since it is negative ontrol genes. 
INFO  @ Fri, 28 Aug 2026 21:03:15:   Suppressing the output of gene NonTargetingControlGuideForHuman_0424 since it is negative ontrol genes. 
INFO  @ Fri, 28 Aug 2026 21:03:15:   Suppressing the output of gene NonTargetingControlGuideForHuman_0390 since it is negative ontrol genes. 
INFO  @ Fri, 28 Aug 2026 21:03:15:   Suppressing the output of gene NonTargetingControlGuideForHuman_0709 since it is negative ontrol genes. 
INFO  @ Fri, 28 Aug 2026 21:03:15:   Suppressing the output of gene NonTargetingControlGuideForHuman_0334 since it is negative ontrol genes. 
INFO  @ Fri, 28 Aug 2026 21:03:15:   Suppressing the output of gene NonTargetingControlGuideForHuman_0126 since it is negative ontrol genes. 
INFO  @ Fri, 28 Aug 2026 21:03:15:   Suppressing the output of gene NonTargetingControlGuideForHuman_0289 since it is negative ontrol genes. 
INFO  @ Fri, 28 Aug 2026 21:03:15:   Suppressing the output of gene NonTargetingControlGuideForHuman_0836 since it is negative ontrol genes. 
INFO  @ Fri, 28 Aug 2026 21:03:15:   Suppressing the output of gene NonTargetingControlGuideForHuman_0718 since it is negative ontrol genes. 
INFO  @ Fri, 28 Aug 2026 21:03:15:   Suppressing the output of gene NonTargetingControlGuideForHuman_0343 since it is negative ontrol genes. 
INFO  @ Fri, 28 Aug 2026 21:03:15:   Suppressing the output of gene NonTargetingControlGuideForHuman_0369 since it is negative ontrol genes. 
INFO  @ Fri, 28 Aug 2026 21:03:15:   Suppressing the output of gene NonTargetingControlGuideForHuman_0686 since it is negative ontrol genes. 
INFO  @ Fri, 28 Aug 2026 21:03:15:   Suppressing the output of gene NonTargetingControlGuideForHuman_0636 since it is negative ontrol genes. 
INFO  @ Fri, 28 Aug 2026 21:03:15:   Suppressing the output of gene NonTargetingControlGuideForHuman_0868 since it is negative ontrol genes. 
INFO  @ Fri, 28 Aug 2026 21:03:15:   Suppressing the output of gene NonTargetingControlGuideForHuman_0164 since it is negative ontrol genes. 
INFO  @ Fri, 28 Aug 2026 21:03:15:   Suppressing the output of gene NonTargetingControlGuideForHuman_0965 since it is negative ontrol genes. 
INFO  @ Fri, 28 Aug 2026 21:03:15:   Suppressing the output of gene NonTargetingControlGuideForHuman_0919 since it is negative ontrol genes. 
INFO  @ Fri, 28 Aug 2026 21:03:15:   Suppressing the output of gene NonTargetingControlGuideForHuman_0602 since it is negative ontrol genes. 
INFO  @ Fri, 28 Aug 2026 21:03:15:   Suppressing the output of gene NonTargetingControlGuideForHuman_0780 since it is negative ontrol genes. 
INFO  @ Fri, 28 Aug 2026 21:03:15:   Suppressing the output of gene NonTargetingControlGuideForHuman_0892 since it is negative ontrol genes. 
INFO  @ Fri, 28 Aug 2026 21:03:15:   Suppressing the output of gene NonTargetingControlGuideForHuman_0099 since it is negative ontrol genes. 
INFO  @ Fri, 28 Aug 2026 21:03:15:   Suppressing the output of gene NonTargetingControlGuideForHuman_0807 since it is negative ontrol genes. 
INFO  @ Fri, 28 Aug 2026 21:03:15:   Suppressing the output of gene NonTargetingControlGuideForHuman_0578 since it is negative ontrol genes. 
INFO  @ Fri, 28 Aug 2026 21:03:15:   Suppressing the output of gene NonTargetingControlGuideForHuman_0863 since it is negative ontrol genes. 
INFO  @ Fri, 28 Aug 2026 21:03:15:   Suppressing the output of gene NonTargetingControlGuideForHuman_0946 since it is negative ontrol genes. 
INFO  @ Fri, 28 Aug 2026 21:03:15:   Suppressing the output of gene NonTargetingControlGuideForHuman_0384 since it is negative ontrol genes. 
INFO  @ Fri, 28 Aug 2026 21:03:15:   Suppressing the output of gene NonTargetingControlGuideForHuman_0707 since it is negative ontrol genes. 
INFO  @ Fri, 28 Aug 2026 21:03:15:   Suppressing the output of gene NonTargetingControlGuideForHuman_0298 since it is negative ontrol genes. 
INFO  @ Fri, 28 Aug 2026 21:03:15:   Suppressing the output of gene NonTargetingControlGuideForHuman_0405 since it is negative ontrol genes. 
INFO  @ Fri, 28 Aug 2026 21:03:15:   Suppressing the output of gene NonTargetingControlGuideForHuman_0492 since it is negative ontrol genes. 
INFO  @ Fri, 28 Aug 2026 21:03:15:   Suppressing the output of gene NonTargetingControlGuideForHuman_0123 since it is negative ontrol genes. 
INFO  @ Fri, 28 Aug 2026 21:03:15:   Suppressing the output of gene NonTargetingControlGuideForHuman_0469 since it is negative ontrol genes. 
INFO  @ Fri, 28 Aug 2026 21:03:15:   Suppressing the output of gene NonTargetingControlGuideForHuman_0739 since it is negative ontrol genes. 
INFO  @ Fri, 28 Aug 2026 21:03:15:   Suppressing the output of gene NonTargetingControlGuideForHuman_0959 since it is negative ontrol genes. 
INFO  @ Fri, 28 Aug 2026 21:03:15:   Suppressing the output of gene NonTargetingControlGuideForHuman_0519 since it is negative ontrol genes. 
INFO  @ Fri, 28 Aug 2026 21:03:15:   Suppressing the output of gene NonTargetingControlGuideForHuman_0505 since it is negative ontrol genes. 
INFO  @ Fri, 28 Aug 2026 21:03:15:   Suppressing the output of gene NonTargetingControlGuideForHuman_0684 since it is negative ontrol genes. 
INFO  @ Fri, 28 Aug 2026 21:03:15:   Suppressing the output of gene NonTargetingControlGuideForHuman_0022 since it is negative ontrol genes. 
INFO  @ Fri, 28 Aug 2026 21:03:15:   Suppressing the output of gene NonTargetingControlGuideForHuman_0220 since it is negative ontrol genes. 
INFO  @ Fri, 28 Aug 2026 21:03:15:   Suppressing the output of gene NonTargetingControlGuideForHuman_0312 since it is negative ontrol genes. 
INFO  @ Fri, 28 Aug 2026 21:03:15:   Suppressing the output of gene NonTargetingControlGuideForHuman_0860 since it is negative ontrol genes. 
INFO  @ Fri, 28 Aug 2026 21:03:15:   Suppressing the output of gene NonTargetingControlGuideForHuman_0901 since it is negative ontrol genes. 
INFO  @ Fri, 28 Aug 2026 21:03:15:   Suppressing the output of gene NonTargetingControlGuideForHuman_0119 since it is negative ontrol genes. 
INFO  @ Fri, 28 Aug 2026 21:03:15:   Suppressing the output of gene NonTargetingControlGuideForHuman_0198 since it is negative ontrol genes. 
INFO  @ Fri, 28 Aug 2026 21:03:15:   Suppressing the output of gene NonTargetingControlGuideForHuman_0881 since it is negative ontrol genes. 
INFO  @ Fri, 28 Aug 2026 21:03:15:   Suppressing the output of gene NonTargetingControlGuideForHuman_0835 since it is negative ontrol genes. 
INFO  @ Fri, 28 Aug 2026 21:03:15:   Suppressing the output of gene NonTargetingControlGuideForHuman_0826 since it is negative ontrol genes. 
INFO  @ Fri, 28 Aug 2026 21:03:15:   Suppressing the output of gene NonTargetingControlGuideForHuman_0728 since it is negative ontrol genes. 
INFO  @ Fri, 28 Aug 2026 21:03:15:   Suppressing the output of gene NonTargetingControlGuideForHuman_0582 since it is negative ontrol genes. 
INFO  @ Fri, 28 Aug 2026 21:03:15:   Suppressing the output of gene NonTargetingControlGuideForHuman_0012 since it is negative ontrol genes. 
INFO  @ Fri, 28 Aug 2026 21:03:15:   Suppressing the output of gene NonTargetingControlGuideForHuman_0796 since it is negative ontrol genes. 
INFO  @ Fri, 28 Aug 2026 21:03:15:   Suppressing the output of gene NonTargetingControlGuideForHuman_0075 since it is negative ontrol genes. 
INFO  @ Fri, 28 Aug 2026 21:03:15:   Suppressing the output of gene NonTargetingControlGuideForHuman_0500 since it is negative ontrol genes. 
INFO  @ Fri, 28 Aug 2026 21:03:15:   Suppressing the output of gene NonTargetingControlGuideForHuman_0566 since it is negative ontrol genes. 
INFO  @ Fri, 28 Aug 2026 21:03:15:   Suppressing the output of gene NonTargetingControlGuideForHuman_0236 since it is negative ontrol genes. 
INFO  @ Fri, 28 Aug 2026 21:03:15:   Suppressing the output of gene NonTargetingControlGuideForHuman_0542 since it is negative ontrol genes. 
INFO  @ Fri, 28 Aug 2026 21:03:15:   Suppressing the output of gene NonTargetingControlGuideForHuman_0097 since it is negative ontrol genes. 
INFO  @ Fri, 28 Aug 2026 21:03:15:   Suppressing the output of gene NonTargetingControlGuideForHuman_0979 since it is negative ontrol genes. 
INFO  @ Fri, 28 Aug 2026 21:03:15:   Suppressing the output of gene NonTargetingControlGuideForHuman_0874 since it is negative ontrol genes. 
INFO  @ Fri, 28 Aug 2026 21:03:15:   Suppressing the output of gene NonTargetingControlGuideForHuman_0859 since it is negative ontrol genes. 
INFO  @ Fri, 28 Aug 2026 21:03:15:   Suppressing the output of gene NonTargetingControlGuideForHuman_0968 since it is negative ontrol genes. 
INFO  @ Fri, 28 Aug 2026 21:03:15:   Suppressing the output of gene NonTargetingControlGuideForHuman_0448 since it is negative ontrol genes. 
INFO  @ Fri, 28 Aug 2026 21:03:15:   Suppressing the output of gene NonTargetingControlGuideForHuman_0845 since it is negative ontrol genes. 
INFO  @ Fri, 28 Aug 2026 21:03:15:   Suppressing the output of gene NonTargetingControlGuideForHuman_0838 since it is negative ontrol genes. 
INFO  @ Fri, 28 Aug 2026 21:03:15:   Suppressing the output of gene NonTargetingControlGuideForHuman_0869 since it is negative ontrol genes. 
INFO  @ Fri, 28 Aug 2026 21:03:15:   Suppressing the output of gene NonTargetingControlGuideForHuman_0204 since it is negative ontrol genes. 
INFO  @ Fri, 28 Aug 2026 21:03:15:   Suppressing the output of gene NonTargetingControlGuideForHuman_0149 since it is negative ontrol genes. 
INFO  @ Fri, 28 Aug 2026 21:03:15:   Suppressing the output of gene NonTargetingControlGuideForHuman_0049 since it is negative ontrol genes. 
INFO  @ Fri, 28 Aug 2026 21:03:15:   Suppressing the output of gene NonTargetingControlGuideForHuman_0616 since it is negative ontrol genes. 
INFO  @ Fri, 28 Aug 2026 21:03:15:   Suppressing the output of gene NonTargetingControlGuideForHuman_0021 since it is negative ontrol genes. 
INFO  @ Fri, 28 Aug 2026 21:03:15:   Suppressing the output of gene NonTargetingControlGuideForHuman_0233 since it is negative ontrol genes. 
INFO  @ Fri, 28 Aug 2026 21:03:15:   Suppressing the output of gene NonTargetingControlGuideForHuman_0696 since it is negative ontrol genes. 
INFO  @ Fri, 28 Aug 2026 21:03:15:   Suppressing the output of gene NonTargetingControlGuideForHuman_0296 since it is negative ontrol genes. 
INFO  @ Fri, 28 Aug 2026 21:03:15:   Suppressing the output of gene NonTargetingControlGuideForHuman_0550 since it is negative ontrol genes. 
INFO  @ Fri, 28 Aug 2026 21:03:15:   Suppressing the output of gene NonTargetingControlGuideForHuman_0435 since it is negative ontrol genes. 
INFO  @ Fri, 28 Aug 2026 21:03:15:   Suppressing the output of gene NonTargetingControlGuideForHuman_0574 since it is negative ontrol genes. 
INFO  @ Fri, 28 Aug 2026 21:03:15:   Suppressing the output of gene NonTargetingControlGuideForHuman_0664 since it is negative ontrol genes. 
INFO  @ Fri, 28 Aug 2026 21:03:15:   Suppressing the output of gene NonTargetingControlGuideForHuman_0832 since it is negative ontrol genes. 
INFO  @ Fri, 28 Aug 2026 21:03:15:   Suppressing the output of gene NonTargetingControlGuideForHuman_0537 since it is negative ontrol genes. 
INFO  @ Fri, 28 Aug 2026 21:03:15:   Suppressing the output of gene NonTargetingControlGuideForHuman_0740 since it is negative ontrol genes. 
INFO  @ Fri, 28 Aug 2026 21:03:15:   Suppressing the output of gene NonTargetingControlGuideForHuman_0139 since it is negative ontrol genes. 
INFO  @ Fri, 28 Aug 2026 21:03:15:   Suppressing the output of gene NonTargetingControlGuideForHuman_0005 since it is negative ontrol genes. 
INFO  @ Fri, 28 Aug 2026 21:03:15:   Suppressing the output of gene NonTargetingControlGuideForHuman_0810 since it is negative ontrol genes. 
INFO  @ Fri, 28 Aug 2026 21:03:15:   Suppressing the output of gene NonTargetingControlGuideForHuman_0037 since it is negative ontrol genes. 
INFO  @ Fri, 28 Aug 2026 21:03:15:   Suppressing the output of gene NonTargetingControlGuideForHuman_0888 since it is negative ontrol genes. 
INFO  @ Fri, 28 Aug 2026 21:03:15:   Suppressing the output of gene NonTargetingControlGuideForHuman_0587 since it is negative ontrol genes. 
INFO  @ Fri, 28 Aug 2026 21:03:15:   Suppressing the output of gene NonTargetingControlGuideForHuman_0414 since it is negative ontrol genes. 
INFO  @ Fri, 28 Aug 2026 21:03:15:   Suppressing the output of gene NonTargetingControlGuideForHuman_0216 since it is negative ontrol genes. 
INFO  @ Fri, 28 Aug 2026 21:03:15:   Suppressing the output of gene NonTargetingControlGuideForHuman_0132 since it is negative ontrol genes. 
INFO  @ Fri, 28 Aug 2026 21:03:15:   Suppressing the output of gene NonTargetingControlGuideForHuman_0133 since it is negative ontrol genes. 
INFO  @ Fri, 28 Aug 2026 21:03:15:   Suppressing the output of gene NonTargetingControlGuideForHuman_0450 since it is negative ontrol genes. 
INFO  @ Fri, 28 Aug 2026 21:03:15:   Suppressing the output of gene NonTargetingControlGuideForHuman_0036 since it is negative ontrol genes. 
INFO  @ Fri, 28 Aug 2026 21:03:15:   Suppressing the output of gene NonTargetingControlGuideForHuman_0967 since it is negative ontrol genes. 
INFO  @ Fri, 28 Aug 2026 21:03:15:   Suppressing the output of gene NonTargetingControlGuideForHuman_0898 since it is negative ontrol genes. 
INFO  @ Fri, 28 Aug 2026 21:03:15:   Suppressing the output of gene NonTargetingControlGuideForHuman_0711 since it is negative ontrol genes. 
INFO  @ Fri, 28 Aug 2026 21:03:15:   Suppressing the output of gene NonTargetingControlGuideForHuman_0255 since it is negative ontrol genes. 
INFO  @ Fri, 28 Aug 2026 21:03:15:   Suppressing the output of gene NonTargetingControlGuideForHuman_0676 since it is negative ontrol genes. 
INFO  @ Fri, 28 Aug 2026 21:03:15:   Suppressing the output of gene NonTargetingControlGuideForHuman_0031 since it is negative ontrol genes. 
INFO  @ Fri, 28 Aug 2026 21:03:15:   Suppressing the output of gene NonTargetingControlGuideForHuman_0999 since it is negative ontrol genes. 
INFO  @ Fri, 28 Aug 2026 21:03:15:   Suppressing the output of gene NonTargetingControlGuideForHuman_0516 since it is negative ontrol genes. 
INFO  @ Fri, 28 Aug 2026 21:03:15:   Suppressing the output of gene NonTargetingControlGuideForHuman_0305 since it is negative ontrol genes. 
INFO  @ Fri, 28 Aug 2026 21:03:15:   Suppressing the output of gene NonTargetingControlGuideForHuman_0840 since it is negative ontrol genes. 
INFO  @ Fri, 28 Aug 2026 21:03:15:   Suppressing the output of gene NonTargetingControlGuideForHuman_0157 since it is negative ontrol genes. 
INFO  @ Fri, 28 Aug 2026 21:03:15:   Suppressing the output of gene NonTargetingControlGuideForHuman_0105 since it is negative ontrol genes. 
INFO  @ Fri, 28 Aug 2026 21:03:15:   Suppressing the output of gene NonTargetingControlGuideForHuman_0290 since it is negative ontrol genes. 
INFO  @ Fri, 28 Aug 2026 21:03:15:   Suppressing the output of gene NonTargetingControlGuideForHuman_0802 since it is negative ontrol genes. 
INFO  @ Fri, 28 Aug 2026 21:03:15:   Suppressing the output of gene NonTargetingControlGuideForHuman_0954 since it is negative ontrol genes. 
INFO  @ Fri, 28 Aug 2026 21:03:15:   Suppressing the output of gene NonTargetingControlGuideForHuman_0528 since it is negative ontrol genes. 
INFO  @ Fri, 28 Aug 2026 21:03:15:   Suppressing the output of gene NonTargetingControlGuideForHuman_0604 since it is negative ontrol genes. 
INFO  @ Fri, 28 Aug 2026 21:03:15:   Suppressing the output of gene NonTargetingControlGuideForHuman_0677 since it is negative ontrol genes. 
INFO  @ Fri, 28 Aug 2026 21:03:15:   Suppressing the output of gene NonTargetingControlGuideForHuman_0671 since it is negative ontrol genes. 
INFO  @ Fri, 28 Aug 2026 21:03:15:   Suppressing the output of gene NonTargetingControlGuideForHuman_0245 since it is negative ontrol genes. 
INFO  @ Fri, 28 Aug 2026 21:03:15:   Suppressing the output of gene NonTargetingControlGuideForHuman_0866 since it is negative ontrol genes. 
INFO  @ Fri, 28 Aug 2026 21:03:15:   Suppressing the output of gene NonTargetingControlGuideForHuman_0291 since it is negative ontrol genes. 
INFO  @ Fri, 28 Aug 2026 21:03:15:   Suppressing the output of gene NonTargetingControlGuideForHuman_0286 since it is negative ontrol genes. 
INFO  @ Fri, 28 Aug 2026 21:03:15:   Suppressing the output of gene NonTargetingControlGuideForHuman_0974 since it is negative ontrol genes. 
INFO  @ Fri, 28 Aug 2026 21:03:15:   Suppressing the output of gene NonTargetingControlGuideForHuman_0263 since it is negative ontrol genes. 
INFO  @ Fri, 28 Aug 2026 21:03:15:   Suppressing the output of gene NonTargetingControlGuideForHuman_0958 since it is negative ontrol genes. 
INFO  @ Fri, 28 Aug 2026 21:03:15:   Suppressing the output of gene NonTargetingControlGuideForHuman_0387 since it is negative ontrol genes. 
INFO  @ Fri, 28 Aug 2026 21:03:15:   Suppressing the output of gene NonTargetingControlGuideForHuman_0598 since it is negative ontrol genes. 
INFO  @ Fri, 28 Aug 2026 21:03:15:   Suppressing the output of gene NonTargetingControlGuideForHuman_0420 since it is negative ontrol genes. 
INFO  @ Fri, 28 Aug 2026 21:03:15:   Suppressing the output of gene NonTargetingControlGuideForHuman_0973 since it is negative ontrol genes. 
INFO  @ Fri, 28 Aug 2026 21:03:15:   Suppressing the output of gene NonTargetingControlGuideForHuman_0570 since it is negative ontrol genes. 
INFO  @ Fri, 28 Aug 2026 21:03:15:   Suppressing the output of gene NonTargetingControlGuideForHuman_0413 since it is negative ontrol genes. 
INFO  @ Fri, 28 Aug 2026 21:03:15:   Suppressing the output of gene NonTargetingControlGuideForHuman_0061 since it is negative ontrol genes. 
INFO  @ Fri, 28 Aug 2026 21:03:15:   Suppressing the output of gene NonTargetingControlGuideForHuman_0699 since it is negative ontrol genes. 
INFO  @ Fri, 28 Aug 2026 21:03:15:   Suppressing the output of gene NonTargetingControlGuideForHuman_0847 since it is negative ontrol genes. 
INFO  @ Fri, 28 Aug 2026 21:03:15:   Suppressing the output of gene NonTargetingControlGuideForHuman_0560 since it is negative ontrol genes. 
INFO  @ Fri, 28 Aug 2026 21:03:15:   Suppressing the output of gene NonTargetingControlGuideForHuman_0202 since it is negative ontrol genes. 
INFO  @ Fri, 28 Aug 2026 21:03:15:   Suppressing the output of gene NonTargetingControlGuideForHuman_0529 since it is negative ontrol genes. 
INFO  @ Fri, 28 Aug 2026 21:03:15:   Suppressing the output of gene NonTargetingControlGuideForHuman_0393 since it is negative ontrol genes. 
INFO  @ Fri, 28 Aug 2026 21:03:15:   Suppressing the output of gene NonTargetingControlGuideForHuman_0389 since it is negative ontrol genes. 
INFO  @ Fri, 28 Aug 2026 21:03:15:   Suppressing the output of gene NonTargetingControlGuideForHuman_0314 since it is negative ontrol genes. 
INFO  @ Fri, 28 Aug 2026 21:03:15:   Suppressing the output of gene NonTargetingControlGuideForHuman_0445 since it is negative ontrol genes. 
INFO  @ Fri, 28 Aug 2026 21:03:15:   Suppressing the output of gene NonTargetingControlGuideForHuman_0834 since it is negative ontrol genes. 
INFO  @ Fri, 28 Aug 2026 21:03:15:   Suppressing the output of gene NonTargetingControlGuideForHuman_0320 since it is negative ontrol genes. 
INFO  @ Fri, 28 Aug 2026 21:03:15:   Suppressing the output of gene NonTargetingControlGuideForHuman_0656 since it is negative ontrol genes. 
INFO  @ Fri, 28 Aug 2026 21:03:15:   Suppressing the output of gene NonTargetingControlGuideForHuman_0217 since it is negative ontrol genes. 
INFO  @ Fri, 28 Aug 2026 21:03:15:   Suppressing the output of gene NonTargetingControlGuideForHuman_0251 since it is negative ontrol genes. 
INFO  @ Fri, 28 Aug 2026 21:03:15:   Suppressing the output of gene NonTargetingControlGuideForHuman_0627 since it is negative ontrol genes. 
INFO  @ Fri, 28 Aug 2026 21:03:15:   Suppressing the output of gene NonTargetingControlGuideForHuman_0434 since it is negative ontrol genes. 
INFO  @ Fri, 28 Aug 2026 21:03:15:   Suppressing the output of gene NonTargetingControlGuideForHuman_0705 since it is negative ontrol genes. 
INFO  @ Fri, 28 Aug 2026 21:03:15:   Suppressing the output of gene NonTargetingControlGuideForHuman_0593 since it is negative ontrol genes. 
INFO  @ Fri, 28 Aug 2026 21:03:15:   Suppressing the output of gene NonTargetingControlGuideForHuman_0197 since it is negative ontrol genes. 
INFO  @ Fri, 28 Aug 2026 21:03:15:   Suppressing the output of gene NonTargetingControlGuideForHuman_0655 since it is negative ontrol genes. 
INFO  @ Fri, 28 Aug 2026 21:03:15:   Suppressing the output of gene NonTargetingControlGuideForHuman_0956 since it is negative ontrol genes. 
INFO  @ Fri, 28 Aug 2026 21:03:15:   Suppressing the output of gene NonTargetingControlGuideForHuman_0630 since it is negative ontrol genes. 
INFO  @ Fri, 28 Aug 2026 21:03:15:   Suppressing the output of gene NonTargetingControlGuideForHuman_0579 since it is negative ontrol genes. 
INFO  @ Fri, 28 Aug 2026 21:03:15:   Suppressing the output of gene NonTargetingControlGuideForHuman_0325 since it is negative ontrol genes. 
INFO  @ Fri, 28 Aug 2026 21:03:15:   Suppressing the output of gene NonTargetingControlGuideForHuman_0423 since it is negative ontrol genes. 
INFO  @ Fri, 28 Aug 2026 21:03:15:   Suppressing the output of gene NonTargetingControlGuideForHuman_0442 since it is negative ontrol genes. 
INFO  @ Fri, 28 Aug 2026 21:03:15:   Suppressing the output of gene NonTargetingControlGuideForHuman_0223 since it is negative ontrol genes. 
INFO  @ Fri, 28 Aug 2026 21:03:15:   Suppressing the output of gene NonTargetingControlGuideForHuman_0388 since it is negative ontrol genes. 
INFO  @ Fri, 28 Aug 2026 21:03:15:   Suppressing the output of gene NonTargetingControlGuideForHuman_0702 since it is negative ontrol genes. 
INFO  @ Fri, 28 Aug 2026 21:03:15:   Suppressing the output of gene NonTargetingControlGuideForHuman_0730 since it is negative ontrol genes. 
INFO  @ Fri, 28 Aug 2026 21:03:15:   Suppressing the output of gene NonTargetingControlGuideForHuman_0070 since it is negative ontrol genes. 
INFO  @ Fri, 28 Aug 2026 21:03:15:   Suppressing the output of gene NonTargetingControlGuideForHuman_0150 since it is negative ontrol genes. 
INFO  @ Fri, 28 Aug 2026 21:03:15:   Suppressing the output of gene NonTargetingControlGuideForHuman_0813 since it is negative ontrol genes. 
INFO  @ Fri, 28 Aug 2026 21:03:15:   Suppressing the output of gene NonTargetingControlGuideForHuman_0174 since it is negative ontrol genes. 
INFO  @ Fri, 28 Aug 2026 21:03:15:   Suppressing the output of gene NonTargetingControlGuideForHuman_0916 since it is negative ontrol genes. 
INFO  @ Fri, 28 Aug 2026 21:03:15:   Suppressing the output of gene NonTargetingControlGuideForHuman_0146 since it is negative ontrol genes. 
INFO  @ Fri, 28 Aug 2026 21:03:15:   Suppressing the output of gene NonTargetingControlGuideForHuman_0480 since it is negative ontrol genes. 
INFO  @ Fri, 28 Aug 2026 21:03:15:   Suppressing the output of gene NonTargetingControlGuideForHuman_0576 since it is negative ontrol genes. 
INFO  @ Fri, 28 Aug 2026 21:03:15:   Suppressing the output of gene NonTargetingControlGuideForHuman_0564 since it is negative ontrol genes. 
INFO  @ Fri, 28 Aug 2026 21:03:15:   Suppressing the output of gene NonTargetingControlGuideForHuman_0752 since it is negative ontrol genes. 
INFO  @ Fri, 28 Aug 2026 21:03:15:   Suppressing the output of gene NonTargetingControlGuideForHuman_0712 since it is negative ontrol genes. 
INFO  @ Fri, 28 Aug 2026 21:03:15:   Suppressing the output of gene NonTargetingControlGuideForHuman_0713 since it is negative ontrol genes. 
INFO  @ Fri, 28 Aug 2026 21:03:15:   Suppressing the output of gene NonTargetingControlGuideForHuman_0735 since it is negative ontrol genes. 
INFO  @ Fri, 28 Aug 2026 21:03:15:   RRA completed. 
INFO  @ Fri, 28 Aug 2026 21:03:15:   Groups deletion complete. 
INFO  @ Fri, 28 Aug 2026 21:03:15:   Lists deletion complete. 
INFO  @ Fri, 28 Aug 2026 21:03:15:   ControlSeqPercentile deletion complete. 
INFO  @ Fri, 28 Aug 2026 21:03:15:    
INFO  @ Fri, 28 Aug 2026 21:03:15: End command message. 
DEBUG @ Fri, 28 Aug 2026 21:03:15: Sorting the merged items by negative selection... 
INFO  @ Fri, 28 Aug 2026 21:03:16: Loading top 10 genes from low_rra_ctrlnorm.gene.low.txt: IFNGR2,JAK1,ZNF474,SEC62,CYP8B1,IRF1,STAT1,DAZAP1,B3GNT6,HLA-E 
DEBUG @ Fri, 28 Aug 2026 21:03:16: Column index:3 
INFO  @ Fri, 28 Aug 2026 21:03:16: Loading top 10 genes from low_rra_ctrlnorm.gene.high.txt: NCR3LG1,MRPL41,ANGPTL2,DISP2,HHEX,AMOTL2,WDR70,PDS5A,PSMD6,MCTP1 
DEBUG @ Fri, 28 Aug 2026 21:03:16: Column index:9 
INFO  @ Fri, 28 Aug 2026 21:03:16: Running command: rm low_rra_ctrlnorm.plow.txt 
INFO  @ Fri, 28 Aug 2026 21:03:16: Running command: rm low_rra_ctrlnorm.phigh.txt 
INFO  @ Fri, 28 Aug 2026 21:03:16: Running command: rm low_rra_ctrlnorm.gene.low.txt 
INFO  @ Fri, 28 Aug 2026 21:03:16: Running command: rm low_rra_ctrlnorm.gene.high.txt 
